ts_lab,day,clinker_source,blaine_fineness_cm2g,residue_45um_pct,strength_3d_MPa,strength_28d_MPa,cement_temperature_C,defect_grade
2025-10-01 01:44:50,1.1,A,3789.0,4.99,18.56,41.87,122.0,A
2025-10-01 02:19:50,1.1,A,3790.0,4.18,18.53,43.32,119.3,A
2025-10-01 05:32:10,1.2,A,3829.0,4.39,19.12,44.0,112.1,A
2025-10-01 09:57:40,1.4,A,3743.0,4.19,18.85,41.81,119.1,A
2025-10-01 10:48:20,1.4,A,3811.0,3.57,18.14,43.61,119.9,A
2025-10-01 12:35:10,1.5,A,3691.0,4.05,18.77,42.66,118.8,A
2025-10-01 14:06:50,1.6,A,3764.0,3.59,19.01,43.09,120.6,A
2025-10-01 19:42:40,1.8,A,3750.0,4.32,18.75,42.32,119.2,A
2025-10-01 19:56:30,1.8,A,3794.0,3.75,18.25,43.85,122.6,A
2025-10-02 00:54:00,2.0,A,3758.0,4.46,18.91,41.79,118.0,A
2025-10-02 01:57:30,2.1,A,3820.0,4.27,19.14,42.54,117.8,A
2025-10-02 05:41:00,2.2,A,3823.0,4.42,18.54,43.52,115.5,A
2025-10-02 09:09:20,2.4,A,3781.0,4.03,18.75,43.0,122.3,A
2025-10-02 11:05:10,2.4,A,3750.0,3.07,18.8,44.37,117.5,A
2025-10-02 14:48:20,2.6,A,3782.0,4.24,18.47,43.56,120.7,A
2025-10-02 17:21:10,2.7,A,3842.0,4.74,18.5,42.91,120.7,A
2025-10-02 17:41:20,2.7,A,3732.0,4.33,19.41,42.88,117.0,A
2025-10-02 22:49:50,2.9,A,3729.0,4.56,19.03,43.57,116.3,A
2025-10-03 00:51:10,3.0,A,3806.0,3.6,19.66,42.84,119.1,A
2025-10-03 01:27:40,3.0,A,3770.0,4.7,18.67,43.71,115.2,A
2025-10-03 03:42:30,3.1,A,3757.0,4.57,18.89,42.71,117.5,A
2025-10-03 08:35:50,3.3,A,3728.0,4.16,18.64,42.92,116.5,A
2025-10-03 10:04:40,3.4,A,3781.0,5.19,18.89,44.69,114.4,A
2025-10-03 17:46:40,3.7,A,3728.0,5.31,18.78,42.48,116.2,A
2025-10-03 18:00:30,3.7,A,3779.0,2.82,18.76,40.79,110.7,A
2025-10-03 19:16:30,3.7,A,3811.0,4.48,18.74,42.54,116.2,A
2025-10-03 20:52:50,3.8,A,3769.0,4.07,19.37,44.15,118.1,A
2025-10-03 23:38:50,3.9,A,3805.0,5.16,18.47,42.66,113.1,A
2025-10-04 05:03:00,4.1,A,3802.0,4.07,18.59,42.11,108.8,A
2025-10-04 07:40:00,4.3,A,3848.0,4.04,18.45,43.23,112.7,A
2025-10-04 12:00:00,4.4,A,3734.0,4.86,17.17,43.09,115.7,A
2025-10-04 12:04:40,4.4,A,3740.0,4.17,18.39,43.9,112.1,A
2025-10-04 13:59:40,4.5,A,3725.0,4.83,18.43,44.39,111.5,A
2025-10-04 22:05:00,4.8,A,3593.0,4.82,18.72,42.58,114.1,A
2025-10-05 00:50:00,5.0,A,3820.0,5.29,16.93,42.86,112.1,A
2025-10-05 05:47:10,5.2,A,3769.0,3.99,18.79,41.98,108.2,A
2025-10-05 09:30:00,5.3,A,3787.0,5.77,19.13,42.79,107.3,A
2025-10-05 09:42:20,5.3,A,3675.0,6.95,18.85,42.37,110.4,A
2025-10-05 13:33:30,5.5,A,3818.0,5.77,19.26,43.52,110.7,A
2025-10-05 16:14:00,5.6,A,3795.0,4.55,18.2,43.26,115.9,A
2025-10-05 20:21:40,5.8,A,3814.0,4.35,18.44,42.96,114.0,A
2025-10-05 22:20:10,5.8,A,3769.0,5.0,16.83,43.7,114.8,A
2025-10-05 23:16:00,5.9,A,3737.0,5.32,18.64,42.85,111.8,A
2025-10-06 03:33:30,6.0,A,3721.0,4.62,19.34,42.94,118.8,A
2025-10-06 03:39:30,6.1,A,3771.0,4.81,19.0,43.13,105.9,A
2025-10-06 05:37:20,6.1,A,3789.0,5.71,18.71,43.04,113.6,A
2025-10-06 05:39:20,6.1,A,3805.0,3.74,18.63,42.67,119.0,A
2025-10-06 08:44:40,6.3,A,3791.0,5.2,18.22,43.05,112.2,A
2025-10-06 12:18:10,6.4,A,3720.0,4.35,18.65,42.52,112.2,A
2025-10-06 15:09:30,6.5,A,3742.0,4.03,18.66,42.67,114.7,A
2025-10-06 16:45:30,6.6,A,3851.0,4.72,18.46,43.41,115.3,A
2025-10-06 17:39:40,6.6,A,3750.0,4.57,17.37,42.35,116.6,A
2025-10-06 19:27:20,6.7,A,3666.0,5.11,17.57,42.51,113.9,A
2025-10-06 20:06:00,6.7,A,3742.0,4.76,19.47,42.98,115.2,A
2025-10-07 02:08:10,7.0,A,3765.0,4.75,18.72,43.4,107.4,A
2025-10-07 05:51:20,7.1,A,3768.0,4.35,18.74,43.02,115.2,A
2025-10-07 12:32:30,7.4,A,3794.0,4.5,18.73,42.32,113.4,A
2025-10-07 13:13:40,7.4,A,3848.0,4.92,18.51,42.24,112.7,A
2025-10-07 16:27:50,7.6,A,3712.0,4.63,18.95,42.47,116.9,A
2025-10-07 16:40:00,7.6,A,3775.0,5.0,18.55,42.78,117.3,A
2025-10-08 00:48:10,7.9,A,3761.0,4.49,19.15,41.26,114.8,A
2025-10-08 04:19:10,8.0,A,3736.0,4.82,18.49,42.56,112.1,A
2025-10-08 05:22:00,8.1,A,3810.0,5.39,19.23,43.08,114.9,A
2025-10-08 07:12:30,8.2,A,3759.0,5.61,18.52,42.48,114.1,A
2025-10-08 10:52:20,8.3,A,3677.0,5.09,18.78,43.65,113.4,A
2025-10-08 14:19:40,8.5,A,3869.0,4.27,18.67,41.73,117.3,A
2025-10-08 17:17:30,8.6,B,3746.0,6.36,17.42,41.4,121.8,A
2025-10-08 19:15:00,8.7,B,3711.0,5.96,17.76,42.15,119.8,A
2025-10-09 01:41:40,8.9,B,3732.0,6.99,18.22,42.03,118.9,A
2025-10-09 08:02:50,9.2,B,3701.0,5.74,16.56,41.6,118.0,A
2025-10-09 11:27:10,9.3,B,3647.0,9.61,17.68,38.81,117.5,A
2025-10-09 13:29:30,9.4,B,3787.0,6.29,18.05,41.47,118.0,A
2025-10-09 17:51:00,9.6,B,3652.0,5.52,17.85,41.72,120.5,A
2025-10-09 23:37:40,9.8,B,3678.0,6.15,18.6,42.78,122.2,A
2025-10-09 23:41:40,9.8,B,3697.0,5.56,17.56,41.7,125.0,A
2025-10-10 04:45:30,10.0,B,3728.0,6.17,17.85,41.16,110.9,A
2025-10-10 07:23:10,10.1,B,3706.0,5.78,17.86,42.65,113.1,A
2025-10-10 07:59:40,10.2,B,3643.0,5.33,19.33,41.16,113.8,A
2025-10-10 10:48:00,10.3,B,3761.0,6.37,17.41,41.25,115.1,A
2025-10-10 12:24:30,10.3,B,3734.0,2.04,17.75,41.33,111.2,A
2025-10-10 17:15:40,10.5,B,3404.0,5.78,17.63,41.18,113.9,A
2025-10-10 17:56:00,10.6,B,3487.0,7.2,17.45,41.29,115.8,A
2025-10-11 10:05:30,11.2,B,3673.0,5.59,17.53,40.82,114.3,A
2025-10-11 12:36:10,11.3,B,3730.0,6.63,17.73,40.37,114.9,A
2025-10-11 14:26:10,11.4,B,3715.0,6.26,17.05,41.62,111.1,A
2025-10-11 16:13:30,11.5,B,3746.0,5.98,17.44,40.74,111.9,A
2025-10-11 18:09:20,11.6,B,3724.0,6.16,17.86,40.27,110.9,A
2025-10-12 02:46:00,11.9,B,3704.0,6.25,17.73,41.29,104.2,A
2025-10-12 09:59:20,12.2,B,3697.0,6.31,17.59,39.88,109.9,A
2025-10-12 10:17:30,12.2,B,3704.0,6.07,16.86,41.48,114.8,A
2025-10-12 14:11:20,12.4,B,3551.0,5.99,17.28,41.72,111.0,A
2025-10-12 17:17:00,12.5,B,3639.0,6.05,17.44,41.53,111.8,A
2025-10-12 21:04:40,12.7,B,3547.0,6.39,16.29,42.24,109.4,A
2025-10-12 23:28:20,12.8,B,3728.0,6.28,17.51,40.89,111.8,A
2025-10-13 04:25:10,13.0,B,3642.0,6.48,17.66,39.76,98.2,A
2025-10-13 09:23:00,13.2,B,3689.0,6.48,17.85,41.3,113.4,A
2025-10-13 11:42:00,13.3,B,3595.0,6.08,17.48,41.78,113.3,A
2025-10-13 12:46:40,13.3,B,3697.0,7.16,17.24,40.98,112.8,A
2025-10-13 13:00:30,13.3,B,3847.0,6.77,18.12,41.83,113.1,A
2025-10-14 00:40:30,13.8,B,3699.0,6.22,18.04,41.22,113.8,A
2025-10-14 00:56:40,13.8,B,3689.0,7.71,17.59,41.34,114.1,A
2025-10-14 05:03:00,14.0,B,3718.0,7.02,17.75,41.59,121.0,A
2025-10-14 07:32:40,14.1,B,3701.0,6.31,17.76,41.07,110.2,A
2025-10-14 13:35:50,14.3,B,3680.0,6.43,17.25,41.09,114.5,A
2025-10-14 18:24:40,14.5,B,3817.0,6.58,17.13,40.87,115.0,A
2025-10-15 02:18:00,14.8,B,3709.0,6.62,16.87,41.41,115.3,A
2025-10-15 10:22:50,15.2,A,3727.0,4.98,18.6,41.85,122.9,A
2025-10-15 15:56:50,15.4,A,3740.0,6.03,18.36,42.75,116.5,A
2025-10-15 16:00:30,15.4,A,4193.0,5.83,18.44,41.6,117.0,A
2025-10-15 16:49:40,15.4,A,3758.0,6.0,17.77,42.57,122.6,A
2025-10-15 18:41:20,15.5,A,3738.0,5.21,17.74,40.95,116.3,A
2025-10-15 23:44:50,15.7,A,3796.0,5.4,18.34,42.01,117.3,A
2025-10-16 01:12:50,15.8,A,3683.0,5.9,18.19,42.72,118.3,A
2025-10-16 06:29:10,16.0,A,3662.0,5.57,18.36,41.71,115.5,A
2025-10-16 10:51:40,16.2,A,3613.0,6.04,18.41,41.56,113.6,A
2025-10-16 16:53:00,16.4,A,3704.0,6.48,18.33,42.86,117.6,A
2025-10-16 19:01:00,16.5,A,3719.0,4.39,17.72,40.96,120.1,A
2025-10-17 00:31:50,16.7,A,3652.0,6.19,18.26,41.14,116.3,A
2025-10-17 01:39:50,16.8,A,3730.0,5.8,17.79,41.02,114.3,A
2025-10-17 08:05:30,17.0,A,3676.0,6.12,17.78,41.51,109.7,A
2025-10-17 10:51:40,17.1,A,3691.0,6.15,17.69,42.02,115.4,A
2025-10-17 20:12:00,17.5,A,3655.0,6.05,18.26,42.21,115.2,A
2025-10-17 23:43:00,17.7,A,3665.0,5.96,17.63,42.15,117.3,A
2025-10-18 06:12:00,17.9,A,3632.0,6.3,18.43,41.16,99.9,A
2025-10-18 09:34:20,18.1,A,3794.0,5.87,17.98,41.66,108.6,A
2025-10-18 12:25:10,18.2,A,3673.0,7.78,17.94,41.75,116.8,A
2025-10-18 17:06:00,18.4,A,3791.0,6.33,18.06,41.24,111.7,A
2025-10-18 23:43:30,18.6,A,3724.0,5.93,18.01,42.1,106.4,A
2025-10-19 00:00:40,18.7,A,3739.0,5.6,18.03,42.34,114.8,A
2025-10-19 01:23:10,18.7,A,3686.0,5.58,18.35,42.05,113.5,A
2025-10-19 01:33:00,18.7,A,3684.0,5.93,17.89,41.96,109.6,A
2025-10-19 07:40:10,19.0,A,3609.0,5.62,17.94,42.84,113.2,A
2025-10-19 07:58:50,19.0,A,3702.0,6.15,17.86,41.85,109.2,A
2025-10-19 08:52:30,19.0,A,3703.0,6.04,17.4,41.99,111.8,A
2025-10-19 10:00:40,19.1,A,3718.0,6.31,16.79,41.97,111.5,A
2025-10-19 10:25:20,19.1,A,3663.0,5.88,18.02,41.52,112.7,A
2025-10-19 10:46:10,19.1,A,3664.0,6.13,17.9,42.3,107.8,A
2025-10-19 10:56:00,19.1,A,3719.0,6.23,17.71,37.58,106.2,A
2025-10-19 11:39:10,19.1,A,3685.0,6.46,17.62,42.11,110.6,A
2025-10-19 13:40:10,19.2,A,3549.0,6.02,18.05,41.84,110.0,A
2025-10-19 13:46:30,19.2,A,3697.0,6.37,17.72,41.47,111.0,A
2025-10-19 16:04:40,19.3,A,3696.0,5.8,17.71,42.82,111.6,A
2025-10-19 18:17:50,19.4,A,3629.0,7.62,17.59,41.19,112.2,A
2025-10-19 19:18:40,19.4,A,3651.0,5.8,18.77,42.14,115.4,A
2025-10-20 01:58:50,19.7,A,3751.0,6.56,18.72,41.34,114.6,A
2025-10-20 02:10:50,19.7,A,3684.0,6.14,17.92,41.68,111.5,A
2025-10-20 03:19:30,19.8,A,3639.0,6.34,17.47,41.71,111.2,A
2025-10-20 03:29:50,19.8,A,3630.0,6.28,17.15,41.37,111.5,A
2025-10-20 06:23:50,19.9,A,3621.0,6.74,18.02,39.69,111.5,A
2025-10-20 07:31:00,19.9,A,3711.0,6.7,17.95,39.99,110.2,A
2025-10-20 07:50:10,20.0,A,3714.0,6.13,17.91,41.75,111.1,A
2025-10-20 07:55:40,20.0,A,3595.0,5.97,17.85,42.65,110.5,A
2025-10-20 17:10:50,20.3,A,3744.0,6.48,18.23,41.71,117.9,A
2025-10-20 19:27:50,20.4,A,3650.0,7.09,17.2,41.6,107.7,A
2025-10-21 03:37:30,20.8,A,3703.0,5.74,18.02,42.43,113.9,A
2025-10-21 07:08:10,20.9,A,3687.0,5.94,17.59,41.55,116.2,A
2025-10-21 16:27:40,21.3,A,3723.0,6.96,17.58,40.36,122.7,A
2025-10-21 17:06:50,21.3,A,3610.0,6.05,18.6,42.23,115.5,A
2025-10-21 22:14:10,21.5,A,3699.0,6.22,17.58,41.47,113.7,A
2025-10-22 00:24:30,21.6,A,3709.0,6.02,17.88,44.23,118.7,A
2025-10-22 00:28:30,21.6,A,3721.0,6.55,17.68,41.38,115.9,A
2025-10-22 02:57:10,21.7,A,3663.0,6.63,18.11,41.59,117.8,A
2025-10-22 05:25:30,21.8,A,3741.0,6.97,17.95,41.81,119.5,A
2025-10-22 06:10:10,21.8,A,3631.0,6.33,16.22,41.73,113.3,A
2025-10-22 06:23:50,21.9,A,3718.0,6.88,17.29,38.79,109.1,A
2025-10-22 06:52:40,21.9,A,3641.0,5.72,18.15,40.98,116.6,A
2025-10-22 09:34:50,22.0,A,3683.0,7.18,17.98,41.22,120.6,A
2025-10-22 12:06:50,22.1,A,3684.0,6.91,18.06,41.49,116.1,A
2025-10-22 16:19:40,22.3,A,3685.0,6.63,17.9,42.94,114.4,A
2025-10-22 16:34:00,22.3,A,3704.0,5.96,18.48,41.69,119.4,A
2025-10-22 19:14:40,22.4,A,3605.0,6.23,17.38,40.63,115.7,A
2025-10-22 19:22:40,22.4,A,3597.0,6.92,17.56,41.29,118.2,A
2025-10-22 21:31:00,22.5,A,3701.0,6.65,17.26,40.2,119.2,A
2025-10-22 21:51:10,22.5,A,3706.0,6.08,17.77,41.12,114.2,A
2025-10-23 01:23:10,22.6,A,3717.0,6.23,20.79,43.15,115.8,A
2025-10-23 09:35:00,23.0,A,3533.0,6.7,18.15,43.35,117.4,A
2025-10-23 11:10:10,23.0,A,3658.0,5.11,17.17,41.19,118.0,A
2025-10-23 14:01:50,23.1,A,3683.0,7.58,16.71,41.48,117.1,A
2025-10-23 16:37:30,23.3,A,3676.0,6.36,17.77,40.87,112.8,A
2025-10-23 18:24:40,23.3,A,3647.0,7.02,17.64,41.67,113.2,A
2025-10-24 07:16:50,23.9,A,3484.0,6.02,17.42,41.5,112.9,A
2025-10-24 08:36:50,23.9,A,3706.0,6.93,17.81,40.4,115.7,A
2025-10-24 09:14:20,23.9,A,3721.0,6.85,17.61,41.25,113.3,A
2025-10-24 12:13:00,24.1,A,3674.0,6.73,18.46,40.41,113.2,A
2025-10-24 14:23:20,24.1,A,3802.0,7.03,17.47,42.63,114.0,A
2025-10-24 16:02:20,24.2,A,3693.0,6.72,17.63,42.06,113.4,A
2025-10-25 07:47:10,24.9,B,3656.0,8.12,16.64,38.98,109.6,A
2025-10-25 09:51:30,24.9,B,3557.0,8.13,16.49,40.11,112.5,A
2025-10-25 10:40:10,25.0,B,3707.0,8.46,19.83,40.82,111.5,A
2025-10-25 11:59:00,25.0,B,3571.0,8.19,16.95,39.72,110.8,A
2025-10-25 12:07:20,25.0,B,3594.0,8.2,16.69,39.96,111.4,A
2025-10-25 13:12:50,25.1,B,3679.0,8.07,17.03,37.15,113.4,A
2025-10-25 14:35:40,25.1,B,3650.0,8.31,16.86,40.5,112.3,A
2025-10-25 21:29:10,25.4,B,3637.0,8.25,17.02,39.06,109.6,A
2025-10-25 21:45:50,25.4,B,3614.0,6.81,16.54,40.86,112.0,A
2025-10-26 00:00:50,25.5,B,3616.0,6.52,16.43,41.09,111.6,A
2025-10-26 01:37:40,25.6,B,3634.0,8.11,17.14,40.67,108.8,A
2025-10-26 05:25:30,25.7,B,3681.0,8.68,17.09,39.62,107.8,A
2025-10-26 05:37:20,25.7,B,3608.0,7.56,17.36,39.87,111.6,A
2025-10-26 06:48:40,25.8,B,3805.0,,17.31,40.03,112.3,A
2025-10-26 07:32:10,25.8,B,3591.0,6.88,16.31,39.43,104.1,A
2025-10-26 08:44:30,25.9,B,3552.0,9.52,16.65,39.75,115.9,A
2025-10-26 14:10:40,26.1,B,3626.0,7.95,16.84,40.25,115.1,A
2025-10-26 17:48:10,26.2,B,3697.0,8.03,16.9,39.96,110.6,A
2025-10-27 00:09:20,26.5,B,3592.0,7.95,16.86,40.15,109.5,A
2025-10-27 02:09:50,26.6,B,3588.0,6.47,17.4,39.28,108.3,A
2025-10-27 13:00:00,27.0,B,3587.0,7.67,16.96,40.61,113.8,A
2025-10-27 16:41:10,27.2,B,3531.0,8.79,17.35,39.34,107.2,A
2025-10-27 18:46:40,27.3,B,3634.0,7.92,16.91,40.03,108.4,A
2025-10-27 19:50:40,27.3,B,3743.0,8.35,16.41,40.07,106.3,A
2025-10-28 01:23:30,27.5,B,3646.0,8.59,16.44,39.22,113.5,A
2025-10-28 10:01:00,27.9,B,3646.0,7.65,17.23,39.8,109.3,A
2025-10-28 10:27:50,27.9,B,3566.0,8.06,17.01,39.9,111.9,A
2025-10-28 12:55:20,28.0,B,3604.0,6.7,16.61,40.26,116.5,A
2025-10-28 14:41:00,28.1,B,3601.0,5.73,17.25,43.28,110.3,A
2025-10-28 18:05:10,28.2,B,3529.0,8.05,16.4,40.27,112.0,A
2025-10-28 21:29:50,28.4,B,3617.0,8.44,16.72,40.13,116.1,A
2025-10-29 00:48:50,28.5,B,3652.0,8.06,16.61,40.72,114.9,A
2025-10-29 01:30:10,28.5,B,3596.0,8.55,16.65,39.52,114.2,A
2025-10-29 02:07:30,28.5,B,3617.0,8.34,16.83,39.86,113.2,A
2025-10-29 03:38:50,28.6,B,3666.0,7.6,16.74,39.54,110.8,A
2025-10-29 04:30:10,28.6,B,3654.0,9.12,16.44,40.82,111.5,A
2025-10-29 08:57:00,28.8,B,3555.0,7.8,16.7,40.76,113.6,A
2025-10-29 13:16:20,29.0,B,3605.0,8.29,17.04,40.47,113.7,A
2025-10-29 14:41:50,29.1,B,3614.0,8.69,16.83,39.16,115.3,A
2025-10-29 15:03:20,29.1,B,3537.0,8.92,16.69,40.64,115.1,A
2025-10-29 19:59:10,29.3,B,3600.0,7.33,16.95,39.45,116.9,A
2025-10-29 20:13:00,29.3,B,3552.0,7.33,16.77,40.45,111.3,A
2025-10-29 21:45:40,29.3,B,3595.0,8.47,17.1,43.3,117.9,A
2025-10-30 02:27:10,29.5,B,3792.0,8.12,17.08,39.01,115.6,A
2025-10-30 02:55:30,29.6,B,3610.0,8.24,16.29,40.2,114.7,A
2025-10-30 03:29:20,29.6,B,3596.0,8.41,17.2,40.57,117.6,A
2025-10-30 04:31:20,29.6,B,3543.0,9.18,16.54,39.37,118.9,A
2025-10-30 05:11:40,29.7,B,3576.0,7.89,16.8,39.7,113.2,A
2025-10-30 09:23:50,29.8,B,4094.0,8.45,16.47,38.87,120.4,A
2025-10-30 12:43:40,30.0,B,3679.0,8.68,16.4,38.73,118.2,A
2025-10-30 13:39:00,30.0,B,3547.0,8.25,17.21,40.21,112.4,A
2025-10-30 18:20:40,30.2,B,3582.0,8.61,16.54,40.06,117.2,A
2025-10-30 23:38:40,30.4,B,3698.0,9.6,16.86,40.15,113.2,A
2025-10-31 00:53:30,30.5,B,3605.0,8.26,16.18,38.72,113.1,A
2025-10-31 01:41:30,30.5,B,3371.0,6.79,16.43,39.97,109.7,A
2025-10-31 01:43:40,30.5,B,3568.0,8.93,16.24,39.5,117.7,A
2025-10-31 04:02:10,30.6,B,3629.0,8.21,17.89,39.68,116.0,A
2025-10-31 17:50:50,31.1,A,3654.0,7.56,16.97,40.75,116.5,A
2025-10-31 19:37:20,31.2,A,3605.0,8.01,17.35,40.73,116.5,A
2025-10-31 21:25:40,31.3,A,3838.0,8.05,17.74,40.07,113.0,A
2025-11-01 01:50:20,31.5,A,3605.0,7.51,15.75,40.78,114.1,A
2025-11-01 02:18:30,31.5,A,3652.0,7.69,17.17,41.12,112.3,A
2025-11-01 06:10:40,31.7,A,3664.0,7.89,17.53,40.75,111.7,A
2025-11-01 08:13:10,31.7,A,3534.0,7.77,17.6,40.74,110.2,A
2025-11-01 10:51:00,31.8,A,3663.0,7.76,16.5,40.12,111.9,A
2025-11-01 16:34:40,32.1,A,3569.0,8.09,16.81,40.26,113.9,A
2025-11-02 03:17:50,32.5,A,3602.0,8.68,16.77,40.51,108.1,A
2025-11-02 05:50:50,32.6,A,3592.0,8.34,16.99,41.41,108.2,A
2025-11-02 10:23:40,32.8,A,3817.0,8.27,16.87,40.4,108.5,A
2025-11-02 10:44:30,32.8,A,3583.0,7.75,17.69,42.0,111.4,A
2025-11-02 15:44:10,33.0,A,3610.0,6.39,17.42,41.22,108.7,A
2025-11-02 16:06:50,33.0,A,3606.0,7.74,16.99,40.02,106.0,A
2025-11-02 16:16:50,33.0,A,3606.0,8.66,16.44,40.09,108.5,A
2025-11-02 16:56:40,33.1,A,3438.0,7.87,16.73,41.57,108.5,A
2025-11-02 19:24:20,33.2,A,3624.0,8.26,16.67,40.38,111.8,A
2025-11-02 22:04:40,33.3,A,3636.0,7.12,16.49,40.67,112.3,A
2025-11-02 22:58:20,33.3,A,3616.0,8.15,17.08,40.54,109.5,A
2025-11-03 04:15:20,33.5,A,3618.0,9.22,17.22,40.34,109.8,A
2025-11-03 16:01:40,34.0,A,3627.0,8.31,17.11,40.35,105.4,A
2025-11-03 19:33:50,34.2,A,3618.0,9.1,17.43,41.07,109.5,A
2025-11-03 23:26:20,34.3,A,3560.0,8.9,17.7,40.65,110.2,A
2025-11-04 07:27:00,34.6,A,3628.0,8.02,16.72,39.17,107.0,A
2025-11-04 07:59:00,34.7,A,3629.0,8.21,17.49,41.26,113.0,A
2025-11-04 09:02:40,34.7,A,3592.0,8.13,17.49,41.16,111.8,A
2025-11-04 10:05:30,34.8,A,3591.0,8.69,16.75,39.84,107.8,A
2025-11-04 11:01:10,34.8,A,3623.0,8.59,17.53,39.96,110.3,A
2025-11-04 16:27:50,35.0,A,3585.0,7.46,17.99,41.08,110.3,A
2025-11-04 16:53:30,35.0,A,3547.0,8.57,16.66,39.89,111.8,A
2025-11-05 08:31:30,35.7,A,3499.0,8.41,17.02,40.26,111.3,B
2025-11-05 10:35:00,35.8,A,3508.0,8.56,17.67,39.53,110.6,A
2025-11-05 13:11:10,35.9,A,3560.0,8.7,16.43,40.07,112.2,A
2025-11-05 14:49:30,35.9,A,3550.0,8.61,16.11,39.39,115.1,A
2025-11-05 15:13:50,35.9,A,3582.0,8.91,16.98,40.19,103.2,A
2025-11-05 16:03:50,36.0,A,3581.0,9.12,16.68,39.94,108.1,A
2025-11-05 18:11:50,36.1,A,3557.0,9.27,16.71,40.88,106.6,A
2025-11-05 19:55:10,36.1,A,3577.0,9.43,17.17,39.51,112.9,A
2025-11-05 22:10:30,36.2,A,3531.0,8.16,17.01,40.07,114.3,A
2025-11-06 00:51:20,36.3,A,3670.0,8.73,17.15,39.39,114.2,A
2025-11-06 01:01:20,36.3,A,3497.0,8.98,15.83,40.18,112.4,B
2025-11-06 02:00:40,36.4,A,3586.0,8.78,17.27,40.59,117.1,A
2025-11-06 03:59:40,36.5,A,3662.0,8.99,17.38,39.91,116.1,A
2025-11-06 04:38:00,36.5,A,3726.0,8.54,17.05,39.76,110.6,A
2025-11-06 05:19:00,36.5,A,3382.0,8.78,17.08,40.12,110.4,B
2025-11-06 09:06:30,36.7,A,3601.0,9.33,16.93,40.43,113.9,A
2025-11-06 09:37:30,36.7,A,3544.0,8.23,15.77,40.12,118.9,A
2025-11-06 10:46:00,36.7,A,3592.0,7.93,17.55,39.67,115.0,A
2025-11-06 11:29:10,36.8,A,3618.0,9.22,16.61,40.01,107.1,A
2025-11-06 15:28:50,36.9,A,3589.0,9.68,16.9,39.58,108.1,A
2025-11-06 18:10:40,37.0,A,3532.0,8.79,16.75,39.52,115.4,A
2025-11-06 22:02:30,37.2,A,3570.0,10.74,16.19,40.34,111.6,A
2025-11-07 01:11:20,37.3,A,3650.0,11.62,18.2,40.0,113.5,A
2025-11-07 02:45:50,37.4,A,3572.0,8.72,16.98,39.87,114.3,A
2025-11-07 07:51:50,37.6,B,3526.0,10.11,15.84,38.25,113.6,A
2025-11-07 11:30:40,37.8,B,3527.0,10.2,16.29,39.23,112.2,A
2025-11-07 13:38:10,37.8,B,3525.0,9.5,15.28,38.97,114.6,A
2025-11-07 18:59:00,38.1,B,3618.0,8.16,16.2,38.4,112.2,A
2025-11-07 21:22:10,38.2,B,3507.0,10.73,16.0,38.89,107.3,A
2025-11-08 06:08:10,38.5,B,3526.0,8.89,15.93,38.23,108.8,B
2025-11-08 07:27:30,38.6,B,3575.0,10.25,15.66,37.49,111.2,A
2025-11-08 08:47:20,38.6,B,3526.0,10.34,16.07,38.39,112.0,A
2025-11-08 11:25:10,38.7,B,3576.0,9.92,15.86,39.14,113.1,A
2025-11-08 18:59:20,39.0,B,3553.0,9.68,15.84,39.05,107.8,B
2025-11-08 21:07:00,39.1,B,3552.0,9.06,15.94,38.52,109.6,A
2025-11-08 22:02:30,39.2,B,3293.0,10.27,15.62,39.07,110.2,B
2025-11-09 01:43:00,39.3,B,3500.0,9.6,14.88,38.32,109.6,B
2025-11-09 07:14:10,39.5,B,3568.0,11.58,14.93,38.23,105.7,A
2025-11-09 08:47:30,39.6,B,3441.0,10.77,16.0,38.21,106.6,B
2025-11-09 08:58:10,39.6,B,3491.0,8.8,16.02,39.74,107.4,B
2025-11-09 13:05:00,39.8,B,3497.0,10.28,11.0,38.81,109.5,B
2025-11-09 15:54:10,39.9,B,3558.0,10.41,16.29,38.75,105.1,A
2025-11-09 17:42:30,40.0,B,3512.0,12.08,15.6,39.38,108.2,B
2025-11-10 01:05:20,40.3,B,3564.0,11.11,15.58,38.75,108.5,A
2025-11-10 01:13:40,40.3,B,3556.0,10.4,14.56,37.93,107.2,A
2025-11-10 03:43:10,40.4,B,3570.0,10.52,15.47,36.86,106.7,A
2025-11-10 06:34:20,40.5,B,3552.0,10.53,15.94,39.02,114.1,A
2025-11-10 07:14:00,40.5,B,3534.0,10.8,15.11,38.42,109.7,A
2025-11-10 12:12:10,40.7,B,3555.0,10.62,15.73,37.94,110.4,A
2025-11-10 18:42:30,41.0,B,3527.0,10.84,15.68,38.58,104.2,B
2025-11-10 19:43:30,41.0,B,3486.0,10.74,16.12,37.72,106.7,B
2025-11-10 21:00:20,41.1,B,3385.0,12.68,15.73,38.63,108.0,B
2025-11-10 23:55:30,41.2,B,3636.0,11.13,16.08,38.07,108.4,A
2025-11-11 00:25:50,41.2,B,3462.0,10.37,16.79,38.38,109.1,B
2025-11-11 01:27:30,41.3,B,3384.0,10.51,15.52,37.98,109.8,B
2025-11-11 04:10:50,41.4,B,3606.0,10.61,15.99,38.75,109.3,A
2025-11-11 04:49:00,41.4,B,3535.0,10.18,16.73,37.73,108.4,A
2025-11-11 05:39:50,41.4,B,3513.0,9.96,15.23,37.94,110.9,A
2025-11-11 08:51:40,41.6,B,3481.0,10.35,15.74,37.56,109.6,B
2025-11-11 13:19:40,41.7,B,3501.0,10.57,15.68,37.62,106.6,A
2025-11-11 16:34:50,41.9,B,3528.0,10.53,15.66,38.57,113.9,A
2025-11-11 19:26:50,42.0,B,3508.0,10.33,14.74,38.97,123.5,A
2025-11-11 19:53:20,42.0,B,3494.0,10.75,16.03,36.13,107.8,B
2025-11-11 20:11:30,42.0,B,3507.0,11.07,15.66,38.17,115.7,A
2025-11-12 05:21:50,42.4,B,3522.0,10.44,15.23,37.35,110.5,A
2025-11-12 06:15:50,42.4,B,3473.0,10.48,15.56,38.93,113.2,B
2025-11-12 07:44:20,42.5,B,3511.0,10.73,15.67,38.38,109.9,A
2025-11-12 09:04:20,42.5,B,3475.0,10.87,16.09,38.61,110.6,B
2025-11-12 14:06:50,42.8,B,3513.0,11.13,15.73,38.56,113.8,A
2025-11-12 19:28:40,43.0,B,3439.0,10.94,15.77,37.5,111.7,B
2025-11-12 20:18:10,43.0,B,3416.0,10.7,14.99,39.12,114.0,B
2025-11-12 20:22:10,43.0,B,3555.0,11.01,15.64,37.22,114.9,A
2025-11-12 21:11:50,43.0,B,3557.0,10.99,15.51,40.33,117.1,A
2025-11-12 21:17:40,43.0,B,3527.0,11.17,14.83,38.35,113.4,A
2025-11-13 01:46:50,43.2,B,3483.0,10.48,15.57,39.34,105.9,B
2025-11-13 03:11:40,43.3,B,3480.0,10.37,15.75,38.09,112.3,B
2025-11-13 03:21:30,43.3,B,3499.0,11.02,14.15,37.94,115.2,B
2025-11-13 05:22:00,43.4,B,4200.0,11.9,15.66,36.29,111.8,A
2025-11-13 07:13:40,43.4,B,3527.0,11.23,16.05,37.43,113.4,A
2025-11-13 08:50:40,43.5,B,3511.0,10.98,15.24,38.23,106.9,B
2025-11-13 10:44:40,43.6,B,3493.0,10.79,17.89,37.59,111.4,B
2025-11-13 16:48:50,43.8,B,3499.0,11.09,15.62,36.77,110.4,B
2025-11-13 18:02:10,43.9,B,3480.0,11.13,15.46,38.08,112.0,B
2025-11-13 18:48:00,43.9,B,3461.0,10.92,14.95,38.23,112.3,B
2025-11-13 21:20:50,44.0,A,3477.0,10.19,16.16,39.65,111.4,B
2025-11-13 21:59:50,44.1,A,3504.0,9.81,15.89,39.56,111.0,A
2025-11-13 22:05:30,44.1,A,3560.0,9.57,16.51,39.05,111.5,A
2025-11-13 22:43:10,44.1,A,3607.0,10.59,16.3,38.32,112.6,A
2025-11-14 03:38:00,44.3,A,3505.0,10.29,12.79,39.25,111.7,A
2025-11-14 05:25:40,44.4,A,3573.0,7.23,16.43,38.06,112.7,A
2025-11-14 09:43:50,44.5,A,3454.0,10.23,16.18,39.38,113.7,B
2025-11-14 11:24:00,44.6,A,3525.0,10.28,16.88,39.61,111.6,A
2025-11-14 11:56:00,44.6,A,3530.0,10.01,17.26,39.6,110.2,B
2025-11-14 12:37:00,44.7,A,3501.0,9.78,15.94,37.08,112.6,B
2025-11-14 13:33:50,44.7,A,3566.0,10.12,16.07,39.22,113.7,B
2025-11-14 14:00:00,44.7,A,3537.0,10.26,14.58,38.93,113.7,A
2025-11-14 16:00:10,44.8,A,3611.0,10.31,15.97,38.16,107.4,A
2025-11-14 17:13:40,44.8,A,3490.0,10.24,16.68,38.52,110.0,B
2025-11-15 04:41:20,45.3,A,3526.0,10.19,15.86,39.3,109.7,A
2025-11-15 06:14:20,45.4,A,3578.0,10.88,16.19,38.44,114.2,A
2025-11-15 07:57:00,45.5,A,3553.0,10.58,16.18,38.72,111.2,B
2025-11-15 09:41:20,45.5,A,3561.0,10.59,16.21,39.0,110.2,B
2025-11-15 09:51:20,45.5,A,3454.0,10.58,15.97,38.58,114.0,B
2025-11-15 10:35:20,45.6,A,3522.0,9.87,16.68,39.63,111.4,B
2025-11-15 15:12:10,45.7,A,3562.0,10.93,16.19,38.82,108.2,B
2025-11-15 16:04:30,45.8,A,3530.0,9.83,16.82,38.91,109.2,A
2025-11-15 17:17:00,45.8,A,3545.0,10.77,16.64,38.55,103.2,A
2025-11-15 21:28:40,46.0,A,3515.0,11.29,14.75,39.28,108.0,B
2025-11-16 00:15:30,46.1,A,3631.0,10.6,16.36,39.21,109.6,B
2025-11-16 02:23:00,46.2,A,3565.0,9.91,15.84,38.12,112.3,A
2025-11-16 10:49:00,46.5,A,3499.0,10.78,15.82,38.3,107.8,B
2025-11-16 12:35:30,46.6,A,3530.0,11.04,16.34,37.93,101.3,A
2025-11-16 16:07:10,46.8,A,3558.0,10.69,15.55,39.52,106.5,B
2025-11-16 16:33:00,46.8,A,3443.0,10.88,16.22,39.07,104.3,B
2025-11-16 18:02:10,46.8,A,3534.0,10.39,16.7,38.65,103.5,A
2025-11-16 18:10:00,46.8,A,3543.0,10.59,16.26,39.58,103.1,B
2025-11-17 01:20:50,47.1,A,3493.0,11.11,15.61,38.19,101.7,B
2025-11-17 03:17:50,47.2,A,3534.0,10.42,16.38,38.48,101.9,A
2025-11-17 04:16:40,47.3,A,3522.0,10.26,16.0,38.73,106.3,A
2025-11-17 06:42:10,47.4,A,3482.0,10.56,15.82,38.28,104.8,B
2025-11-17 06:51:40,47.4,A,3504.0,10.38,15.98,38.82,107.5,A
2025-11-17 09:24:30,47.5,A,3488.0,10.56,16.12,40.8,112.8,B
2025-11-17 10:00:30,47.5,A,3552.0,10.94,15.82,39.59,102.0,A
2025-11-17 10:02:30,47.5,A,3526.0,10.4,16.23,39.87,106.4,A
2025-11-17 14:44:30,47.7,A,3320.0,11.26,16.21,38.51,109.1,B
2025-11-17 16:29:00,47.8,A,3543.0,11.31,16.32,38.17,101.1,A
2025-11-17 16:37:00,47.8,A,3583.0,10.09,16.11,38.75,108.1,A
2025-11-17 17:21:40,47.8,A,3492.0,11.26,16.08,38.41,106.7,B
2025-11-17 17:55:10,47.8,A,3477.0,11.05,15.99,38.85,107.1,B
2025-11-17 19:00:00,47.9,A,3820.0,11.36,16.1,38.91,112.0,A
2025-11-18 06:21:00,48.3,A,3466.0,10.73,15.91,38.48,113.1,B
2025-11-18 14:32:40,48.7,A,3509.0,10.34,16.03,38.15,107.3,A
2025-11-18 17:13:20,48.8,A,3499.0,11.12,15.81,37.65,109.3,B
2025-11-18 18:46:00,48.8,A,3470.0,11.5,15.78,37.22,104.0,B
2025-11-18 20:47:30,48.9,A,3510.0,10.15,15.87,38.92,111.0,A
2025-11-19 00:57:50,49.1,A,3480.0,11.41,16.03,38.49,105.6,B
2025-11-19 01:57:30,49.1,A,3485.0,11.39,16.03,37.28,115.3,B
2025-11-19 02:28:20,49.1,A,3536.0,11.3,15.51,39.05,111.1,B
2025-11-19 05:07:20,49.3,A,3468.0,11.26,15.82,37.71,113.2,B
2025-11-19 06:53:00,49.3,A,3609.0,11.48,15.79,38.87,119.9,B
2025-11-19 10:06:10,49.5,A,3511.0,12.11,15.89,38.26,104.9,B
2025-11-19 12:19:50,49.5,A,3427.0,11.57,15.52,38.64,110.0,B
2025-11-19 13:02:00,49.6,A,3491.0,11.27,16.35,37.96,112.5,B
2025-11-19 16:04:50,49.7,A,3472.0,11.26,15.24,38.77,112.5,B
2025-11-19 17:22:40,49.8,A,3540.0,10.98,15.4,38.43,110.5,B
2025-11-19 19:38:10,49.8,A,3469.0,10.31,15.48,38.29,112.1,B
2025-11-19 20:50:40,49.9,A,3498.0,10.99,16.19,38.93,109.7,B
2025-11-19 21:09:10,49.9,A,3639.0,10.6,15.23,37.87,113.1,A
2025-11-20 00:45:10,50.1,A,3463.0,10.51,15.94,39.34,109.3,B
2025-11-20 04:00:50,50.2,A,3503.0,11.56,15.89,38.67,109.9,B
2025-11-20 06:30:50,50.3,A,3501.0,11.53,15.44,39.13,115.1,A
2025-11-20 23:00:20,51.0,A,3438.0,11.77,15.5,37.74,113.0,B
2025-11-21 03:22:10,51.1,A,3516.0,12.32,15.8,37.83,109.1,B
2025-11-21 04:45:20,51.2,A,3479.0,11.11,16.24,39.19,114.4,B
2025-11-21 07:13:40,51.3,A,3613.0,11.22,15.13,39.4,114.0,A
2025-11-21 08:28:10,51.3,A,3373.0,10.89,15.53,38.44,112.1,B
2025-11-21 10:12:20,51.4,A,3481.0,11.23,16.12,37.91,114.1,B
2025-11-21 10:26:10,51.4,A,3426.0,10.83,15.86,38.08,112.6,B
2025-11-21 12:11:00,51.5,A,3417.0,11.88,15.63,37.71,104.9,B
2025-11-21 13:54:00,51.6,A,3444.0,10.28,15.36,38.06,107.1,B
2025-11-21 14:13:30,51.6,A,3471.0,11.38,15.37,37.21,113.1,B
2025-11-21 14:23:30,51.6,A,3482.0,11.33,15.54,38.67,111.1,B
2025-11-21 18:50:20,51.8,A,3492.0,11.4,16.03,36.33,111.6,B
2025-11-21 19:25:10,51.8,A,3453.0,11.04,15.46,38.41,108.8,B
2025-11-21 22:18:40,51.9,A,3499.0,11.75,15.43,38.09,108.9,B
2025-11-22 01:37:30,52.1,A,3482.0,9.99,15.45,38.52,99.0,B
2025-11-22 03:30:40,52.1,A,3463.0,11.51,15.88,37.17,108.6,B
2025-11-22 04:51:20,52.2,A,3496.0,11.49,15.65,37.19,104.6,B
2025-11-22 07:32:30,52.3,A,3507.0,11.37,15.64,37.56,107.4,A
2025-11-22 10:04:30,52.4,A,3440.0,11.58,15.89,38.95,104.6,B
2025-11-22 10:41:50,52.4,A,3466.0,11.29,15.9,38.16,110.9,B
2025-11-22 11:51:50,52.5,A,3506.0,12.63,16.31,37.53,107.7,B
2025-11-22 13:46:10,52.6,B,3454.0,11.69,14.68,37.26,104.5,B
2025-11-22 16:01:40,52.6,B,3427.0,12.44,14.92,37.72,104.4,C
2025-11-22 17:32:40,52.7,B,3411.0,12.64,15.35,38.67,104.8,C
2025-11-22 20:23:00,52.8,B,3456.0,13.35,14.76,37.48,107.7,B
2025-11-22 20:45:20,52.8,B,3450.0,12.15,15.04,36.02,108.5,C
2025-11-23 03:59:50,53.1,B,3458.0,12.92,14.98,36.58,105.7,B
2025-11-23 12:21:10,53.5,B,3537.0,12.41,14.87,37.04,103.6,B
2025-11-23 19:24:30,53.8,B,3301.0,13.19,15.22,36.82,106.6,C
2025-11-23 20:10:40,53.8,B,3458.0,12.41,14.87,37.77,106.4,B
2025-11-24 01:25:00,54.0,B,3394.0,12.12,14.74,36.22,102.6,B
2025-11-24 08:03:10,54.3,B,3397.0,13.88,15.06,36.42,104.5,B
2025-11-24 08:34:20,54.3,B,3339.0,12.38,15.34,36.76,101.5,C
2025-11-24 09:19:20,54.3,B,3529.0,13.15,14.96,36.73,101.1,B
2025-11-24 10:05:50,54.4,B,3357.0,13.44,15.12,37.72,105.0,C
2025-11-24 10:51:10,54.4,B,3410.0,12.38,14.64,37.34,103.5,C
2025-11-24 13:42:40,54.5,B,3411.0,13.99,14.93,36.44,97.4,B
2025-11-24 14:47:20,54.6,B,3468.0,12.93,14.6,37.22,105.1,C
2025-11-24 22:37:00,54.9,B,3428.0,13.05,14.82,37.08,104.9,B
2025-11-25 00:25:50,55.0,B,3379.0,12.39,13.89,35.9,105.3,C
2025-11-25 00:46:30,55.0,B,3388.0,12.82,14.88,35.75,100.1,C
2025-11-25 01:59:20,55.0,B,3453.0,12.8,15.11,37.21,111.7,B
2025-11-25 04:51:40,55.1,B,3443.0,12.48,14.98,35.81,107.0,C
2025-11-25 05:54:00,55.2,B,3458.0,13.22,14.71,37.49,104.4,B
2025-11-25 05:56:00,55.2,B,3406.0,12.97,15.46,36.83,108.4,C
2025-11-25 08:27:40,55.3,B,3441.0,12.5,14.9,35.81,107.0,C
2025-11-25 11:18:00,55.4,B,3299.0,13.66,14.19,38.46,102.5,C
2025-11-25 13:04:10,55.5,B,3469.0,13.14,14.45,36.27,105.1,C
2025-11-25 14:16:20,55.5,B,3411.0,12.66,14.93,36.28,107.3,C
2025-11-25 14:33:00,55.5,B,3358.0,13.38,15.78,39.76,104.2,C
2025-11-25 14:39:00,55.5,B,3414.0,13.04,14.24,37.67,105.1,C
2025-11-25 20:22:10,55.8,B,3392.0,12.79,14.8,36.72,111.8,C
2025-11-25 21:40:00,55.8,B,3448.0,12.95,14.94,36.91,104.5,C
2025-11-26 06:05:50,56.2,B,3330.0,13.02,14.18,36.71,105.4,C
2025-11-26 08:15:30,56.3,B,3405.0,12.72,14.57,37.08,111.7,C
2025-11-26 12:40:20,56.4,B,3439.0,13.29,14.59,37.27,110.2,B
2025-11-26 13:16:30,56.5,B,3435.0,13.02,14.78,36.89,112.6,C
2025-11-26 15:20:30,56.5,B,3362.0,13.75,14.86,36.55,107.1,B
2025-11-26 17:28:20,56.6,B,3413.0,12.73,14.21,36.12,109.6,C
2025-11-26 21:47:40,56.8,B,3473.0,13.58,14.4,35.96,105.8,C
2025-11-27 00:21:10,56.9,B,3573.0,13.12,15.92,37.5,107.9,B
2025-11-27 04:24:50,57.1,B,3374.0,13.95,13.47,36.4,106.9,C
2025-11-27 04:41:00,57.1,B,3416.0,13.77,14.22,37.25,108.2,C
2025-11-27 15:55:40,57.6,B,3346.0,13.46,14.74,36.14,108.3,B
2025-11-27 18:50:00,57.7,B,3351.0,13.85,15.18,36.69,115.3,C
2025-11-27 19:48:30,57.7,B,3400.0,13.69,14.52,36.94,115.6,C
2025-11-27 22:12:40,57.8,B,3399.0,13.34,14.71,36.22,100.5,B
2025-11-28 00:06:40,57.9,B,3274.0,11.95,14.45,36.26,109.3,B
2025-11-28 02:29:20,58.0,B,3349.0,13.13,15.0,36.74,109.1,C
2025-11-28 04:20:10,58.1,B,3418.0,13.87,14.42,36.05,112.0,C
2025-11-28 04:51:30,58.1,B,3387.0,13.99,14.15,35.64,109.4,C
2025-11-28 07:48:30,58.2,B,3424.0,12.08,14.37,37.08,109.4,C
2025-11-28 09:13:20,58.3,B,3420.0,12.97,14.0,36.34,92.0,C
2025-11-28 12:02:50,58.4,B,3419.0,12.93,14.7,36.85,112.3,C
2025-11-28 13:21:30,58.4,B,3387.0,12.76,14.89,37.09,102.3,B
2025-11-28 15:43:40,58.5,B,3420.0,13.69,15.8,36.55,105.4,C
2025-11-28 18:07:10,58.6,B,3383.0,14.39,13.94,36.69,109.8,C
2025-11-28 19:17:50,58.7,B,3396.0,13.63,15.17,36.11,108.9,C
2025-11-28 22:08:00,58.8,B,3436.0,12.2,13.98,36.6,110.7,C
2025-11-29 03:06:20,59.0,B,3451.0,13.76,14.65,36.79,106.1,B
2025-11-29 05:01:00,59.1,A,3459.0,12.18,16.82,37.9,107.3,C
2025-11-29 07:24:50,59.2,A,3418.0,11.84,15.2,37.52,105.7,B
2025-11-29 07:29:10,59.2,A,3534.0,12.33,15.03,37.57,103.3,B
2025-11-29 09:33:30,59.3,A,3099.0,13.7,14.78,37.51,112.5,C
2025-11-29 09:47:20,59.3,A,3408.0,12.26,15.04,37.62,110.7,B
2025-11-29 10:52:30,59.3,A,3366.0,12.92,15.24,36.89,109.1,C
2025-11-29 12:19:40,59.4,A,3426.0,12.5,15.4,37.25,104.6,C
2025-11-29 13:06:00,59.4,A,3443.0,13.24,15.19,37.38,117.2,C
2025-11-29 22:19:20,59.8,A,3519.0,13.55,15.08,37.29,105.7,B
2025-11-30 00:02:30,59.8,A,3405.0,12.62,14.37,36.84,104.1,C
2025-11-30 07:11:50,60.1,A,3528.0,10.59,15.85,39.2,111.1,A
2025-11-30 13:11:30,60.4,A,3597.0,10.84,16.47,39.43,109.4,B
2025-11-30 16:36:20,60.5,A,3547.0,9.76,15.95,38.67,105.0,A
2025-11-30 19:29:40,60.6,A,3511.0,11.35,16.46,38.72,101.9,B
2025-11-30 20:23:10,60.7,A,3473.0,10.7,16.03,39.42,100.5,B
2025-11-30 22:02:30,60.7,A,3569.0,10.43,15.98,39.05,107.4,A
2025-12-01 00:20:20,60.8,A,3436.0,10.38,15.73,39.07,109.3,B
2025-12-01 05:09:40,61.0,A,3502.0,10.91,16.1,38.73,101.2,A
2025-12-01 05:17:40,61.0,A,3490.0,11.5,15.9,38.32,107.9,B
2025-12-01 05:52:50,61.1,A,3438.0,10.51,16.0,39.16,109.0,B
2025-12-01 07:14:10,61.1,A,3473.0,10.83,15.85,39.81,100.3,B
2025-12-01 12:57:10,61.3,A,3532.0,13.57,15.92,38.31,103.6,B
2025-12-01 21:54:20,61.7,A,3480.0,10.96,16.26,39.88,103.5,B
2025-12-02 03:14:40,61.9,A,3508.0,12.05,16.39,37.92,109.2,B
2025-12-02 05:03:50,62.0,A,3490.0,9.4,15.51,38.84,109.2,B
2025-12-02 12:17:10,62.3,A,3514.0,12.08,15.94,38.94,103.3,B
2025-12-02 15:53:10,62.4,A,3480.0,11.74,16.01,38.12,108.8,B
2025-12-02 19:08:10,62.6,A,3459.0,11.18,15.95,38.39,104.4,B
2025-12-02 19:48:20,62.6,A,3462.0,11.75,15.89,38.97,109.1,B
2025-12-02 23:53:20,62.8,A,3456.0,11.94,15.55,38.85,106.9,B
2025-12-03 02:22:40,62.9,A,3584.0,11.45,16.1,38.31,103.9,B
2025-12-03 06:05:30,63.0,A,3512.0,10.94,15.98,38.89,104.2,B
2025-12-03 07:55:50,63.1,A,3469.0,11.96,15.66,38.48,105.5,B
2025-12-03 09:41:30,63.2,A,3453.0,10.89,16.37,37.83,105.9,B
2025-12-03 11:10:10,63.2,A,3503.0,11.31,16.3,37.88,111.3,A
2025-12-03 14:55:20,63.4,A,3483.0,11.53,15.38,38.41,106.7,B
2025-12-03 15:07:40,63.4,A,3459.0,11.96,15.79,38.75,111.1,B
2025-12-03 16:02:50,63.4,A,3439.0,10.99,15.52,40.65,106.0,B
2025-12-04 01:26:40,63.8,A,3595.0,11.98,15.93,35.75,116.6,B
2025-12-04 03:10:50,63.9,A,3529.0,11.97,15.54,38.29,110.2,A
2025-12-04 08:09:40,64.1,A,3521.0,10.82,15.72,38.81,112.6,B
2025-12-04 08:52:20,64.1,A,3487.0,10.97,16.1,39.11,109.8,B
2025-12-04 09:48:00,64.2,A,3557.0,11.55,16.0,38.46,109.1,B
2025-12-04 15:55:30,64.4,A,3401.0,11.93,15.54,37.12,105.3,B
2025-12-04 18:07:50,64.5,A,3462.0,11.56,15.71,38.7,112.1,B
2025-12-05 01:26:00,64.8,A,3469.0,11.2,17.43,39.11,110.0,B
2025-12-05 01:32:00,64.8,A,3546.0,11.83,15.78,37.99,110.4,B
2025-12-05 04:03:10,64.9,A,3493.0,11.38,16.07,37.91,112.3,B
2025-12-05 04:06:50,64.9,A,3499.0,12.01,15.47,38.21,110.0,B
2025-12-05 04:59:50,64.9,A,3405.0,11.3,15.98,37.37,115.6,B
2025-12-05 09:00:20,65.1,A,3541.0,11.15,16.34,38.91,110.1,B
2025-12-05 10:12:50,65.2,A,3503.0,11.93,15.8,38.68,111.0,B
2025-12-05 17:41:20,65.5,A,3470.0,11.59,15.49,38.22,114.8,B
2025-12-05 18:35:50,65.5,A,3451.0,11.44,15.09,37.47,107.2,B
2025-12-06 02:34:00,65.8,A,3486.0,12.6,15.5,36.81,108.2,B
2025-12-06 03:31:30,65.9,A,3438.0,12.01,15.66,39.15,105.1,C
2025-12-06 06:16:20,66.0,A,3462.0,11.88,16.03,38.05,108.3,B
2025-12-06 13:25:00,66.3,A,3459.0,11.47,16.27,37.46,107.2,B
2025-12-06 22:24:30,66.6,B,3424.0,12.26,14.63,36.87,104.9,B
2025-12-07 00:42:20,66.7,B,3565.0,11.4,15.12,37.19,107.6,A
2025-12-07 02:46:10,66.8,B,3388.0,13.44,14.81,36.0,109.1,C
2025-12-07 03:28:10,66.9,B,3349.0,12.78,14.84,36.64,109.2,C
2025-12-07 03:50:30,66.9,B,3619.0,13.13,14.87,36.03,105.1,B
2025-12-07 04:26:50,66.9,B,3435.0,12.46,14.93,37.34,105.8,C
2025-12-07 11:15:50,67.2,B,3417.0,12.5,14.75,34.39,104.3,C
2025-12-07 11:32:40,67.2,B,3426.0,11.52,14.82,36.57,105.0,B
2025-12-07 12:38:20,67.2,B,3461.0,13.12,14.71,36.01,109.6,B
2025-12-07 12:42:20,67.2,B,3426.0,13.13,15.06,38.16,108.2,B
2025-12-07 15:59:40,67.4,B,3442.0,12.01,15.16,37.23,112.1,C
2025-12-07 16:09:30,67.4,B,3348.0,12.41,14.82,36.74,108.8,B
2025-12-07 17:31:30,67.4,B,3378.0,13.16,13.82,38.24,105.6,B
2025-12-07 20:52:20,67.6,B,3442.0,12.59,14.67,36.89,105.5,B
2025-12-07 21:00:00,67.6,B,3419.0,11.42,14.84,37.51,114.5,B
2025-12-07 23:05:00,67.6,B,3434.0,12.98,14.75,37.05,107.2,C
2025-12-08 01:16:20,67.7,B,3348.0,12.76,14.32,36.46,103.3,B
2025-12-08 09:11:30,68.1,B,3428.0,13.15,14.2,37.16,105.7,C
2025-12-08 10:25:40,68.1,B,3562.0,12.83,14.77,36.4,102.1,B
2025-12-08 11:02:00,68.1,B,3486.0,13.2,14.58,36.35,104.7,B
2025-12-08 22:20:40,68.6,B,3453.0,12.48,14.3,36.84,105.5,C
2025-12-09 04:43:30,68.9,B,3426.0,12.51,15.08,36.82,99.0,B
2025-12-09 08:24:00,69.0,B,3458.0,12.84,15.74,37.1,103.8,B
2025-12-09 10:08:50,69.1,B,3426.0,13.94,14.83,36.75,103.2,B
2025-12-09 12:48:20,69.2,B,3336.0,12.75,15.0,36.82,105.6,C
2025-12-09 15:12:00,69.3,B,3420.0,12.97,14.76,36.4,102.8,C
2025-12-10 01:01:50,69.7,B,3400.0,10.93,14.66,37.1,105.8,B
2025-12-10 01:35:00,69.7,B,3497.0,13.11,14.73,37.03,109.2,C
2025-12-10 06:36:10,69.9,B,3442.0,12.72,15.1,36.62,112.4,C
2025-12-10 12:49:40,70.2,B,3389.0,13.76,14.72,35.56,111.1,C
2025-12-10 16:54:40,70.3,B,3367.0,13.58,14.63,36.55,110.3,C
2025-12-10 21:18:40,70.5,B,3374.0,13.3,14.19,35.52,113.6,C
2025-12-11 01:54:30,70.7,B,3391.0,14.54,14.71,35.03,103.1,C
2025-12-11 03:02:20,70.7,B,3375.0,13.19,13.58,35.53,103.6,C
2025-12-11 05:29:20,70.8,B,3346.0,12.96,14.27,35.71,109.2,C
2025-12-11 08:13:40,71.0,B,3351.0,13.33,13.5,35.95,103.6,C
2025-12-11 15:11:20,71.2,B,3387.0,13.94,13.94,36.29,106.2,C
2025-12-11 16:15:50,71.3,B,3447.0,13.12,14.39,37.26,111.4,C
2025-12-12 09:12:40,72.0,B,3395.0,13.9,14.78,36.24,105.4,C
2025-12-12 10:27:30,72.0,B,3418.0,13.5,14.37,37.46,109.7,C
2025-12-12 13:28:50,72.2,B,3421.0,13.56,14.41,37.31,110.8,B
2025-12-12 13:55:50,72.2,B,3392.0,13.4,14.17,36.09,108.7,C
2025-12-12 14:21:50,72.2,B,3388.0,13.79,14.6,37.61,111.2,B
2025-12-12 17:07:20,72.3,B,3311.0,13.8,14.65,37.06,110.3,C
2025-12-12 22:23:30,72.5,B,3395.0,13.8,13.88,36.72,107.3,C
2025-12-12 23:12:30,72.6,B,3389.0,13.54,14.14,36.71,110.3,B
2025-12-12 23:20:50,72.6,B,3335.0,13.6,14.97,36.33,108.8,C
2025-12-12 23:22:40,72.6,B,3432.0,13.37,16.57,37.33,111.1,C
2025-12-13 00:14:30,72.6,B,3498.0,13.54,14.35,36.28,110.4,C
2025-12-13 01:30:30,72.6,B,3392.0,14.87,14.26,35.85,110.0,C
2025-12-13 02:21:00,72.7,B,3435.0,13.95,13.6,36.29,107.4,C
2025-12-13 03:16:00,72.7,B,3356.0,13.2,14.49,36.59,108.9,C
2025-12-13 03:44:50,72.7,B,3286.0,13.69,15.51,36.26,107.8,B
2025-12-13 08:33:30,72.9,B,3386.0,14.36,14.47,35.52,107.6,C
2025-12-13 14:46:40,73.2,A,3172.0,12.5,15.32,36.98,112.7,C
2025-12-13 17:25:10,73.3,A,3367.0,13.23,14.8,37.25,104.7,C
2025-12-13 20:58:50,73.4,A,3401.0,12.81,14.62,37.99,99.2,B
2025-12-14 03:17:00,73.7,A,3525.0,13.2,15.17,37.65,103.3,B
2025-12-14 04:04:30,73.7,A,3388.0,13.07,14.13,36.34,104.5,C
2025-12-14 07:39:30,73.9,A,3409.0,14.1,15.15,37.07,101.5,C
2025-12-14 07:41:30,73.9,A,3371.0,13.25,14.22,37.36,108.1,C
2025-12-14 16:07:40,74.2,A,3380.0,13.46,14.77,35.93,102.2,C
2025-12-14 17:57:30,74.3,A,3427.0,12.91,15.03,37.52,104.2,C
2025-12-15 00:09:50,74.6,A,3324.0,12.23,13.9,36.77,105.2,C
2025-12-15 00:26:10,74.6,A,3313.0,13.25,15.52,39.15,105.2,C
2025-12-15 01:30:50,74.6,A,3340.0,12.94,14.74,37.15,99.7,C
2025-12-15 04:18:30,74.7,A,3424.0,13.56,15.11,33.64,104.1,C
2025-12-15 05:30:00,74.8,A,3441.0,13.48,14.6,37.12,101.6,C
2025-12-15 08:29:40,74.9,A,3463.0,13.32,14.82,36.53,101.3,C
2025-12-15 09:00:00,74.9,A,3371.0,12.87,15.38,36.76,105.2,B
2025-12-15 12:15:40,75.0,A,3349.0,13.53,14.7,37.11,105.5,C
2025-12-15 20:12:10,75.4,A,3429.0,12.82,14.77,34.66,103.3,C
2025-12-15 22:17:40,75.5,A,3408.0,12.49,13.68,37.38,99.9,C
2025-12-16 00:24:00,75.5,A,3371.0,14.27,14.74,37.54,101.7,C
2025-12-16 00:32:00,75.5,A,3670.0,12.84,14.7,37.1,109.6,B
2025-12-16 00:38:10,75.6,A,3419.0,13.33,15.25,38.67,108.3,C
2025-12-16 04:37:30,75.7,A,3362.0,12.98,14.51,36.74,122.4,C
2025-12-16 09:33:00,75.9,A,3395.0,13.67,15.06,36.86,102.3,C
2025-12-16 16:49:00,76.2,A,3325.0,14.0,15.47,37.05,105.3,C
2025-12-16 17:38:00,76.2,A,3420.0,13.19,15.26,37.64,104.5,C
2025-12-16 19:19:00,76.3,A,3401.0,12.63,15.6,35.97,107.1,C
2025-12-16 19:49:40,76.3,A,3404.0,13.35,14.72,36.68,104.3,C
2025-12-17 00:35:00,76.5,A,3349.0,14.43,14.74,36.73,103.4,C
2025-12-17 01:20:00,76.6,A,3415.0,13.54,14.67,36.89,105.2,B
2025-12-17 05:55:50,76.7,A,3374.0,13.15,14.45,36.53,103.6,C
2025-12-17 10:27:10,76.9,A,3393.0,14.11,14.58,37.1,117.4,C
2025-12-17 13:26:40,77.1,A,3375.0,12.46,14.28,37.79,105.8,C
2025-12-18 00:02:10,77.5,A,3562.0,14.03,14.74,36.13,109.2,B
2025-12-18 00:08:10,77.5,A,3399.0,15.77,15.33,36.72,108.6,C
2025-12-18 00:51:00,77.5,A,3370.0,14.44,14.96,35.66,104.9,C
2025-12-18 01:43:40,77.6,A,3419.0,14.49,15.07,37.71,114.4,C
2025-12-18 05:02:30,77.7,A,3416.0,13.79,14.88,36.52,106.2,C
2025-12-18 06:48:30,77.8,A,3595.0,14.86,15.24,36.13,115.6,B
2025-12-18 07:31:10,77.8,A,3439.0,12.82,14.91,36.67,106.5,C
2025-12-18 07:47:20,77.8,A,3422.0,13.91,15.73,36.73,104.7,C
2025-12-18 10:05:50,77.9,A,3318.0,13.19,14.88,36.3,109.6,C
2025-12-18 12:47:00,78.0,A,3373.0,13.94,14.92,37.28,105.0,C
2025-12-18 13:35:40,78.0,A,3405.0,14.11,14.92,35.45,125.0,C
2025-12-18 17:33:50,78.2,A,3429.0,13.8,14.7,37.22,105.9,C
2025-12-18 20:15:20,78.3,A,3348.0,14.09,13.98,36.88,110.3,C
2025-12-18 21:20:40,78.4,A,3259.0,15.03,15.08,36.79,113.8,C
2025-12-18 22:27:30,78.4,A,3385.0,14.14,14.52,33.8,103.9,C
2025-12-18 23:11:20,78.4,A,3276.0,13.79,14.6,36.12,109.4,C
2025-12-19 02:44:30,78.6,A,3391.0,14.1,16.83,39.14,108.7,C
2025-12-19 03:53:40,78.6,A,3360.0,13.31,13.74,36.2,109.9,C
2025-12-19 11:31:50,78.9,A,3383.0,14.12,14.78,36.87,110.2,C
2025-12-19 19:44:10,79.3,A,3401.0,14.35,14.66,36.99,110.5,C
2025-12-19 19:58:20,79.3,A,3156.0,14.41,14.57,36.5,91.2,C
2025-12-19 21:24:10,79.3,A,3387.0,13.36,14.58,36.03,107.4,C
2025-12-20 00:37:20,79.5,A,3433.0,14.95,14.72,36.95,107.5,C
2025-12-20 02:58:30,79.6,A,3453.0,12.71,14.62,36.74,117.4,C
2025-12-20 05:58:10,79.7,A,3418.0,13.92,14.1,36.64,109.6,C
2025-12-20 09:00:10,79.8,A,2932.0,14.56,14.46,36.67,109.6,C
2025-12-20 09:57:50,79.9,A,3339.0,13.34,14.45,36.56,105.6,C
2025-12-20 14:07:50,80.0,A,3332.0,14.95,14.08,36.96,103.1,C
2025-12-20 15:16:30,80.1,A,3448.0,14.22,14.03,35.36,106.2,C
2025-12-20 15:18:30,80.1,A,3372.0,14.55,14.92,35.44,107.3,C
2025-12-20 17:50:50,80.2,A,3346.0,14.13,15.44,36.04,105.5,C
2025-12-20 18:22:50,80.2,A,3415.0,14.34,14.69,36.28,114.4,C
2025-12-20 22:47:30,80.4,A,3362.0,12.38,13.83,36.01,103.9,C
2025-12-20 23:49:10,80.4,A,3433.0,14.55,14.67,36.65,107.3,C
2025-12-21 01:40:00,80.5,A,3360.0,14.16,14.7,36.41,107.4,C
2025-12-21 06:03:40,80.7,B,3322.0,15.71,14.08,34.17,107.8,C
2025-12-21 07:26:30,80.7,B,3330.0,14.69,15.87,35.42,105.2,C
2025-12-21 11:30:10,80.9,B,3325.0,14.58,13.9,34.61,98.1,C
2025-12-21 15:10:00,81.1,B,3387.0,14.92,13.88,34.28,103.1,C
2025-12-21 18:44:10,81.2,B,3070.0,14.35,13.32,34.65,101.9,C
2025-12-21 19:30:20,81.2,B,3293.0,15.31,13.84,35.31,100.3,C
2025-12-21 21:19:30,81.3,B,3293.0,15.89,14.87,35.5,102.1,C
2025-12-22 03:47:50,81.6,B,3331.0,15.66,14.36,35.36,111.4,C
2025-12-22 05:03:20,81.6,B,3310.0,14.45,14.45,35.03,103.6,C
2025-12-22 09:29:00,81.8,B,3342.0,15.42,14.22,35.34,106.3,C
2025-12-22 12:33:50,81.9,B,3323.0,14.75,13.43,35.28,101.7,C
2025-12-22 15:49:10,82.1,B,3295.0,15.66,13.51,34.29,110.5,C
2025-12-23 03:26:40,82.5,B,3429.0,14.37,13.51,35.64,102.3,C
2025-12-23 04:48:20,82.6,B,3342.0,15.35,13.22,34.9,99.5,C
2025-12-23 10:40:00,82.8,B,3264.0,14.9,13.56,35.69,106.9,C
2025-12-23 11:37:00,82.9,B,3451.0,15.17,13.56,34.82,103.9,C
2025-12-23 16:06:20,83.0,B,3188.0,16.28,13.44,34.38,108.6,C
2025-12-23 16:10:20,83.0,B,3254.0,15.1,14.02,34.28,99.5,C
2025-12-24 00:46:30,83.4,B,3300.0,14.82,13.17,35.54,99.4,C
2025-12-24 02:41:50,83.5,B,3253.0,15.87,13.27,35.44,103.1,C
2025-12-24 04:33:20,83.6,B,3334.0,14.84,14.16,35.18,103.3,C
2025-12-24 07:19:20,83.7,B,3378.0,14.52,13.93,35.19,104.6,C
2025-12-24 10:19:10,83.8,B,3315.0,15.57,14.22,34.99,101.1,C
2025-12-24 10:46:40,83.8,B,3271.0,15.51,11.71,34.77,106.6,C
2025-12-24 12:15:00,83.9,B,3288.0,15.35,13.73,34.54,101.8,C
2025-12-24 13:46:20,83.9,B,3310.0,15.61,13.79,34.7,108.0,C
2025-12-24 17:37:10,84.1,B,3279.0,16.88,12.77,34.65,104.7,C
2025-12-24 22:28:10,84.3,B,3549.0,15.97,14.07,34.33,104.9,C
2025-12-25 00:18:30,84.4,B,3317.0,15.52,13.35,34.79,104.7,C
2025-12-25 04:42:50,84.5,B,3387.0,16.24,13.88,35.48,105.8,C
2025-12-25 07:06:40,84.6,B,3356.0,15.6,12.85,35.35,107.1,C
2025-12-25 09:10:00,84.7,B,3287.0,15.61,13.2,34.61,105.6,C
2025-12-25 10:33:10,84.8,B,3261.0,15.68,13.88,35.21,114.9,C
2025-12-25 16:09:50,85.0,B,3310.0,15.96,13.66,35.26,106.3,C
2025-12-25 16:26:00,85.0,B,3288.0,15.35,15.19,35.46,105.8,C
2025-12-25 20:13:10,85.2,B,3329.0,15.82,13.3,35.05,120.3,C
2025-12-25 20:19:00,85.2,B,3235.0,16.39,12.86,35.05,107.6,C
2025-12-25 21:32:00,85.2,B,3305.0,16.18,13.32,33.71,108.3,C
2025-12-25 22:13:30,85.3,B,3295.0,16.22,13.11,35.03,105.8,C
2025-12-25 23:08:20,85.3,B,3274.0,15.31,13.48,35.48,108.0,C
2025-12-26 04:34:20,85.5,B,3269.0,14.44,13.5,34.3,108.9,C
2025-12-26 04:46:40,85.5,B,3278.0,15.66,13.35,34.27,104.4,C
2025-12-26 05:28:50,85.6,B,3300.0,17.33,13.56,35.07,110.6,C
2025-12-26 10:20:30,85.8,B,3319.0,16.1,13.84,34.53,109.8,C
2025-12-26 11:55:50,85.8,B,3362.0,15.66,13.28,33.57,106.4,C
2025-12-26 12:40:10,85.9,B,3242.0,16.78,13.7,34.44,105.0,C
2025-12-26 12:46:50,85.9,B,3291.0,16.19,13.08,35.56,102.2,C
2025-12-26 12:52:40,85.9,B,3281.0,16.3,13.55,34.52,105.2,C
2025-12-26 12:58:50,85.9,B,3271.0,18.59,12.69,34.99,108.7,C
2025-12-26 13:53:20,85.9,B,3285.0,16.09,13.9,35.4,108.3,C
2025-12-26 13:55:40,85.9,B,3384.0,16.04,14.07,33.28,110.1,C
2025-12-26 17:52:10,86.1,B,3226.0,15.97,13.68,34.36,107.9,C
2025-12-26 22:32:40,86.3,B,3167.0,16.32,12.87,33.81,111.0,C
2025-12-27 00:34:30,86.3,B,3298.0,16.03,13.27,35.12,103.8,C
2025-12-27 10:19:50,86.7,B,2900.0,15.72,13.33,33.93,108.2,C
2025-12-27 11:31:40,86.8,B,3292.0,16.1,13.5,36.37,103.0,C
2025-12-27 12:11:10,86.8,B,3294.0,16.01,13.04,35.64,102.6,C
2025-12-27 12:25:00,86.8,B,3312.0,16.57,13.68,34.19,108.0,C
2025-12-27 13:03:20,86.9,B,3337.0,15.8,15.98,35.42,99.8,C
2025-12-27 17:09:30,87.0,A,3375.0,16.48,13.4,35.24,103.6,C
2025-12-27 18:59:20,87.1,A,3363.0,14.99,13.56,36.25,110.4,C
2025-12-27 21:45:00,87.2,A,3327.0,15.31,13.76,36.51,106.5,C
2025-12-28 01:03:10,87.3,A,3343.0,15.15,13.91,37.01,109.4,C
2025-12-28 01:26:00,87.4,A,3386.0,15.14,14.03,32.96,102.6,C
2025-12-28 02:23:30,87.4,A,3085.0,15.63,14.44,35.96,104.1,C
2025-12-28 06:06:10,87.5,A,3312.0,16.02,13.74,36.01,103.7,C
2025-12-28 10:45:30,87.7,A,3281.0,13.97,14.31,35.78,104.4,C
2025-12-28 10:59:30,87.7,A,3393.0,16.04,13.96,35.91,104.9,C
2025-12-28 12:54:20,87.8,A,3289.0,16.15,14.3,36.19,104.7,C
2025-12-28 14:47:10,87.9,A,3575.0,15.78,14.43,35.52,103.8,C
2025-12-28 23:25:30,88.3,A,3378.0,14.59,13.2,35.7,101.5,C
2025-12-29 00:44:30,88.3,A,3317.0,15.14,14.4,35.47,98.6,C
2025-12-29 02:48:30,88.4,A,3439.0,15.43,14.19,35.85,105.3,C
2025-12-29 08:50:50,88.6,A,3313.0,15.39,14.28,36.05,100.5,C
2025-12-29 14:16:20,88.9,A,3293.0,16.46,13.84,37.46,99.3,C
2025-12-29 17:46:50,89.0,A,3323.0,15.59,13.84,35.24,104.3,C
2025-12-29 19:32:50,89.1,A,3301.0,16.03,13.59,35.29,100.4,C
2025-12-29 23:00:30,89.2,A,3260.0,15.78,13.57,34.91,100.2,C
2025-12-30 00:04:30,89.3,A,2900.0,15.92,14.77,35.52,101.3,C
2025-12-30 04:27:10,89.4,A,3231.0,15.24,14.04,36.13,101.4,C
2025-12-30 05:50:10,89.5,A,3312.0,15.72,13.32,34.29,99.0,C
2025-12-30 06:52:30,89.5,A,3299.0,16.04,12.92,35.88,96.1,C
2025-12-30 12:24:20,89.8,A,3284.0,15.01,13.7,36.03,104.5,C
2025-12-30 12:58:00,89.8,A,3387.0,15.89,13.67,35.4,100.0,C
2025-12-30 18:36:50,90.0,A,3300.0,15.66,13.83,35.31,100.7,C
2025-12-30 21:41:40,90.2,A,3393.0,15.31,13.96,35.57,100.7,C
2025-12-31 00:59:20,90.3,A,3353.0,15.89,13.81,34.52,102.3,C
2025-12-31 02:15:40,90.3,A,3259.0,15.5,13.62,35.47,102.7,C
2025-12-31 10:16:00,90.7,A,3261.0,16.18,13.72,34.86,112.1,C
2025-12-31 10:18:00,90.7,A,3309.0,15.53,14.85,36.58,96.0,C
2025-12-31 14:34:30,90.8,A,3307.0,16.56,14.12,36.05,103.4,C
2025-12-31 15:22:50,90.9,A,3284.0,15.55,14.49,35.0,102.8,C
