ts,value,state
2025-10-09T08:53:20.000Z,60.0000,ok
2025-10-09T08:53:21.000Z,60.2231,ok
2025-10-09T08:53:22.000Z,60.4445,ok
2025-10-09T08:53:23.000Z,60.6626,ok
2025-10-09T08:53:24.000Z,60.8759,ok
2025-10-09T08:53:25.000Z,61.0829,ok
2025-10-09T08:53:26.000Z,61.2820,ok
2025-10-09T08:53:27.000Z,61.4720,ok
2025-10-09T08:53:28.000Z,61.6516,ok
2025-10-09T08:53:29.000Z,61.8198,ok
2025-10-09T08:53:30.000Z,61.9754,ok
2025-10-09T08:53:31.000Z,62.1178,ok
2025-10-09T08:53:32.000Z,62.2463,ok
2025-10-09T08:53:33.000Z,62.3604,ok
2025-10-09T08:53:34.000Z,62.4599,ok
2025-10-09T08:53:35.000Z,62.5445,ok
2025-10-09T08:53:36.000Z,62.6144,ok
2025-10-09T08:53:37.000Z,62.6698,ok
2025-10-09T08:53:38.000Z,62.7112,ok
2025-10-09T08:53:39.000Z,62.7391,ok
2025-10-09T08:53:40.000Z,62.7543,ok
2025-10-09T08:53:41.000Z,62.7577,ok
2025-10-09T08:53:42.000Z,62.7504,ok
2025-10-09T08:53:43.000Z,62.7337,ok
2025-10-09T08:53:44.000Z,62.7087,ok
2025-10-09T08:53:45.000Z,62.6770,ok
2025-10-09T08:53:46.000Z,62.6400,ok
2025-10-09T08:53:47.000Z,62.5993,ok
2025-10-09T08:53:48.000Z,62.5566,ok
2025-10-09T08:53:49.000Z,62.5133,ok
2025-10-09T08:53:50.000Z,62.4713,ok
2025-10-09T08:53:51.000Z,62.4321,ok
2025-10-09T08:53:52.000Z,62.3973,ok
2025-10-09T08:53:53.000Z,62.3685,ok
2025-10-09T08:53:54.000Z,62.3470,ok
2025-10-09T08:53:55.000Z,62.3344,ok
2025-10-09T08:53:56.000Z,62.3318,ok
2025-10-09T08:53:57.000Z,62.3405,ok
2025-10-09T08:53:58.000Z,62.3613,ok
2025-10-09T08:53:59.000Z,62.3952,ok
2025-10-09T08:54:00.000Z,62.4428,ok
2025-10-09T08:54:01.000Z,62.5047,ok
2025-10-09T08:54:02.000Z,62.5813,ok
2025-10-09T08:54:03.000Z,62.6726,ok
2025-10-09T08:54:04.000Z,62.7786,ok
2025-10-09T08:54:05.000Z,62.8993,ok
2025-10-09T08:54:06.000Z,63.0341,ok
2025-10-09T08:54:07.000Z,63.1826,ok
2025-10-09T08:54:08.000Z,63.3440,ok
2025-10-09T08:54:09.000Z,63.5174,ok
2025-10-09T08:54:10.000Z,63.7019,ok
2025-10-09T08:54:11.000Z,63.8962,ok
2025-10-09T08:54:12.000Z,64.0990,ok
2025-10-09T08:54:13.000Z,64.3090,ok
2025-10-09T08:54:14.000Z,64.5247,ok
2025-10-09T08:54:15.000Z,64.7445,ok
2025-10-09T08:54:16.000Z,64.9669,ok
2025-10-09T08:54:17.000Z,65.1902,ok
2025-10-09T08:54:18.000Z,65.4127,ok
2025-10-09T08:54:19.000Z,65.6328,ok
2025-10-09T08:54:20.000Z,65.8490,ok
2025-10-09T08:54:21.000Z,66.0596,ok
2025-10-09T08:54:22.000Z,66.2632,ok
2025-10-09T08:54:23.000Z,66.4584,ok
2025-10-09T08:54:24.000Z,66.6438,ok
2025-10-09T08:54:25.000Z,66.8184,ok
2025-10-09T08:54:26.000Z,66.9810,ok
2025-10-09T08:54:27.000Z,67.1308,ok
2025-10-09T08:54:28.000Z,67.2670,ok
2025-10-09T08:54:29.000Z,67.3890,ok
2025-10-09T08:54:30.000Z,67.4965,ok
2025-10-09T08:54:31.000Z,67.5893,ok
2025-10-09T08:54:32.000Z,67.6672,ok
2025-10-09T08:54:33.000Z,67.7305,ok
2025-10-09T08:54:34.000Z,67.7796,ok
2025-10-09T08:54:35.000Z,67.8148,ok
2025-10-09T08:54:36.000Z,67.8368,ok
2025-10-09T08:54:37.000Z,67.8466,ok
2025-10-09T08:54:38.000Z,67.8451,ok
2025-10-09T08:54:39.000Z,67.8334,ok
2025-10-09T08:54:40.000Z,67.8127,ok
2025-10-09T08:54:41.000Z,67.7845,ok
2025-10-09T08:54:42.000Z,67.7503,ok
2025-10-09T08:54:43.000Z,67.7114,ok
2025-10-09T08:54:44.000Z,67.6696,ok
2025-10-09T08:54:45.000Z,67.6264,ok
2025-10-09T08:54:46.000Z,67.5835,ok
2025-10-09T08:54:47.000Z,67.5426,ok
2025-10-09T08:54:48.000Z,67.5051,ok
2025-10-09T08:54:49.000Z,67.4728,ok
2025-10-09T08:54:50.000Z,67.4472,ok
2025-10-09T08:54:51.000Z,67.4296,ok
2025-10-09T08:54:52.000Z,67.4213,ok
2025-10-09T08:54:53.000Z,67.4237,ok
2025-10-09T08:54:54.000Z,67.4377,ok
2025-10-09T08:54:55.000Z,67.4643,ok
2025-10-09T08:54:56.000Z,67.5043,ok
2025-10-09T08:54:57.000Z,67.5583,ok
2025-10-09T08:54:58.000Z,67.6268,ok
2025-10-09T08:54:59.000Z,67.7100,ok
2025-10-09T08:55:00.000Z,67.8080,ok
2025-10-09T08:55:01.000Z,67.9207,ok
2025-10-09T08:55:02.000Z,68.0478,ok
2025-10-09T08:55:03.000Z,68.1889,ok
2025-10-09T08:55:04.000Z,68.3433,ok
2025-10-09T08:55:05.000Z,68.5102,ok
2025-10-09T08:55:06.000Z,68.6888,ok
2025-10-09T08:55:07.000Z,68.8778,ok
2025-10-09T08:55:08.000Z,69.0761,ok
2025-10-09T08:55:09.000Z,69.2824,ok
2025-10-09T08:55:10.000Z,69.4951,ok
2025-10-09T08:55:11.000Z,69.7129,ok
2025-10-09T08:55:12.000Z,69.9341,ok
2025-10-09T08:55:13.000Z,70.1570,ok
2025-10-09T08:55:14.000Z,70.3802,ok
2025-10-09T08:55:15.000Z,70.6018,ok
2025-10-09T08:55:16.000Z,70.8203,ok
2025-10-09T08:55:17.000Z,71.0342,ok
2025-10-09T08:55:18.000Z,71.2418,ok
2025-10-09T08:55:19.000Z,71.4418,ok
2025-10-09T08:55:20.000Z,71.6327,ok
2025-10-09T08:55:21.000Z,71.8134,ok
2025-10-09T08:55:22.000Z,71.9827,ok
2025-10-09T08:55:23.000Z,72.1396,ok
2025-10-09T08:55:24.000Z,72.2833,ok
2025-10-09T08:55:25.000Z,72.4132,ok
2025-10-09T08:55:26.000Z,72.5287,ok
2025-10-09T08:55:27.000Z,72.6296,ok
2025-10-09T08:55:28.000Z,72.7157,ok
2025-10-09T08:55:29.000Z,72.7870,ok
2025-10-09T08:55:30.000Z,72.8438,ok
2025-10-09T08:55:31.000Z,72.8865,ok
2025-10-09T08:55:32.000Z,72.9157,ok
2025-10-09T08:55:33.000Z,72.9321,ok
2025-10-09T08:55:34.000Z,72.9366,ok
2025-10-09T08:55:35.000Z,72.9303,ok
2025-10-09T08:55:36.000Z,72.9144,ok
2025-10-09T08:55:37.000Z,72.8902,ok
2025-10-09T08:55:38.000Z,72.8591,ok
2025-10-09T08:55:39.000Z,72.8226,ok
2025-10-09T08:55:40.000Z,72.7822,ok
2025-10-09T08:55:41.000Z,72.7395,ok
2025-10-09T08:55:42.000Z,72.6963,ok
2025-10-09T08:55:43.000Z,72.6541,ok
2025-10-09T08:55:44.000Z,72.6145,ok
2025-10-09T08:55:45.000Z,72.5792,ok
2025-10-09T08:55:46.000Z,72.5497,ok
2025-10-09T08:55:47.000Z,72.5275,ok
2025-10-09T08:55:48.000Z,72.5140,ok
2025-10-09T08:55:49.000Z,72.5104,ok
2025-10-09T08:55:50.000Z,72.5179,ok
2025-10-09T08:55:51.000Z,72.5375,ok
2025-10-09T08:55:52.000Z,72.5701,ok
2025-10-09T08:55:53.000Z,72.6163,ok
2025-10-09T08:55:54.000Z,72.6768,ok
2025-10-09T08:55:55.000Z,72.7519,ok
2025-10-09T08:55:56.000Z,72.8418,ok
2025-10-09T08:55:57.000Z,72.9464,ok
2025-10-09T08:55:58.000Z,73.0657,ok
2025-10-09T08:55:59.000Z,73.1992,ok
2025-10-09T08:56:00.000Z,73.3463,ok
2025-10-09T08:56:01.000Z,73.5065,ok
2025-10-09T08:56:02.000Z,73.6788,ok
2025-10-09T08:56:03.000Z,73.8622,ok
2025-10-09T08:56:04.000Z,74.0556,ok
2025-10-09T08:56:05.000Z,74.2577,ok
2025-10-09T08:56:06.000Z,74.4671,ok
2025-10-09T08:56:07.000Z,74.6823,ok
2025-10-09T08:56:08.000Z,74.9018,ok
2025-10-09T08:56:09.000Z,75.1239,ok
2025-10-09T08:56:10.000Z,75.3472,ok
2025-10-09T08:56:11.000Z,75.5699,ok
2025-10-09T08:56:12.000Z,75.7903,ok
2025-10-09T08:56:13.000Z,76.0069,ok
2025-10-09T08:56:14.000Z,76.2182,ok
2025-10-09T08:56:15.000Z,76.4225,ok
2025-10-09T08:56:16.000Z,76.6186,ok
2025-10-09T08:56:17.000Z,76.8050,ok
2025-10-09T08:56:18.000Z,76.9807,ok
2025-10-09T08:56:19.000Z,77.1445,ok
2025-10-09T08:56:20.000Z,77.2955,ok
2025-10-09T08:56:21.000Z,77.4331,ok
2025-10-09T08:56:22.000Z,77.5565,ok
2025-10-09T08:56:23.000Z,77.6655,ok
2025-10-09T08:56:24.000Z,77.7597,ok
2025-10-09T08:56:25.000Z,77.8390,ok
2025-10-09T08:56:26.000Z,77.9038,ok
2025-10-09T08:56:27.000Z,77.9542,ok
2025-10-09T08:56:28.000Z,77.9907,ok
2025-10-09T08:56:29.000Z,78.0140,ok
2025-10-09T08:56:30.000Z,78.0249,ok
2025-10-09T08:56:31.000Z,78.0244,ok
2025-10-09T08:56:32.000Z,78.0137,ok
2025-10-09T08:56:33.000Z,77.9938,ok
2025-10-09T08:56:34.000Z,77.9663,ok
2025-10-09T08:56:35.000Z,77.9326,ok
2025-10-09T08:56:36.000Z,77.8941,ok
2025-10-09T08:56:37.000Z,77.8525,ok
2025-10-09T08:56:38.000Z,77.8094,ok
2025-10-09T08:56:39.000Z,77.7664,ok
2025-10-09T08:56:40.000Z,77.7252,ok
2025-10-09T08:56:41.000Z,77.6873,ok
2025-10-09T08:56:42.000Z,77.6545,ok
2025-10-09T08:56:43.000Z,77.6281,ok
2025-10-09T08:56:44.000Z,77.6096,ok
2025-10-09T08:56:45.000Z,77.6004,ok
2025-10-09T08:56:46.000Z,77.6017,ok
2025-10-09T08:56:47.000Z,77.6145,ok
2025-10-09T08:56:48.000Z,77.6399,ok
2025-10-09T08:56:49.000Z,77.6786,ok
2025-10-09T08:56:50.000Z,77.7312,ok
2025-10-09T08:56:51.000Z,77.7983,ok
2025-10-09T08:56:52.000Z,77.8800,ok
2025-10-09T08:56:53.000Z,77.9766,ok
2025-10-09T08:56:54.000Z,78.0878,ok
2025-10-09T08:56:55.000Z,78.2136,ok
2025-10-09T08:56:56.000Z,78.3533,ok
2025-10-09T08:56:57.000Z,78.5064,ok
2025-10-09T08:56:58.000Z,78.6722,ok
2025-10-09T08:56:59.000Z,78.8497,ok
2025-10-09T08:57:00.000Z,79.0377,ok
2025-10-09T08:57:01.000Z,79.2352,ok
2025-10-09T08:57:02.000Z,79.4407,ok
2025-10-09T08:57:03.000Z,79.6529,ok
2025-10-09T08:57:04.000Z,79.8703,ok
2025-10-09T08:57:05.000Z,80.0912,ok
2025-10-09T08:57:06.000Z,80.3140,ok
2025-10-09T08:57:07.000Z,80.5372,ok
2025-10-09T08:57:08.000Z,80.7591,ok
2025-10-09T08:57:09.000Z,80.9780,ok
2025-10-09T08:57:10.000Z,81.1924,ok
2025-10-09T08:57:11.000Z,81.4007,ok
2025-10-09T08:57:12.000Z,81.6015,ok
2025-10-09T08:57:13.000Z,81.7933,ok
2025-10-09T08:57:14.000Z,81.9751,ok
2025-10-09T08:57:15.000Z,82.1455,ok
2025-10-09T08:57:16.000Z,82.3037,ok
2025-10-09T08:57:17.000Z,82.4487,ok
2025-10-09T08:57:18.000Z,82.5799,ok
2025-10-09T08:57:19.000Z,82.6969,ok
2025-10-09T08:57:20.000Z,82.7992,ok
2025-10-09T08:57:21.000Z,82.8867,ok
2025-10-09T08:57:22.000Z,82.9594,ok
2025-10-09T08:57:23.000Z,83.0177,ok
2025-10-09T08:57:24.000Z,83.0617,ok
2025-10-09T08:57:25.000Z,83.0922,ok
2025-10-09T08:57:26.000Z,83.1098,ok
2025-10-09T08:57:27.000Z,83.1154,ok
2025-10-09T08:57:28.000Z,83.1102,ok
2025-10-09T08:57:29.000Z,83.0951,ok
2025-10-09T08:57:30.000Z,83.0717,ok
2025-10-09T08:57:31.000Z,83.0412,ok
2025-10-09T08:57:32.000Z,83.0051,ok
2025-10-09T08:57:33.000Z,82.9650,ok
2025-10-09T08:57:34.000Z,82.9225,ok
2025-10-09T08:57:35.000Z,82.8792,ok
2025-10-09T08:57:36.000Z,82.8369,ok
2025-10-09T08:57:37.000Z,82.7970,ok
2025-10-09T08:57:38.000Z,82.7612,ok
2025-10-09T08:57:39.000Z,82.7311,ok
2025-10-09T08:57:40.000Z,82.7081,ok
2025-10-09T08:57:41.000Z,82.6936,ok
2025-10-09T08:57:42.000Z,82.6890,ok
2025-10-09T08:57:43.000Z,82.6954,ok
2025-10-09T08:57:44.000Z,82.7138,ok
2025-10-09T08:57:45.000Z,82.7450,ok
2025-10-09T08:57:46.000Z,82.7900,ok
2025-10-09T08:57:47.000Z,82.8491,ok
2025-10-09T08:57:48.000Z,82.9227,ok
2025-10-09T08:57:49.000Z,83.0111,ok
2025-10-09T08:57:50.000Z,83.1144,ok
2025-10-09T08:57:51.000Z,83.2322,ok
2025-10-09T08:57:52.000Z,83.3643,ok
2025-10-09T08:57:53.000Z,83.5102,ok
2025-10-09T08:57:54.000Z,83.6691,ok
2025-10-09T08:57:55.000Z,83.8403,ok
2025-10-09T08:57:56.000Z,84.0227,ok
2025-10-09T08:57:57.000Z,84.2151,ok
2025-10-09T08:57:58.000Z,84.4164,ok
2025-10-09T08:57:59.000Z,84.6252,ok
2025-10-09T08:58:00.000Z,84.8399,ok
2025-10-09T08:58:01.000Z,85.0590,ok
2025-10-09T08:58:02.000Z,85.2810,ok
2025-10-09T08:58:03.000Z,85.5042,ok
2025-10-09T08:58:04.000Z,85.7270,ok
2025-10-09T08:58:05.000Z,85.9477,ok
2025-10-09T08:58:06.000Z,86.1648,ok
2025-10-09T08:58:07.000Z,86.3766,ok
2025-10-09T08:58:08.000Z,86.5817,ok
2025-10-09T08:58:09.000Z,86.7786,ok
2025-10-09T08:58:10.000Z,86.9661,ok
2025-10-09T08:58:11.000Z,87.1428,ok
2025-10-09T08:58:12.000Z,87.3078,ok
2025-10-09T08:58:13.000Z,87.4602,ok
2025-10-09T08:58:14.000Z,87.5991,ok
2025-10-09T08:58:15.000Z,87.7239,ok
2025-10-09T08:58:16.000Z,87.8343,ok
2025-10-09T08:58:17.000Z,87.9299,ok
2025-10-09T08:58:18.000Z,88.0107,ok
2025-10-09T08:58:19.000Z,88.0769,ok
2025-10-09T08:58:20.000Z,88.1286,ok
2025-10-09T08:58:21.000Z,88.1665,ok
2025-10-09T08:58:22.000Z,88.1910,ok
2025-10-09T08:58:23.000Z,88.2031,ok
2025-10-09T08:58:24.000Z,88.2037,ok
2025-10-09T08:58:25.000Z,88.1939,ok
2025-10-09T08:58:26.000Z,88.1749,ok
2025-10-09T08:58:27.000Z,88.1481,ok
2025-10-09T08:58:28.000Z,88.1149,ok
2025-10-09T08:58:29.000Z,88.0768,ok
2025-10-09T08:58:30.000Z,88.0354,ok
2025-10-09T08:58:31.000Z,87.9924,ok
2025-10-09T08:58:32.000Z,87.9493,ok
2025-10-09T08:58:33.000Z,87.9078,ok
2025-10-09T08:58:34.000Z,87.8696,ok
2025-10-09T08:58:35.000Z,87.8362,ok
2025-10-09T08:58:36.000Z,87.8091,ok
2025-10-09T08:58:37.000Z,87.7898,ok
2025-10-09T08:58:38.000Z,87.7796,ok
2025-10-09T08:58:39.000Z,87.7798,ok
2025-10-09T08:58:40.000Z,87.7915,ok
2025-10-09T08:58:41.000Z,87.8156,ok
2025-10-09T08:58:42.000Z,87.8530,ok
2025-10-09T08:58:43.000Z,87.9042,ok
2025-10-09T08:58:44.000Z,87.9699,ok
2025-10-09T08:58:45.000Z,88.0502,ok
2025-10-09T08:58:46.000Z,88.1453,ok
2025-10-09T08:58:47.000Z,88.2551,ok
2025-10-09T08:58:48.000Z,88.3795,ok
2025-10-09T08:58:49.000Z,88.5179,ok
2025-10-09T08:58:50.000Z,88.6697,ok
2025-10-09T08:58:51.000Z,88.8343,ok
2025-10-09T08:58:52.000Z,89.0107,ok
2025-10-09T08:58:53.000Z,89.1978,ok
2025-10-09T08:58:54.000Z,89.3944,ok
2025-10-09T08:58:55.000Z,89.5992,ok
2025-10-09T08:58:56.000Z,89.8108,ok
2025-10-09T08:58:57.000Z,90.0277,alarm
2025-10-09T08:58:58.000Z,90.2483,alarm
2025-10-09T08:58:59.000Z,90.4711,alarm
2025-10-09T08:59:00.000Z,90.6943,alarm
2025-10-09T08:59:01.000Z,90.9164,alarm
2025-10-09T08:59:02.000Z,91.1356,alarm
2025-10-09T08:59:03.000Z,91.3505,alarm
2025-10-09T08:59:04.000Z,91.5595,alarm
2025-10-09T08:59:05.000Z,91.7611,alarm
2025-10-09T08:59:06.000Z,91.9539,alarm
2025-10-09T08:59:07.000Z,92.1366,alarm
2025-10-09T08:59:08.000Z,92.3082,alarm
2025-10-09T08:59:09.000Z,92.4676,alarm
2025-10-09T08:59:10.000Z,92.6139,alarm
2025-10-09T08:59:11.000Z,92.7466,alarm
2025-10-09T08:59:12.000Z,92.8649,alarm
2025-10-09T08:59:13.000Z,92.9686,alarm
2025-10-09T08:59:14.000Z,93.0576,alarm
2025-10-09T08:59:15.000Z,93.1318,alarm
2025-10-09T08:59:16.000Z,93.1914,alarm
2025-10-09T08:59:17.000Z,93.2368,alarm
2025-10-09T08:59:18.000Z,93.2685,alarm
2025-10-09T08:59:19.000Z,93.2874,alarm