batch_id,ts_start,model,meters,total_defects,oligomer,dust,F_PS002@PV1_mean,F_PS003@PV1_mean,F_PS005@PV1_mean,F_PS006@PV1_mean,MD_TH001@PV_mean,MD_TH002@PV_mean,MD_TH003@PV_mean,MD_TH004@PV_mean,MD_TH005@PV_mean,MD_TH006@PV_mean,MD_TH007@PV_mean,MD_TH008@PV_mean,MD_TH009@PV_mean,MD_TH010@PV_mean,MD_TH011@PV_mean,MD_TH012@PV_mean,MD_TH013@PV_mean,MD_TH014@PV_mean,MD_TH015@PV_mean,MD_TH016@PV_mean,MD_TH017@PV_mean,MD_TH018@PV_mean,W1C00@PV1_mean,W1C01@PV1_mean,W1C40@PV1_mean,W1C4B@PV1_mean,W1C7C@PV1_mean,W1C7D@PV1_mean,W1C7E@PV1_mean,W1C7F@PV1_mean,W1C80@PV1_mean,W1C81@PV1_mean,W1C82@PV1_mean,W1C83@PV1_mean,W1C84@PV1_mean,W1C85@PV1_mean,W1C86@PV1_mean,W1C87@PV1_mean,W1C88@PV1_mean,W1C89@PV1_mean,W1C8A@PV1_mean,W1C8B@PV1_mean,W1C8C@PV1_mean,W1C8D@PV1_mean
H2652594,2026-05-06 11:06:00,FP21,1525,616.0,574.0,15.0,13.907178460881951,6.650223378385051,10.12975890984696,3.735617391179116,76.50188711787874,76.3281738624144,77.4220911947529,77.30532819769358,77.485517694709,83.30417230156029,83.1374403707097,83.58233316828698,82.98184289825099,82.8980357995194,84.28800107120128,31.30493832706066,36.26639394010052,35.98132512810526,35.81158052937366,35.61551126201503,35.41309570998288,35.267873185404234,24.60044942277201,8.526628880018599,11.300000190734902,34.4000015258789,-47.69663019930381,20.046067837918752,32.43595579768836,11.342696913172697,37.37640537304825,12.074157613047063,78.22472081559428,13.975281265344522,35.968539977341564,6.950561954734029,-70.52359686004982,53.78651831123268,11.886517117532456,-1.450561837199029,36.23932669135963,61.968540748853385,36.67640514588089,3.713483247864112
H2652596,2026-05-06 12:38:00,FP21,1273,16.0,9.0,6.0,13.900160716130172,6.645197714292086,10.07616976224458,3.7150343638200023,76.4173431396484,76.33804297814001,77.43561471792368,77.23419635479264,77.44567988469049,83.25048429048977,83.12939100999097,83.56197861891528,82.97055405836844,82.8646242581881,84.27340111365685,26.142396662785472,26.484507164588337,26.251529400165264,26.018545532226568,29.27354712853064,29.05026268592248,28.929966618464537,24.60215377807617,8.524922693692725,11.300000190734902,34.393847480187034,-48.51077041625978,29.36000072772688,1.0507692464269125,18.54923117710995,37.00307775644156,26.77384672898513,78.59846343994141,17.46923113602859,31.441539148183985,7.63538478704599,-71.0892323420598,53.76461680485654,13.652308038564849,-3.718461638230543,27.364616129948548,69.0923092181866,45.70307763906626,3.793846253248361
H2652603,2026-05-06 20:29:00,FP21,2818,88.0,15.0,28.0,12.645898309084448,6.705062658479898,12.143104798722982,4.407226765509879,76.46592954125732,75.98569375217551,77.16253254201152,77.23707308627591,77.27677434033687,83.27315876271463,83.04104840873494,83.4338528472598,82.94043890320431,82.89012055349822,84.29269907734182,26.578470815526373,26.49311828613281,26.250651897770307,25.902931288917465,30.45815118468632,30.266488707891785,30.20340041358872,24.595841492756755,8.52653430712105,20.38712852780184,63.90297177758547,-4.348514965855249,18.07524783068365,7.877227889429225,11.55148536852091,11.12079232872123,10.804950742438283,9.86930711670677,11.260396315319708,6.70495062535352,18.475247940214565,-38.74653549949723,37.82772351255512,14.575247906222218,6.560396232227286,21.993069658185004,14.263366727545726,-5.056435756164021,5.231683244799623
H2652607,2026-05-07 02:18:00,FP21,3210,55.0,6.0,16.0,12.56474613448949,6.649551632334885,12.15339643052481,4.435065255581754,76.40780565576644,76.06870232739494,77.16950781368514,77.18857418912128,77.26723220973338,83.30622893398247,83.0499725341797,83.46539439969848,82.93858722575662,82.86855442084155,84.27891273868894,26.587764258523585,26.49311828613281,26.205299895943917,25.92768119145366,30.446110253195133,30.28166198730469,30.186908462672548,24.595825176794552,8.525921969737823,20.376698892093422,63.876700540190754,-2.700970930092543,15.616505298799694,8.18543709944753,14.469903251499815,17.103883928465628,9.76213612602752,12.257281831167283,12.37475759543262,6.839805994218993,17.561165392977532,-38.78932119573206,36.824272452048895,16.110680033859715,6.403883688658184,22.10097125895973,12.738835260706043,-7.708738005277024,5.091262243326426
H2652608,2026-05-07 03:09:00,FP21,4575,93.0,16.0,30.0,12.613088737539696,6.661231066904911,12.115380449359924,4.44463605945613,76.4151107891887,76.08902133240993,77.1775576014097,77.18423347732647,77.27831522623698,83.31093893245773,83.03269273407608,83.43863402905104,82.93290274483819,82.87992879646976,84.2802666904164,26.573684692382805,26.493118286132805,26.201575142996617,25.927601405552466,30.45834132603234,30.28111329370616,30.198809253926168,24.59394548377212,8.525918006896974,20.0,62.7000007629395,-0.9789115904139823,17.419728298576523,6.353061356512055,16.354422160557352,8.971428764109707,4.444898062011823,22.189116043298437,13.748979951248698,6.953741672087688,19.208843912397125,-39.66802776103117,37.504082426732914,15.831292924426863,6.565306309940051,23.3544222773338,13.198639811301728,-8.453061408737078,5.010884447162653
H2652609,2026-05-07 04:22:00,FP21,4105,49.0,14.0,23.0,12.594999191456273,6.647614281876643,12.064059149950072,4.430213243441474,76.4333263196443,76.06124223981585,77.19792060565231,77.18253859899994,77.29390366633136,83.29526686130608,82.98959591514189,83.4025060897483,82.93167011002852,82.88606262207031,84.28649087776816,26.57489621728882,26.493118286132805,26.220555470402044,25.92803392912213,30.462990782314648,30.28166198730469,30.195545970945417,24.596466021430217,8.52563873090242,20.0,62.70000076293951,-1.5045113127146448,17.172180842636237,7.321804690181761,13.817293565076106,8.957143045009527,2.964661718479224,21.526316205361745,14.064662051380145,7.23233101780253,19.48345902808628,-39.619549715429336,37.46842162053388,15.746616951505056,6.48270695550101,23.72706821986608,12.956391320192736,-9.018797196839982,5.046616625965088
H2652642,2026-05-08 17:06:00,FP21,2455,249.0,185.0,30.0,14.191235808686844,7.284930431643012,8.80216611297437,5.893055729359888,75.39383267024375,75.26043760843115,76.35883685064049,76.20804523489329,76.34147303064441,82.18416514476587,82.10039234694153,82.56462404048641,81.98776134299166,81.92778969876595,83.29542524454979,31.301027010273,36.26317992823087,36.04469657343861,35.84880901315358,35.607799764452054,35.37628301695071,35.22690765551349,24.60245794157742,11.69094932279107,12.102235005554515,36.8139660371748,-65.00726435570743,30.8821236274762,14.695531078182457,12.744134404805797,76.7229065708608,45.08994497800008,76.13407961882693,6.597765534949702,27.177654324963115,10.36033544860073,-76.4715099228161,67.92178915865594,18.80949753489576,0.426256996543048,58.7217891629182,37.944134824102825,33.682682314398576,3.8022347135916768
H2652643,2026-05-08 18:35:00,FP21,3296,54.0,19.0,7.0,13.901726148405128,7.170353942154521,8.828822931532043,5.821157334259202,75.3464066310482,75.33195074091957,76.40694440135637,76.18414669142244,76.3603904260456,82.23808895553672,82.1443784092013,82.57314667253863,82.01896094222096,81.93384387611687,83.28954294109872,31.30313354829398,36.27246759741348,36.0501488954323,35.843037052049155,35.58772766787706,35.36859122429101,35.21908122531618,24.6014915698141,11.691546577116398,12.101657830549184,36.81602170322478,-71.84641038251846,19.998895397502423,18.117679901544577,18.608840204734182,76.79502898158289,38.0812162536284,78.48895154078362,7.611602371568837,28.698343298053224,11.552486456560173,-75.76961483612904,66.30884126273308,19.275691006065085,-0.1585635404560448,59.30607885286955,39.14254223312463,30.838674840347554,3.6718233026852265
H2652644,2026-05-08 20:05:00,FP21,1718,23.0,5.0,3.0,13.611651350322528,7.059616445240222,8.944620082252904,5.825305266129343,75.35150162546257,75.34289855957029,76.42595134534331,76.16247349789268,76.34758895070928,82.23384254857113,82.1139518336246,82.56769393117804,82.01819377698396,81.93451875385487,83.28725473504318,31.31248955977589,36.26996251156457,36.05307119269123,35.84471419484991,35.596395874023465,35.37105761076271,35.22735419022411,24.604210361681485,11.691262767189423,12.101053007025444,36.816841727808864,-71.976843502647,22.33473735608554,17.68947414598968,15.232631889142503,76.85894879792866,35.226316512258435,78.53579117624383,6.558947530545686,27.83368504172878,11.35473706596776,-75.80842261063425,66.20737023604543,19.736842506810248,-0.9673684430749794,59.89684371948242,39.70315864964536,29.26000075089305,3.643157969023052
H2652645,2026-05-08 20:52:00,FP21,1668,15.0,2.0,2.0,13.645403044564388,7.066391630487126,9.098097256251744,5.877134815677182,75.354980301071,75.30197227394186,76.40475547706686,76.07845918424837,76.34811787028887,82.23129289228838,82.08992440359933,82.5663138588706,82.01967293875558,81.96023106837012,83.29318086393587,31.307273277869587,36.27858843122211,36.0477259709285,35.84707826048462,35.61980681366976,35.38811065338467,35.23187675056879,24.601758076594425,11.692417218134944,12.114286087371466,36.867032732282325,-69.2428590963175,27.4868139749045,47.6010999784365,-18.03186851674384,76.7923089331323,31.148352360987406,78.46813344431447,4.289011071262123,22.36813232924913,10.16813212174636,-75.76153950114826,65.55274887923356,19.30879159026095,-2.031868175408998,60.79670472197481,40.62087991735439,27.761539291549525,3.676923172814505
H2652646,2026-05-08 21:37:00,FP21,1531,38.0,4.0,20.0,13.83537649225305,7.132890206796152,9.07594460616877,5.842401781199891,75.31370732813703,75.25111765920377,76.37289899661215,76.05177721565153,76.33957078721787,82.21826567473236,82.07866207169894,82.55923179343893,81.96736182695554,81.916771594389,83.29588317871092,31.329327430254136,36.28143781497156,36.06596336835699,35.84952215500819,35.58422192232109,35.34386849109038,35.18829213837048,24.600370265819404,11.690740338078248,12.800000190734902,39.0,-67.16419879301095,42.68024774245275,21.40987705890044,-7.351852009877747,76.49506349916811,31.11234653143236,58.15432240050518,7.196296420362266,33.28642056312091,6.533333440713675,-71.86419894371504,62.74321134590808,16.835802878862555,-0.3703703791087054,50.24197689103493,38.84197602448641,33.12716123792861,3.697530949557269
H2652647,2026-05-08 22:17:00,FP21,2509,33.0,0.0,11.0,13.579774117284966,7.03496236949004,9.151098961053892,5.836074060247849,75.20892274841778,75.31922463113945,76.3780199390973,76.04767046787943,76.35836141423658,82.23801688260811,82.15861747800845,82.56583410455272,82.02902682991915,81.95724002335425,83.33083171992338,31.327822544778037,36.290575722391296,36.05506281889689,35.850264320077805,35.612911372221745,35.359291608943494,35.209003182344674,24.604418525400085,11.691394961157505,12.86434151405514,39.17674391399056,-73.5806217637173,30.817830241003715,20.750388071518543,7.416279247564865,76.19380010560502,50.84651311238608,35.839535676231684,20.196899621061583,29.391473592713837,8.393023490905763,-70.50232708361722,61.65736572502197,17.480620606001047,-0.3379845049723176,48.22325731617537,39.39147372578467,32.10077580001004,3.744961345842642
H2652649,2026-05-09 01:01:00,FP21,2470,24.0,0.0,9.0,13.906959807225908,7.1296085904735005,9.303104777668798,5.8080356287401775,75.1905364990234,75.30464621846987,76.37040899705515,76.04893848507903,76.36850673468535,82.22975726460302,82.08683918797689,82.55821204370304,81.98708455876786,81.95341846554781,83.34862370454061,31.324695321016527,36.2899495206138,36.03878109954126,35.84650710941284,35.607273900231675,35.36805843382841,35.22653683211454,24.602247888727707,11.691705045773997,12.917830008869034,39.327906527260446,-72.97907085566558,31.42635750585749,20.260465607162608,9.286046657162585,76.10232715458832,60.20000159093577,28.008527859236857,22.92945789366731,27.903101632761416,9.295349036076267,-70.32093201866445,61.545738042787086,17.772093469782412,-1.71627911226463,48.19302474620732,41.78682244470878,29.80620230445567,3.779069842294205
H2652651,2026-05-09 02:21:00,FP21,3218,41.0,2.0,6.0,13.227063401231488,6.870290552528159,9.173119322767535,5.662118064547048,74.92380486645744,74.89443836397338,76.0829928499981,76.04092096125038,76.45625157032195,82.23438255532274,82.16039550188677,82.62663950503453,82.02355231127693,82.01002739471137,83.37387425691178,31.508918688135203,36.326092914470166,36.05624226690499,35.7919120418215,35.45386023660308,35.25387351026816,35.11270748990253,23.50223256083368,11.691067565992036,20.3999996185303,63.990291410279504,-17.56019455252343,32.726214307025806,16.628155699054023,9.095145835242803,25.27475793153338,44.8330105901922,17.422330541518143,18.003883861801015,12.012621680509705,18.916505202506364,-39.24077743233987,37.58932124758231,15.390291695455913,6.64466037102116,20.283495523397217,11.7378643276622,-5.593204013352253,5.027184578978898
H2652652,2026-05-09 03:12:00,FP21,6375,53.0,16.0,16.0,13.35871825526603,6.919261038006835,9.342844725841314,5.678701512256073,74.94401595841593,74.86551336032241,76.0937977501409,76.07060970477204,76.4543708307826,82.2308001162401,82.21734733012187,82.6393366571683,82.0330721727058,82.01798343183982,83.38356276175276,31.51536863716083,36.32543740343689,36.05048313425551,35.79324257314499,35.49742050550471,35.28924112652076,35.14817749327095,23.50208916355721,11.691641409005689,20.40049713286597,63.99452744668989,-19.245274021850904,35.081095349136284,11.899005256482033,14.52238840131618,19.117413350005656,44.27761261973215,18.01293575229931,19.03233869751889,12.32885601271445,19.36716455488064,-38.69353304810785,36.7338315669577,15.423880970893231,6.47711462049342,20.538308793632563,12.195025206798354,-6.932835991702863,4.913432930239395
H2652648,2026-05-09 23:21:00,FP21,3939,38.0,2.0,15.0,13.768258365232551,7.116363205126862,7.57969883543935,4.458178188077252,75.20966084798174,74.97371927897136,76.45559183756508,76.30215962727864,76.34489076528975,82.24384524217292,82.1480450986037,82.62914515253327,81.99555377106168,81.98372813362387,83.29873786280997,31.26449653283873,36.24384918972039,35.95481067866236,35.778372617503265,35.59025725559219,35.36399279542226,35.212480004154045,24.60263672634144,7.11641768555143,11.300000190734904,34.398508954403994,-66.00895643471485,74.5925387482145,-12.943283894761889,69.24428021255419,76.93681745386836,6.47562204427387,78.57811118358403,-0.2766169262169605,48.77811088372228,-0.4825870710151705,-81.17910607181378,59.344280015176814,44.61990113519317,9.547263871377972,55.39104621090108,47.85024995946174,14.966667080400011,3.920398104843215
H2652741,2026-05-13 12:30:00,FP21,2106,103.0,9.0,29.0,12.791195812388365,7.301891326904297,11.776157664437568,5.877749512338231,75.42398371248161,75.37435274042633,76.42013823680385,76.29847665118355,76.43691612308858,82.29132197453426,82.19537549141126,82.63384892390326,81.98594430776743,81.88300095256581,83.29378111749632,31.242059039254475,36.246529473198834,36.04693825224529,35.815614488389734,35.543556017753424,35.370258168277545,35.23976735172111,24.60307675549108,11.691538077134348,12.000854704115126,36.5,-38.5290606572078,15.15641067374467,-50.35726641793538,-0.1692307720709049,75.94188168517545,24.24615449171801,77.9905998034355,9.25213697629097,37.30171027550332,-4.983760808268164,-86.08632620787009,64.91111220661392,49.3820526905549,13.099145652901424,49.841881972092864,39.38205207107415,38.09914600339712,3.8051282758386726
H2652742,2026-05-13 13:28:00,FP21,2107,137.0,17.0,68.0,12.75132285224067,7.273541059249487,11.798761229229788,5.877867507119464,75.42747888809593,75.41839221400072,76.42153604621558,76.26981621114615,76.43132384210567,82.28711993877704,82.15195445525343,82.63174790602467,81.98104167188335,81.88720142331901,83.27276311369023,31.248954707740715,36.24445714706034,36.05039039024943,35.80801978478062,35.53181822687134,35.35092619545436,35.21353110288963,24.604016980554302,11.6917090212178,12.000854704115126,36.50085472041725,-39.35555632501587,13.03675251333124,-43.25128284682577,0.4316239415580392,75.72051480285123,20.1632481925508,78.44530050163596,11.229914832318952,37.05726577889208,-6.32735056652982,-85.21880477514023,63.80342017279731,50.30512964623608,12.787179783878171,49.67863402407395,40.627351190289886,32.614530807886375,3.898290689174945
H2652743,2026-05-13 14:26:00,FP21,2107,63.0,5.0,13.0,12.684742208840188,7.240250380142875,11.719851784084144,5.84296062718267,75.42994070744167,75.45601775680761,76.41259920424305,76.25018244204313,76.41971378049985,82.29214411196502,82.15439041801123,82.63896444569465,81.9845428466797,81.89666770161065,83.28637894340183,31.24964506729789,36.25316608815957,36.04003397623699,35.801175545955026,35.54124406455221,35.365635305211136,35.213441047115616,24.60202886056209,11.691159027210176,12.0,36.5,-37.357971799546405,11.879710384037187,-38.750725400620624,-3.510145006620365,75.80579829561538,21.79710189155912,78.47246529399484,10.068116118942486,36.64782698258111,-6.905797281127043,-84.76087122378142,63.072465316109046,50.15507385696193,12.413043796152314,50.039131772690936,41.22318925719332,30.20724719503653,3.885507322739863
