timestamp,mean_thk,td_std,zone_L,zone_C,zone_R,dev_pos07,die_bolt_T3_pct,melt_temp_C,pull_speed_mpm,lip_gap_mm
2026-09-30 00:00:00,49.52641,0.472295,49.414271,49.921657,49.2433,-0.12285,50.0003,284.8227,120.2308,0.84938
2026-09-30 00:02:00,49.621367,0.43175,49.459557,50.014686,49.389857,-0.0257,50.0003,284.8227,120.2308,0.84938
2026-09-30 00:04:00,49.589057,0.374456,49.403757,49.929043,49.434371,0.24155,50.0003,284.8227,120.2308,0.84938
2026-09-30 00:06:00,49.551819,0.414517,49.424414,49.876186,49.354857,0.429,50.0747,285.111,120.1493,0.85018
2026-09-30 00:08:00,49.554671,0.419004,49.4131,49.882557,49.368357,-0.131,49.7774,285.0579,120.0413,0.84943
2026-09-30 00:10:00,49.564586,0.395039,49.413886,49.937743,49.342129,-0.00765,49.7521,285.0458,119.8901,0.85002
2026-09-30 00:12:00,49.577595,0.369564,49.4058,49.865886,49.4611,-0.00895,50.3351,284.996,120.022,0.85061
2026-09-30 00:14:00,49.534571,0.38206,49.360143,49.909457,49.334114,-0.1208,49.8449,285.0068,119.927,0.84981
2026-09-30 00:16:00,49.478957,0.478836,49.147643,49.975786,49.313443,-0.00955,50.0892,284.837,119.927,0.84957
2026-09-30 00:18:00,49.593257,0.422264,49.392943,50.009571,49.377257,-0.6013,49.7674,285.0517,120.0707,0.85065
2026-09-30 00:20:00,49.611481,0.415156,49.465557,49.9521,49.416786,0.29295,50.1738,284.8846,119.8294,0.8499
2026-09-30 00:22:00,49.531305,0.433552,49.352114,49.963057,49.278743,-0.07685,49.8856,285.3723,119.8612,0.84954
2026-09-30 00:24:00,49.545038,0.430723,49.334486,49.8956,49.405029,-0.2881,49.6776,285.0505,119.9368,0.84998
2026-09-30 00:26:00,49.575029,0.376671,49.412071,49.954743,49.358271,-0.17675,49.9412,284.615,120.2776,0.85041
2026-09-30 00:28:00,49.588295,0.436758,49.379329,49.976343,49.409214,-0.1451,50.0678,284.894,119.8241,0.85035
2026-09-30 00:30:00,49.519048,0.417655,49.303829,49.914857,49.338457,0.03215,49.9533,284.9619,119.9233,0.8502
2026-09-30 00:32:00,49.559419,0.438611,49.3593,49.976743,49.342214,-0.01155,49.8653,284.9672,119.9749,0.85029
2026-09-30 00:34:00,49.574405,0.468903,49.389129,49.931729,49.402357,0.08325,50.0283,284.916,120.4277,0.84994
2026-09-30 00:36:00,49.598486,0.465906,49.301343,50.076043,49.418071,0.0294,49.8806,284.7969,119.9636,0.84926
2026-09-30 00:38:00,49.5416,0.467287,49.303286,49.977929,49.343586,0.0882,49.7978,285.1164,119.8457,0.84998
2026-09-30 00:40:00,49.550024,0.457064,49.270386,50.0212,49.358486,-0.12735,49.7981,285.106,120.1083,0.84891
2026-09-30 00:42:00,49.552424,0.441616,49.335657,49.9468,49.374814,-0.21665,50.2211,285.1776,119.8555,0.85025
2026-09-30 00:44:00,49.562152,0.421004,49.2681,50.006343,49.412014,-0.11685,49.9721,285.2496,119.6549,0.84936
2026-09-30 00:46:00,49.613748,0.478029,49.329286,50.127457,49.3845,-0.0011,50.0159,284.9823,119.9455,0.84923
2026-09-30 00:48:00,49.490867,0.443797,49.207714,49.920257,49.344629,0.008,50.019,285.0269,120.0267,0.8509
2026-09-30 00:50:00,49.592729,0.511723,49.433657,50.100686,49.243843,0.1089,49.6132,285.03,119.8356,0.8501
2026-09-30 00:52:00,49.595614,0.440005,49.361957,50.032014,49.392871,0.0727,50.0298,284.6845,120.1449,0.85008
2026-09-30 00:54:00,49.605552,0.404604,49.414657,49.977043,49.424957,0.0289,50.5001,284.6961,120.0072,0.84976
2026-09-30 00:56:00,49.488243,0.455546,49.2439,49.926629,49.2942,0.1505,49.7002,285.0007,120.1534,0.85003
2026-09-30 00:58:00,49.594638,0.420103,49.517343,49.9452,49.321371,0.38965,50.1442,285.1032,120.4712,0.84955
2026-09-30 01:00:00,49.597419,0.391861,49.516086,49.925686,49.350486,0.1161,50.1707,285.0144,120.0495,0.84967
2026-09-30 01:02:00,49.615281,0.404557,49.412686,50.016571,49.416586,0.03545,50.1668,285.2807,119.2947,0.84998
2026-09-30 01:04:00,49.593548,0.390805,49.407629,49.9703,49.402714,0.04905,49.8311,285.1555,120.0018,0.84999
2026-09-30 01:06:00,49.570414,0.377141,49.383843,49.940129,49.387271,0.0716,49.8842,285.0627,119.8831,0.84834
2026-09-30 01:08:00,49.551429,0.441746,49.386829,49.948614,49.318843,0.3323,49.7032,284.8921,120.2553,0.85078
2026-09-30 01:10:00,49.594419,0.420551,49.382357,50.015157,49.385743,-0.34845,49.951,284.876,120.2836,0.84955
2026-09-30 01:12:00,49.633433,0.416687,49.373757,50.007257,49.519286,-0.1233,50.2863,284.9852,120.0918,0.8505
2026-09-30 01:14:00,49.605152,0.423219,49.335957,49.994086,49.485414,-0.0513,49.8013,284.8431,120.2928,0.8507
2026-09-30 01:16:00,49.579814,0.379637,49.3768,49.973857,49.388786,0.08785,49.5019,284.9894,119.9238,0.85019
2026-09-30 01:18:00,49.5532,0.500198,49.298386,50.014357,49.346857,0.22495,49.9757,284.7166,119.892,0.84969
2026-09-30 01:20:00,49.577033,0.393221,49.439443,49.892829,49.398829,-0.0184,50.1724,284.9167,120.1551,0.85031
2026-09-30 01:22:00,49.574719,0.450182,49.397457,49.894043,49.432657,0.25145,49.9079,284.9121,120.1161,0.84971
2026-09-30 01:24:00,49.507576,0.433546,49.333643,49.9781,49.210986,0.2719,50.3809,284.9913,119.9681,0.84932
2026-09-30 01:26:00,49.53,0.458303,49.234857,49.970014,49.385129,-0.2128,49.9241,285.002,119.9186,0.8484
2026-09-30 01:28:00,49.526424,0.459011,49.323614,49.938614,49.317043,0.0403,49.9698,284.9293,119.9515,0.85037
2026-09-30 01:30:00,49.563919,0.484005,49.271729,50.045471,49.374557,0.03505,49.7215,285.069,120.2298,0.85004
2026-09-30 01:32:00,49.528795,0.429242,49.376029,49.938371,49.271986,-0.0057,49.8891,285.0063,119.9944,0.85085
2026-09-30 01:34:00,49.545552,0.419937,49.301943,49.938643,49.396071,-0.0297,50.1633,285.1523,120.0853,0.84993
2026-09-30 01:36:00,49.544457,0.414326,49.345357,49.935357,49.352657,0.0897,50.1671,285.0564,120.1525,0.85013
2026-09-30 01:38:00,49.50969,0.403844,49.288014,49.907957,49.3331,0.079,50.263,285.0178,120.0864,0.85007
2026-09-30 01:40:00,49.594343,0.418602,49.377929,49.984929,49.420171,0.05855,50.1458,284.996,120.153,0.84979
2026-09-30 01:42:00,49.554195,0.431138,49.347543,49.958829,49.356214,-0.10895,50.0867,285.2007,119.8219,0.85027
2026-09-30 01:44:00,49.569324,0.381301,49.3663,49.941629,49.400043,-0.1499,49.4912,284.8243,119.9539,0.8503
2026-09-30 01:46:00,49.562919,0.457001,49.364471,50.005086,49.3192,-0.2999,49.775,284.8674,120.1843,0.8503
2026-09-30 01:48:00,49.506843,0.432535,49.325929,49.917429,49.277171,0.09635,50.5612,285.0747,119.9746,0.84941
2026-09-30 01:50:00,49.580586,0.430152,49.363657,50.019586,49.358514,0.0602,49.844,285.0819,120.3518,0.84981
2026-09-30 01:52:00,49.50211,0.47036,49.311914,49.926086,49.268329,-0.2103,50.1233,285.2875,120.0609,0.85109
2026-09-30 01:54:00,49.558595,0.417205,49.434757,49.8702,49.370829,0.1642,49.9485,284.6629,120.0692,0.85008
2026-09-30 01:56:00,49.519881,0.408767,49.308914,49.8881,49.362629,0.20335,50.13,284.9478,120.075,0.84957
2026-09-30 01:58:00,49.595605,0.449195,49.3632,50.076629,49.346986,-0.0008,49.9802,284.6788,119.9774,0.84909
2026-09-30 02:00:00,49.581929,0.465096,49.344114,49.979714,49.421957,0.0227,49.7364,285.251,120.0939,0.85074
2026-09-30 02:02:00,49.539038,0.418871,49.342929,49.936671,49.337514,-0.1379,49.7855,285.1757,120.1784,0.8506
2026-09-30 02:04:00,49.573986,0.437238,49.376129,49.985186,49.360643,0.1295,50.0482,285.3524,120.021,0.85003
2026-09-30 02:06:00,49.525905,0.439896,49.395586,49.887043,49.295086,0.1127,49.8522,284.9718,120.0506,0.85036
2026-09-30 02:08:00,49.59689,0.493388,49.3487,49.991514,49.450457,0.0995,49.5006,285.0789,119.9082,0.85065
2026-09-30 02:10:00,49.559152,0.382185,49.474729,49.889086,49.313643,0.5006,50.0907,285.1065,119.8092,0.85006
2026-09-30 02:12:00,49.555119,0.408679,49.369757,49.943971,49.351629,0.0654,50.2117,284.7317,120.2602,0.84999
2026-09-30 02:14:00,49.539924,0.415583,49.345186,49.8583,49.416286,0.108,50.1892,284.9476,119.9952,0.84974
2026-09-30 02:16:00,49.48139,0.447542,49.330086,49.850386,49.2637,0.14605,50.1947,285.0508,120.0047,0.84997
2026-09-30 02:18:00,49.59991,0.444197,49.454857,49.971843,49.373029,-0.20305,49.6158,284.797,120.013,0.84944
2026-09-30 02:20:00,49.591814,0.447038,49.368629,50.057143,49.349671,0.10495,50.3604,284.922,120.1864,0.85014
2026-09-30 02:22:00,49.575419,0.408587,49.457043,49.930943,49.338271,-0.11505,49.9315,285.1684,120.207,0.84945
2026-09-30 02:24:00,49.553448,0.443104,49.318686,49.961729,49.379929,0.21715,49.7562,285.0739,119.7877,0.84958
2026-09-30 02:26:00,49.58279,0.434756,49.337214,49.998329,49.412829,-0.0392,49.8643,284.8374,119.9704,0.84929
2026-09-30 02:28:00,49.516681,0.385423,49.414886,49.840071,49.295086,-0.14465,49.8017,284.8586,120.075,0.84973
2026-09-30 02:30:00,49.5739,0.385015,49.458014,49.894929,49.368757,-0.00265,49.6806,285.0683,120.0154,0.84983
2026-09-30 02:32:00,49.56541,0.405069,49.434371,49.885514,49.376343,-0.12175,49.9615,284.799,119.9095,0.84969
2026-09-30 02:34:00,49.635795,0.417987,49.483286,50.002714,49.421386,-0.15735,50.0033,284.8849,120.1079,0.85001
2026-09-30 02:36:00,49.560571,0.44576,49.333271,49.963729,49.384714,0.05975,49.9183,284.9821,119.8291,0.85003
2026-09-30 02:38:00,49.54751,0.387259,49.326671,49.845071,49.470786,-0.10945,50.002,285.1388,119.8816,0.8506
2026-09-30 02:40:00,49.585938,0.424094,49.364114,49.972086,49.421614,-0.31185,49.925,284.911,119.5241,0.84992
2026-09-30 02:42:00,49.583514,0.370026,49.415914,49.9356,49.399029,0.0344,49.7983,284.9552,119.9825,0.85022
2026-09-30 02:44:00,49.5576,0.391615,49.367486,49.906314,49.399,0.3805,49.8322,285.0186,119.8504,0.85073
2026-09-30 02:46:00,49.58821,0.42008,49.464871,49.917886,49.381871,0.1904,50.0843,284.9338,120.2704,0.84922
2026-09-30 02:48:00,49.52019,0.457157,49.331386,49.936286,49.2929,0.309,49.6365,285.2295,120.358,0.84941
2026-09-30 02:50:00,49.554729,0.390001,49.352229,49.925,49.386957,-0.1212,49.842,284.9612,119.5299,0.84931
2026-09-30 02:52:00,49.543943,0.426817,49.3828,49.947357,49.301671,0.15035,50.1837,284.9935,119.9264,0.84981
2026-09-30 02:54:00,49.511362,0.432693,49.282957,49.983229,49.2679,-0.19055,50.0179,285.1325,120.3135,0.84964
2026-09-30 02:56:00,49.536262,0.456995,49.301643,49.975814,49.331329,0.05825,50.1137,285.3623,120.2324,0.84991
2026-09-30 02:58:00,49.587871,0.390235,49.430471,49.968286,49.364857,-0.0395,49.9643,284.8204,119.8496,0.85003
2026-09-30 03:00:00,49.617514,0.403599,49.416229,49.997286,49.439029,-0.0948,49.696,284.9382,119.8799,0.84863
2026-09-30 03:02:00,49.585471,0.452423,49.3521,50.046557,49.357757,0.29355,49.8732,284.5512,120.192,0.85075
2026-09-30 03:04:00,49.567538,0.403258,49.351243,49.96,49.391371,-0.0436,49.9916,285.1228,120.122,0.85029
2026-09-30 03:06:00,49.472667,0.438011,49.209829,49.882257,49.325914,-0.2821,49.873,285.1468,119.9449,0.84967
2026-09-30 03:08:00,49.594467,0.397697,49.445543,49.899486,49.438371,0.12105,49.9245,284.9931,119.9545,0.85041
2026-09-30 03:10:00,49.577719,0.471349,49.406771,49.973414,49.352971,0.26445,50.0056,284.8884,119.8099,0.85027
2026-09-30 03:12:00,49.590824,0.44187,49.3505,50.019071,49.4029,0.01955,50.1701,285.1585,120.0832,0.85017
2026-09-30 03:14:00,49.515324,0.460536,49.3099,49.957386,49.278686,0.2275,49.8591,284.8,119.9171,0.8501
2026-09-30 03:16:00,49.575305,0.379418,49.369357,49.906914,49.449643,0.0738,50.2374,284.9726,120.1461,0.85013
2026-09-30 03:18:00,49.586786,0.46134,49.384929,50.074386,49.301043,-0.36445,49.9648,285.0651,120.0883,0.84958
2026-09-30 03:20:00,49.567295,0.422718,49.354957,49.992086,49.354843,-0.00865,50.1954,284.7644,120.0722,0.84974
2026-09-30 03:22:00,49.5252,0.470679,49.3349,50.007057,49.233643,-0.0877,50.2303,285.2654,120.0262,0.85001
2026-09-30 03:24:00,49.584929,0.429491,49.4067,49.924743,49.423343,0.18005,50.3787,285.0334,119.944,0.85105
2026-09-30 03:26:00,49.5814,0.34815,49.360757,49.943557,49.439886,0.0136,50.2154,285.0959,120.125,0.85033
2026-09-30 03:28:00,49.532857,0.46316,49.317371,49.923986,49.357214,-0.0551,50.2184,284.9518,119.9492,0.84929
2026-09-30 03:30:00,49.539857,0.37281,49.361686,49.865171,49.392714,-0.0234,50.3711,285.12,119.9504,0.84995
2026-09-30 03:32:00,49.506048,0.421669,49.359671,49.904857,49.253614,0.0964,49.5778,284.8255,120.1064,0.85003
2026-09-30 03:34:00,49.599281,0.474823,49.330143,50.035557,49.432143,0.0862,49.7462,285.1658,119.9417,0.85029
2026-09-30 03:36:00,49.613371,0.427664,49.3533,50.070086,49.416729,-0.24745,50.2099,284.9087,120.0796,0.84869
2026-09-30 03:38:00,49.50611,0.415702,49.290486,49.898486,49.329357,0.28275,49.4725,285.0164,119.8486,0.84956
2026-09-30 03:40:00,49.527138,0.435241,49.292543,49.965171,49.3237,0.03645,50.0111,284.8126,119.9616,0.85089
2026-09-30 03:42:00,49.636724,0.430517,49.460971,50.038614,49.410586,0.17515,50.0096,284.9761,119.9509,0.85011
2026-09-30 03:44:00,49.579919,0.397309,49.381443,49.940843,49.417471,-0.00965,49.6216,285.0323,120.1372,0.85089
2026-09-30 03:46:00,49.601286,0.430084,49.378843,49.9712,49.453814,0.0126,49.7571,284.9384,119.6742,0.8501
2026-09-30 03:48:00,49.584881,0.419715,49.375157,49.928686,49.4508,0.12845,50.1264,284.7872,119.7776,0.84993
2026-09-30 03:50:00,49.506738,0.496188,49.217886,49.980143,49.322186,0.1277,50.1016,285.0647,119.9119,0.84952
2026-09-30 03:52:00,49.549557,0.477728,49.310771,49.9671,49.3708,0.12825,49.8355,285.1615,120.0199,0.84959
2026-09-30 03:54:00,49.49159,0.426735,49.341286,49.929214,49.204271,-0.01,49.7783,284.7738,119.9915,0.84976
2026-09-30 03:56:00,49.533738,0.439234,49.367514,49.874714,49.358986,-0.11905,49.8043,285.0683,120.0485,0.85064
2026-09-30 03:58:00,49.573819,0.471035,49.388071,50.032257,49.301129,0.4418,50.0849,285.0925,120.2288,0.85057
2026-09-30 04:00:00,49.555214,0.395858,49.421186,49.8787,49.365757,0.2445,49.6518,285.1209,120.3412,0.85074
2026-09-30 04:02:00,49.544095,0.4069,49.339257,49.903271,49.389757,0.0892,49.9776,284.7771,120.1949,0.84993
2026-09-30 04:04:00,49.514086,0.437986,49.241729,49.955286,49.345243,0.30645,49.6375,285.0489,120.167,0.84963
2026-09-30 04:06:00,49.560376,0.480277,49.268914,50.063371,49.348843,0.05445,50.1858,285.0845,119.8961,0.85017
2026-09-30 04:08:00,49.534148,0.477619,49.282357,49.977243,49.342843,-0.19925,50.0203,285.0426,120.117,0.85018
2026-09-30 04:10:00,49.570952,0.445597,49.363043,49.983357,49.366457,0.00895,50.2886,284.8459,120.0425,0.85027
2026-09-30 04:12:00,49.516862,0.387608,49.302529,49.942629,49.305429,-0.15075,49.4499,285.214,120.2298,0.85031
2026-09-30 04:14:00,49.526229,0.405953,49.310029,49.929057,49.3396,-0.13785,49.5078,285.0766,120.2472,0.85036
2026-09-30 04:16:00,49.612067,0.396639,49.445314,49.967243,49.423643,0.05195,49.8675,285.0249,119.7569,0.85169
2026-09-30 04:18:00,49.581143,0.469193,49.3756,50.003443,49.364386,0.0549,50.0118,285.2308,119.816,0.85005
2026-09-30 04:20:00,49.561219,0.346438,49.402886,49.866886,49.413886,-0.06305,49.7648,285.0759,120.2926,0.85078
2026-09-30 04:22:00,49.551367,0.419005,49.351257,49.932529,49.370314,-0.078,50.0394,285.1572,119.7948,0.85053
2026-09-30 04:24:00,49.540362,0.44126,49.282,49.952429,49.386657,-0.13275,49.9866,285.1118,120.2097,0.85014
2026-09-30 04:26:00,49.557124,0.419227,49.289171,49.964414,49.417786,-0.1061,50.2014,285.0765,119.9847,0.85049
2026-09-30 04:28:00,49.538795,0.411742,49.334643,49.8641,49.417643,0.08705,50.0539,284.9222,119.6397,0.84947
2026-09-30 04:30:00,49.533071,0.436836,49.295857,49.986371,49.316986,-0.037,50.1278,285.1338,120.0725,0.84929
2026-09-30 04:32:00,49.584438,0.440679,49.3993,49.966943,49.387071,0.14265,50.2735,285.0937,119.8083,0.8504
2026-09-30 04:34:00,49.579219,0.402961,49.394243,49.991786,49.351629,0.2752,49.9656,285.0753,119.8846,0.8504
2026-09-30 04:36:00,49.55179,0.377045,49.3617,49.923386,49.370286,0.0655,49.6688,284.8763,120.0181,0.84945
2026-09-30 04:38:00,49.586948,0.471288,49.2716,50.059371,49.429871,-0.37075,50.3651,284.9556,120.3623,0.85033
2026-09-30 04:40:00,49.597024,0.342319,49.492786,49.912971,49.385314,0.0042,50.1929,285.4722,119.8602,0.84987
2026-09-30 04:42:00,49.557052,0.411139,49.344314,49.9061,49.420743,0.1039,49.3466,285.1084,120.3471,0.8504
2026-09-30 04:44:00,49.573643,0.413474,49.386543,49.904314,49.430071,-0.18715,49.9847,284.9036,120.2798,0.84953
2026-09-30 04:46:00,49.480143,0.397019,49.344657,49.786529,49.309243,0.15465,49.7308,284.9201,119.8955,0.84963
2026-09-30 04:48:00,49.569714,0.390298,49.377343,49.924771,49.407029,0.0706,49.9554,284.901,120.0206,0.8503
2026-09-30 04:50:00,49.572729,0.365448,49.407743,49.9134,49.397043,0.33755,50.0836,284.8499,119.8084,0.85077
2026-09-30 04:52:00,49.543457,0.444051,49.386043,49.939086,49.305243,-0.05565,50.3822,284.7958,120.1745,0.84976
2026-09-30 04:54:00,49.60399,0.414736,49.368586,50.003271,49.440114,0.07335,49.9026,285.009,119.9627,0.85106
2026-09-30 04:56:00,49.590362,0.384301,49.398386,49.939471,49.433229,0.4098,50.3923,285.1567,119.731,0.85014
2026-09-30 04:58:00,49.549219,0.444816,49.330429,49.924614,49.392614,0.11585,50.2292,285.1005,119.5356,0.85001
2026-09-30 05:00:00,49.62981,0.380329,49.461343,49.956914,49.471171,-0.0969,50.0275,285.3425,120.1157,0.85064
2026-09-30 05:02:00,49.566986,0.449733,49.363743,49.932243,49.404971,0.3566,49.937,284.9677,120.1249,0.84947
2026-09-30 05:04:00,49.567324,0.463902,49.370343,49.944086,49.387543,0.1004,50.0136,285.057,119.832,0.84977
2026-09-30 05:06:00,49.585724,0.474002,49.365514,50.024314,49.367343,0.225,50.1389,284.8831,119.7819,0.8501
2026-09-30 05:08:00,49.596519,0.323522,49.439914,49.878914,49.470729,-0.1814,49.8552,285.0113,120.0216,0.85034
2026-09-30 05:10:00,49.516767,0.371683,49.356214,49.885814,49.308271,0.0326,50.4007,285.1426,120.2771,0.85057
2026-09-30 05:12:00,49.526719,0.440568,49.296186,49.916843,49.367129,-0.11965,50.0169,285.0427,120.2731,0.84889
2026-09-30 05:14:00,49.540414,0.466222,49.327914,49.9059,49.387429,0.239,49.7227,284.8729,119.764,0.8506
2026-09-30 05:16:00,49.600862,0.455502,49.349629,50.0155,49.437457,-0.0466,50.2184,284.8511,120.1018,0.84972
2026-09-30 05:18:00,49.564752,0.426117,49.410614,49.986986,49.296657,0.257,49.9432,284.9123,120.2706,0.84953
2026-09-30 05:20:00,49.601786,0.46359,49.376029,50.044929,49.3844,-0.2724,50.0274,284.8359,120.0775,0.84938
2026-09-30 05:22:00,49.559524,0.388863,49.3499,49.902443,49.426229,-0.1176,49.9412,284.8201,120.0184,0.85
2026-09-30 05:24:00,49.523767,0.395416,49.387157,49.899629,49.284514,-0.42105,50.2211,285.024,119.9386,0.84999
2026-09-30 05:26:00,49.554376,0.495579,49.349629,50.030471,49.283029,-0.17295,50.1443,284.8089,119.5799,0.84925
2026-09-30 05:28:00,49.582419,0.467095,49.4515,49.999614,49.296143,-0.07125,49.9216,284.8804,119.781,0.84968
2026-09-30 05:30:00,49.56651,0.412403,49.378314,49.958414,49.3628,-0.09315,50.0479,285.057,119.8117,0.85011
2026-09-30 05:32:00,49.562371,0.438843,49.3902,49.934886,49.362029,-0.0144,49.7516,284.7303,120.1125,0.8497
2026-09-30 05:34:00,49.596457,0.465333,49.285514,50.074071,49.429786,-0.11305,50.5039,285.0843,120.0606,0.8496
2026-09-30 05:36:00,49.569552,0.401583,49.389043,49.947071,49.372543,-0.0047,49.9493,284.8464,120.4451,0.85092
2026-09-30 05:38:00,49.60661,0.390428,49.391814,49.991471,49.436543,0.06205,50.0798,284.7958,120.3949,0.84922
2026-09-30 05:40:00,49.532252,0.415551,49.422843,49.918014,49.2559,-0.1236,49.7233,284.9488,120.1364,0.85012
2026-09-30 05:42:00,49.5611,0.428945,49.461257,49.9216,49.300443,0.1763,49.7736,284.921,120.1193,0.85026
2026-09-30 05:44:00,49.632524,0.436625,49.394571,50.025971,49.477029,0.0182,50.3811,284.9504,119.6846,0.84968
2026-09-30 05:46:00,49.596362,0.464291,49.502343,49.9865,49.300243,0.064,50.1383,285.2026,119.7701,0.85009
2026-09-30 05:48:00,49.54101,0.445795,49.331814,49.9283,49.362914,0.08875,49.9508,285.0066,119.8571,0.8501
2026-09-30 05:50:00,49.540119,0.399079,49.356286,49.874586,49.389486,-0.09045,49.6617,284.7671,119.7141,0.84961
2026-09-30 05:52:00,49.583233,0.425483,49.421457,49.993086,49.335157,0.1987,50.3698,284.9279,120.1122,0.85017
2026-09-30 05:54:00,49.578514,0.423587,49.395,49.989157,49.351386,-0.0559,49.7645,285.0534,119.8915,0.85018
2026-09-30 05:56:00,49.586976,0.421877,49.368243,49.919257,49.473429,0.12795,49.874,285.0334,119.9564,0.85042
2026-09-30 05:58:00,49.540838,0.452106,49.313257,49.914057,49.3952,0.41545,49.9487,284.8489,120.1647,0.85033
2026-09-30 06:00:00,49.548514,0.439305,49.300643,49.941629,49.403271,-0.17895,50.0742,284.9219,120.1385,0.84949
2026-09-30 06:02:00,49.573138,0.392037,49.349643,49.921457,49.448314,0.0192,49.99,284.9021,120.3998,0.84966
2026-09-30 06:04:00,49.574129,0.467174,49.390271,49.9602,49.371914,-0.2979,49.979,284.8135,119.922,0.85112
2026-09-30 06:06:00,49.570719,0.443027,49.416043,49.979514,49.3166,-0.0376,50.4677,284.985,120.24,0.84901
2026-09-30 06:08:00,49.553729,0.428071,49.384929,49.906686,49.369571,0.03715,50.014,284.9016,120.0819,0.84969
2026-09-30 06:10:00,49.4562,0.428504,49.3228,49.844929,49.200871,-0.4682,50.097,284.9671,119.8615,0.85005
2026-09-30 06:12:00,49.510195,0.400674,49.324943,49.882257,49.323386,0.15375,49.6477,285.0061,119.6878,0.85008
2026-09-30 06:14:00,49.557443,0.441417,49.358071,49.911329,49.402929,0.1081,50.1766,284.8988,119.6029,0.85002
2026-09-30 06:16:00,49.549676,0.425601,49.453,49.852657,49.343371,0.5004,49.5725,285.2067,120.3031,0.84992
2026-09-30 06:18:00,49.563829,0.405126,49.3931,49.958086,49.3403,-0.272,49.8303,284.8766,120.0622,0.84937
2026-09-30 06:20:00,49.539862,0.460559,49.2683,50.005657,49.345629,0.0245,50.5644,285.0175,120.2562,0.84993
2026-09-30 06:22:00,49.538048,0.431585,49.333457,49.964114,49.316571,-0.274,49.8052,284.9654,120.1853,0.85041
2026-09-30 06:24:00,49.498314,0.428791,49.300057,49.9249,49.269986,-0.0957,49.986,285.0077,120.0872,0.84979
2026-09-30 06:26:00,49.53,0.463707,49.255086,49.998329,49.336586,-0.35725,49.7121,285.1925,119.7652,0.8503
2026-09-30 06:28:00,49.519571,0.458203,49.281157,49.950614,49.326943,0.0469,49.7123,284.8435,120.0868,0.85003
2026-09-30 06:30:00,49.560562,0.430464,49.329343,49.985429,49.366914,-0.0433,50.2657,285.1055,119.7275,0.8491
2026-09-30 06:32:00,49.569757,0.402224,49.322857,49.974229,49.412186,0.06445,49.8815,284.8392,120.2948,0.84958
2026-09-30 06:34:00,49.62149,0.439711,49.4338,50.034986,49.395686,-0.17635,49.967,285.0723,119.9082,0.84994
2026-09-30 06:36:00,49.524133,0.403361,49.352386,49.860386,49.359629,0.1156,49.9152,284.8128,120.197,0.85041
2026-09-30 06:38:00,49.549738,0.452267,49.459214,49.935757,49.254243,0.27645,49.639,284.9584,119.7794,0.8501
2026-09-30 06:40:00,49.558329,0.416197,49.393871,49.980743,49.300371,-0.3091,49.9522,284.8928,119.5874,0.84972
2026-09-30 06:42:00,49.532767,0.447039,49.301186,49.950714,49.3464,0.12905,50.2504,284.9297,120.2322,0.8509
2026-09-30 06:44:00,49.585414,0.398289,49.330471,49.952671,49.4731,-0.2159,49.804,285.1302,120.1563,0.84968
2026-09-30 06:46:00,49.547043,0.396934,49.444514,49.874243,49.322371,0.16365,50.098,285.148,120.1457,0.85014
2026-09-30 06:48:00,49.5912,0.49455,49.357871,50.031343,49.384386,0.0644,50.2573,284.9913,119.8342,0.84958
2026-09-30 06:50:00,49.551357,0.426956,49.367843,49.970886,49.315343,-0.19495,49.6967,284.9016,119.9853,0.8497
2026-09-30 06:52:00,49.600495,0.39355,49.408814,49.965214,49.427457,0.3155,50.2014,285.1242,120.3252,0.85012
2026-09-30 06:54:00,49.553776,0.455221,49.381286,49.9471,49.332943,-0.05075,49.5252,284.8272,119.8494,0.85
2026-09-30 06:56:00,49.642895,0.446042,49.464129,50.099071,49.365486,0.3008,50.1495,284.7825,119.9625,0.85111
2026-09-30 06:58:00,49.586243,0.396368,49.444386,49.943286,49.371057,0.05305,49.9041,284.9793,120.0669,0.84933
2026-09-30 07:00:00,49.564271,0.397207,49.407471,49.933529,49.351814,-0.2503,49.7184,284.978,119.847,0.84956
2026-09-30 07:02:00,49.58199,0.396246,49.409171,49.928614,49.408186,0.0875,49.9561,285.023,120.0579,0.85001
2026-09-30 07:04:00,49.5834,0.42932,49.426657,49.982414,49.341129,0.09085,49.8382,284.993,120.0207,0.85037
2026-09-30 07:06:00,49.568348,0.473056,49.388386,50.014686,49.301971,0.4008,49.5822,285.4021,119.9679,0.85075
2026-09-30 07:08:00,49.51699,0.44046,49.356871,49.928043,49.266057,0.23105,50.2459,284.8747,120.2485,0.84942
2026-09-30 07:10:00,49.548705,0.409293,49.3913,49.908443,49.346371,-0.3072,50.2681,284.9343,120.1768,0.85091
2026-09-30 07:12:00,49.52369,0.414581,49.321729,49.937086,49.312257,-0.15445,49.739,284.8904,119.8343,0.8493
2026-09-30 07:14:00,49.593024,0.389413,49.4496,49.956886,49.372586,0.34765,49.8852,285.1326,119.8186,0.85009
2026-09-30 07:16:00,49.509752,0.413618,49.345686,49.940914,49.242657,0.17545,49.866,284.8814,120.0029,0.84995
2026-09-30 07:18:00,49.582405,0.365081,49.422914,49.911143,49.413157,0.18775,49.9239,284.8235,120.1653,0.8508
2026-09-30 07:20:00,49.553471,0.452994,49.313671,49.980114,49.366629,-0.23205,49.6776,284.9677,120.0623,0.84897
2026-09-30 07:22:00,49.585019,0.466002,49.392171,49.986786,49.3761,0.0973,50.2207,284.9056,120.0333,0.85049
2026-09-30 07:24:00,49.55319,0.470274,49.347757,49.990829,49.320986,-0.1095,50.0009,285.0386,120.0208,0.8498
2026-09-30 07:26:00,49.584167,0.417993,49.426157,49.9766,49.349743,0.1344,49.7557,284.6988,119.6584,0.85003
2026-09-30 07:28:00,49.548324,0.394276,49.317471,49.914943,49.412557,-0.0772,49.8705,285.1112,119.9843,0.85013
2026-09-30 07:30:00,49.544776,0.504766,49.399757,49.969043,49.265529,0.11565,49.805,285.031,120.1296,0.84955
2026-09-30 07:32:00,49.592552,0.413493,49.353,49.961914,49.462743,-0.15715,49.9432,284.9388,119.8983,0.84994
2026-09-30 07:34:00,49.528533,0.410966,49.318314,49.954571,49.312714,-0.0581,50.1469,284.9006,120.6425,0.84955
2026-09-30 07:36:00,49.598357,0.422792,49.440143,50.002986,49.351943,0.09225,50.1508,285.0514,119.6399,0.85003
2026-09-30 07:38:00,49.553686,0.427802,49.343157,49.939929,49.377971,-0.23655,49.7285,284.9507,119.9267,0.85076
2026-09-30 07:40:00,49.546105,0.46843,49.342214,49.964886,49.331214,-0.023,50.013,285.0485,119.9842,0.8495
2026-09-30 07:42:00,49.615724,0.364201,49.467486,49.906114,49.473571,-0.08885,49.7734,285.2574,120.1083,0.85057
2026-09-30 07:44:00,49.608276,0.480952,49.441843,50.053929,49.329057,0.1216,49.5695,285.0016,119.7279,0.85077
2026-09-30 07:46:00,49.593,0.452535,49.376557,50.069129,49.333314,-0.2446,49.7296,285.1536,119.9231,0.84984
2026-09-30 07:48:00,49.581481,0.453993,49.414271,49.979429,49.350743,0.08665,49.9852,285.0804,120.0969,0.85098
2026-09-30 07:50:00,49.587281,0.427559,49.382129,50.012057,49.367657,-0.0014,49.6189,284.9039,120.0039,0.8501
2026-09-30 07:52:00,49.594962,0.452151,49.465129,50.006443,49.313314,0.22785,49.8142,285.1831,120.4077,0.85084
2026-09-30 07:54:00,49.561838,0.412602,49.389757,49.929843,49.365914,0.1995,50.0949,285.1022,120.0934,0.84988
2026-09-30 07:56:00,49.536176,0.410198,49.331514,49.890329,49.386686,0.2632,49.8196,284.8532,119.8094,0.84977
2026-09-30 07:58:00,49.545386,0.411924,49.477357,49.893086,49.265714,-0.0073,49.8111,285.04,120.0327,0.85051
2026-09-30 08:00:00,49.584252,0.429344,49.4224,49.958686,49.371671,0.2096,49.7572,285.2657,120.1135,0.85006
2026-09-30 08:02:00,49.482724,0.415817,49.2684,49.893843,49.285929,-0.0768,49.5411,285.1322,120.226,0.84968
2026-09-30 08:04:00,49.5387,0.430281,49.305071,49.946129,49.3649,-0.25625,49.9199,285.1071,120.038,0.85015
2026-09-30 08:06:00,49.589271,0.403705,49.400886,50.021543,49.345386,0.0132,49.9922,284.9305,119.7793,0.84994
2026-09-30 08:08:00,49.554071,0.429434,49.283314,49.986743,49.392157,-0.23555,50.0124,284.9907,120.178,0.85
2026-09-30 08:10:00,49.574014,0.474935,49.346671,49.981571,49.3938,0.22475,49.7403,285.0602,120.1312,0.84958
2026-09-30 08:12:00,49.526543,0.496541,49.219243,50.013943,49.346443,-0.12425,49.747,284.8889,120.1507,0.8492
2026-09-30 08:14:00,49.554133,0.416239,49.371357,49.9411,49.349943,0.0972,50.1867,284.7455,119.9557,0.8496
2026-09-30 08:16:00,49.505952,0.428801,49.278971,49.861557,49.377329,0.4612,49.7597,285.2329,119.989,0.85042
2026-09-30 08:18:00,49.597414,0.415572,49.411229,49.982014,49.399,0.04105,49.9113,284.896,119.9961,0.85104
2026-09-30 08:20:00,49.573381,0.47285,49.318014,49.989786,49.412343,-0.0026,49.2951,284.7525,120.1489,0.85041
2026-09-30 08:22:00,49.50491,0.417254,49.297357,49.8328,49.384571,0.20765,49.7311,284.6117,120.3409,0.84918
2026-09-30 08:24:00,49.586462,0.412116,49.3998,49.993686,49.3659,-0.0093,49.7305,285.2336,119.8072,0.8498
2026-09-30 08:26:00,49.525643,0.44875,49.278357,49.953486,49.345086,0.217,49.6234,284.9668,119.8569,0.84984
2026-09-30 08:28:00,49.604052,0.493264,49.4214,50.016214,49.374543,-0.05945,50.3465,284.8654,120.3692,0.85084
2026-09-30 08:30:00,49.636424,0.405857,49.421171,49.990443,49.497657,0.0254,49.8996,284.832,120.1683,0.84962
2026-09-30 08:32:00,49.585881,0.431963,49.4941,49.9607,49.302843,-0.0068,49.5265,285.1494,119.9696,0.84908
2026-09-30 08:34:00,49.538286,0.387163,49.340686,49.936914,49.337257,0.0849,49.9923,284.9454,120.0845,0.85053
2026-09-30 08:36:00,49.541095,0.408298,49.314329,49.922957,49.386,-0.0173,49.9766,284.7987,120.2091,0.84939
2026-09-30 08:38:00,49.543752,0.416759,49.340386,49.874471,49.4164,-0.09685,49.9834,285.0511,119.7241,0.84895
2026-09-30 08:40:00,49.542238,0.419457,49.265929,49.9612,49.399586,0.05685,50.3226,284.993,119.9362,0.85003
2026-09-30 08:42:00,49.569343,0.466309,49.363757,49.944314,49.399957,0.2858,49.9658,284.9014,119.7764,0.84949
2026-09-30 08:44:00,49.565929,0.460238,49.340029,49.969614,49.388143,-0.20445,49.9838,284.8935,119.9584,0.85085
2026-09-30 08:46:00,49.52571,0.402841,49.394,49.854314,49.328814,0.34755,49.8144,284.8943,119.8924,0.84967
2026-09-30 08:48:00,49.575648,0.447277,49.349343,49.9648,49.4128,-0.02335,49.7392,284.9934,119.7588,0.85038
2026-09-30 08:50:00,49.530762,0.406622,49.448014,49.868529,49.275743,-0.06855,49.974,284.9188,120.3175,0.85128
2026-09-30 08:52:00,49.559005,0.444974,49.406643,49.924529,49.345843,-0.3921,49.9543,284.8271,119.6758,0.84975
2026-09-30 08:54:00,49.506705,0.426693,49.2572,49.950943,49.311971,-0.20285,49.763,285.1407,120.0755,0.85048
2026-09-30 08:56:00,49.574714,0.440235,49.363043,49.995214,49.365886,0.03965,49.8628,285.1936,119.9494,0.85043
2026-09-30 08:58:00,49.542724,0.419218,49.360886,49.904629,49.362657,-0.00085,49.9989,284.9684,120.112,0.84971
2026-09-30 09:00:00,49.550752,0.40624,49.364071,49.929529,49.358657,0.18305,50.0168,284.9958,119.5595,0.8506
2026-09-30 09:02:00,49.563738,0.41743,49.403786,49.920971,49.366457,0.0665,49.8459,285.1416,120.2028,0.84975
2026-09-30 09:04:00,49.622862,0.419589,49.367129,49.979471,49.521986,0.1862,49.4812,284.8969,119.6584,0.85099
2026-09-30 09:06:00,49.532538,0.452359,49.381714,49.885014,49.330886,0.3584,50.0377,285.0462,120.1415,0.84986
2026-09-30 09:08:00,49.5596,0.402582,49.475,49.912014,49.291786,0.2863,49.8939,285.178,119.9339,0.84992
2026-09-30 09:10:00,49.532481,0.40134,49.326043,49.9129,49.3585,-0.16975,49.7559,284.958,120.2419,0.84976
2026-09-30 09:12:00,49.548576,0.409348,49.287514,49.940729,49.417486,0.03515,49.8618,284.7057,120.1066,0.8491
2026-09-30 09:14:00,49.595019,0.431524,49.394143,50.012329,49.378586,0.0709,49.699,284.8186,119.9237,0.84944
2026-09-30 09:16:00,49.581952,0.481591,49.338057,50.008129,49.399671,0.10075,50.0358,284.8884,120.0513,0.84971
2026-09-30 09:18:00,49.47949,0.394936,49.344557,49.804943,49.288971,0.0197,49.8902,284.9897,119.9513,0.85037
2026-09-30 09:20:00,49.522357,0.421758,49.327171,49.845829,49.394071,0.22245,49.5838,284.7481,120.0976,0.84957
2026-09-30 09:22:00,49.602729,0.424413,49.399343,49.989314,49.419529,0.17195,50.0608,284.7786,119.6849,0.85038
2026-09-30 09:24:00,49.534371,0.423908,49.390957,49.946071,49.266086,0.2857,50.0958,285.055,119.882,0.84952
2026-09-30 09:26:00,49.543876,0.387067,49.424786,49.883514,49.323329,0.3477,49.9351,285.3065,119.8296,0.84998
2026-09-30 09:28:00,49.585424,0.406103,49.491857,49.884371,49.380043,0.45045,50.1077,285.0894,120.1656,0.8495
2026-09-30 09:30:00,49.507133,0.396742,49.377643,49.851471,49.292286,0.16405,49.6214,284.9711,119.7725,0.85025
2026-09-30 09:32:00,49.573381,0.440575,49.387514,49.955357,49.377271,0.0757,50.2924,285.1652,119.9081,0.8506
2026-09-30 09:34:00,49.606562,0.457717,49.436257,50.001214,49.382214,0.3264,50.0585,285.1582,119.7077,0.84925
2026-09-30 09:36:00,49.558067,0.399168,49.473771,49.837114,49.363314,0.2827,50.2356,285.1441,119.9488,0.84934
2026-09-30 09:38:00,49.574748,0.451491,49.367157,50.010629,49.346457,-0.32875,49.3669,284.8134,120.0265,0.84982
2026-09-30 09:40:00,49.553048,0.42636,49.338343,49.931343,49.389457,0.04995,49.627,285.2737,120.4147,0.85033
2026-09-30 09:42:00,49.546733,0.444622,49.332529,49.992314,49.315357,-0.1522,49.8413,284.7874,119.8911,0.85078
2026-09-30 09:44:00,49.529033,0.43649,49.331914,49.927486,49.3277,-0.21185,49.9073,284.9457,120.0487,0.8508
2026-09-30 09:46:00,49.550581,0.440437,49.336814,50.002257,49.312671,-0.01905,50.437,284.6565,119.9479,0.85011
2026-09-30 09:48:00,49.551762,0.424822,49.375329,49.948357,49.3316,0.1626,49.9742,285.0408,120.0061,0.84974
2026-09-30 09:50:00,49.507686,0.391316,49.304343,49.869157,49.349557,-0.39695,49.6848,284.9626,120.0666,0.85005
2026-09-30 09:52:00,49.546395,0.443327,49.3109,49.924786,49.4035,0.17595,50.1063,285.0902,119.8726,0.84929
2026-09-30 09:54:00,49.599252,0.458652,49.398529,50.0728,49.326429,-0.0745,50.0276,284.9548,119.6526,0.84985
2026-09-30 09:56:00,49.563852,0.390416,49.405414,49.922829,49.363314,0.06355,49.8069,284.815,120.1739,0.8485
2026-09-30 09:58:00,49.534948,0.405494,49.360229,49.958786,49.285829,-0.00735,50.1828,284.9816,119.989,0.85002
2026-09-30 10:00:00,49.544781,0.394089,49.384114,49.880071,49.370157,-0.08585,50.2677,284.7818,119.7782,0.85017
2026-09-30 10:02:00,49.572029,0.433203,49.314643,50.015343,49.3861,0.0714,49.9226,285.3024,120.0778,0.84997
2026-09-30 10:04:00,49.579838,0.428562,49.335157,50.028843,49.375514,-0.0338,49.7494,284.7469,120.1377,0.85062
2026-09-30 10:06:00,49.555133,0.404685,49.419057,49.878586,49.367757,0.0959,50.1452,285.0895,119.626,0.84984
2026-09-30 10:08:00,49.560667,0.448398,49.3444,49.987843,49.349757,-0.0488,50.0771,284.832,120.0272,0.85077
2026-09-30 10:10:00,49.539576,0.43376,49.334757,49.904529,49.379443,-0.1001,49.9087,284.8822,119.9166,0.84975
2026-09-30 10:12:00,49.550024,0.395011,49.426157,49.870343,49.353571,0.1593,49.7839,284.9087,120.3072,0.84949
2026-09-30 10:14:00,49.593224,0.427709,49.405957,50.005486,49.368229,0.055,49.9163,285.1071,119.7703,0.85073
2026-09-30 10:16:00,49.578719,0.4101,49.409543,49.978786,49.347829,0.1202,50.0952,284.9966,120.1811,0.84957
2026-09-30 10:18:00,49.509895,0.373835,49.368643,49.812457,49.348586,0.0984,49.9963,285.0122,119.856,0.85152
2026-09-30 10:20:00,49.543238,0.436066,49.313386,49.965643,49.350686,-0.12905,49.3099,284.7894,120.3706,0.84921
2026-09-30 10:22:00,49.549681,0.424374,49.362314,49.918786,49.367943,0.0991,50.1358,285.1164,120.0917,0.84928
2026-09-30 10:24:00,49.587448,0.354765,49.431143,49.913143,49.418057,-0.0197,50.4252,284.9548,119.9166,0.8501
2026-09-30 10:26:00,49.559971,0.388108,49.402143,49.852243,49.425529,0.0457,50.0781,284.9268,120.1231,0.85092
2026-09-30 10:28:00,49.587338,0.448759,49.3759,50.005357,49.380757,-0.161,50.1967,285.2089,120.2455,0.84978
2026-09-30 10:30:00,49.499695,0.381561,49.2938,49.860357,49.344929,0.1719,49.99,285.1326,119.8253,0.85061
2026-09-30 10:32:00,49.526514,0.445655,49.329571,49.961686,49.288286,0.53055,50.4894,285.0035,119.9712,0.8489
2026-09-30 10:34:00,49.605905,0.406724,49.460857,50.024571,49.332286,-0.25125,49.9879,285.109,119.917,0.85016
2026-09-30 10:36:00,49.605414,0.411977,49.435271,49.986371,49.3946,0.21585,50.3358,284.8218,120.1094,0.85014
2026-09-30 10:38:00,49.609,0.439326,49.371029,50.049514,49.406457,-0.04545,50.3673,284.9721,120.2164,0.84964
2026-09-30 10:40:00,49.548471,0.403251,49.396514,49.950957,49.297943,-0.0941,49.9535,285.0239,119.627,0.85092
2026-09-30 10:42:00,49.583333,0.373658,49.353257,49.947143,49.4496,-0.1914,50.1966,284.9368,120.0851,0.84973
2026-09-30 10:44:00,49.5505,0.403776,49.389329,49.9371,49.325071,0.06725,49.6226,284.8994,119.7573,0.84961
2026-09-30 10:46:00,49.525924,0.41631,49.280429,49.955986,49.341357,-0.24455,50.0842,284.9788,119.7071,0.85031
2026-09-30 10:48:00,49.531505,0.396644,49.409214,49.867629,49.317671,0.0383,49.6194,284.8241,119.8424,0.8505
2026-09-30 10:50:00,49.59891,0.407966,49.407329,49.977914,49.411486,-0.12185,50.1235,284.9797,120.1706,0.85052
2026-09-30 10:52:00,49.573519,0.384942,49.377657,49.954143,49.388757,-0.1488,49.8811,285.1652,120.1129,0.84973
2026-09-30 10:54:00,49.614776,0.424481,49.383286,50.0208,49.440243,-0.11385,49.94,285.0762,119.6578,0.8506
2026-09-30 10:56:00,49.591329,0.338421,49.448714,49.893829,49.431443,-0.02735,49.7721,285.0376,119.9233,0.8503
2026-09-30 10:58:00,49.493171,0.419898,49.3289,49.914629,49.235986,-0.245,50.0512,284.9137,120.0615,0.84911
2026-09-30 11:00:00,49.564324,0.402437,49.354171,49.9534,49.3854,-0.1469,50.1689,285.305,120.1441,0.85048
2026-09-30 11:02:00,49.5483,0.445386,49.335757,49.962271,49.346871,0.20075,49.7693,285.0099,119.9664,0.84985
2026-09-30 11:04:00,49.53381,0.428276,49.334129,49.888514,49.378786,-0.0766,49.9122,284.8422,120.0011,0.84968
2026-09-30 11:06:00,49.489281,0.400404,49.296371,49.822329,49.349143,0.03465,49.8419,285.3238,120.1133,0.84948
2026-09-30 11:08:00,49.486438,0.387099,49.347014,49.860371,49.251929,-0.24435,50.3028,285.3118,120.1456,0.84975
2026-09-30 11:10:00,49.589505,0.417676,49.372586,49.972486,49.423443,-0.17815,50.4998,285.0114,120.2885,0.85043
2026-09-30 11:12:00,49.610243,0.412472,49.362414,50.015114,49.4532,0.2381,50.0547,285.0953,119.7968,0.8511
2026-09-30 11:14:00,49.507833,0.428469,49.296443,49.889543,49.337514,0.0711,49.9689,285.0654,119.6978,0.85027
2026-09-30 11:16:00,49.515648,0.440737,49.305071,49.963329,49.278543,-0.32965,50.0292,285.0264,119.7567,0.85077
2026-09-30 11:18:00,49.604695,0.433376,49.388043,50.037271,49.388771,-0.19275,49.7927,285.1225,119.817,0.8506
2026-09-30 11:20:00,49.559886,0.411588,49.308671,49.949371,49.421614,-0.20605,49.6408,284.9047,120.0349,0.85086
2026-09-30 11:22:00,49.593433,0.466997,49.447343,49.991429,49.341529,-0.0646,49.8104,284.9066,119.9237,0.8496
2026-09-30 11:24:00,49.540305,0.418919,49.3726,50.001314,49.247,-0.15245,50.0531,284.8566,120.0017,0.84973
2026-09-30 11:26:00,49.508405,0.436697,49.386957,49.851214,49.287043,0.2098,49.9163,285.0635,120.1855,0.84959
2026-09-30 11:28:00,49.54879,0.443289,49.319157,49.980957,49.346257,-0.02815,49.7775,285.0014,120.2446,0.85034
2026-09-30 11:30:00,49.582124,0.427881,49.334871,49.965029,49.446471,-0.01195,49.7439,284.9885,119.8121,0.84941
2026-09-30 11:32:00,49.53719,0.384803,49.293986,49.923171,49.394414,-0.1361,49.9932,285.1502,120.2279,0.85006
2026-09-30 11:34:00,49.565371,0.419414,49.343729,49.973757,49.378629,-0.11985,49.9119,284.9251,120.049,0.84989
2026-09-30 11:36:00,49.503276,0.444627,49.293443,49.928857,49.287529,-0.09855,50.1751,284.9767,119.8852,0.84906
2026-09-30 11:38:00,49.564329,0.343463,49.440157,49.852286,49.400543,-0.10805,49.7407,285.2884,119.6426,0.8498
2026-09-30 11:40:00,49.563676,0.456469,49.365329,49.940957,49.384743,-0.0503,50.6331,285.2859,120.0576,0.84978
2026-09-30 11:42:00,49.580948,0.405472,49.3933,49.930114,49.419429,0.3796,49.9721,285.1086,120.3263,0.85025
2026-09-30 11:44:00,49.607295,0.41235,49.454514,49.936929,49.430443,-0.0602,50.5144,285.0209,120.0086,0.84994
2026-09-30 11:46:00,49.560352,0.401337,49.354843,49.897414,49.4288,-0.10065,49.9084,285.1024,119.7373,0.84949
2026-09-30 11:48:00,49.5277,0.430329,49.383271,49.933129,49.2667,0.1236,50.1235,284.8287,120.377,0.84998
2026-09-30 11:50:00,49.574448,0.382252,49.373057,49.905557,49.444729,0.379,49.8729,285.1042,120.1079,0.85073
2026-09-30 11:52:00,49.611414,0.393881,49.397771,49.987457,49.449014,0.0274,50.4274,285.1513,119.9739,0.84945
2026-09-30 11:54:00,49.626438,0.440577,49.475271,50.017414,49.386629,0.2826,50.1711,284.9967,119.9383,0.85051
2026-09-30 11:56:00,49.568795,0.428594,49.355543,49.956771,49.394071,0.1837,50.1594,284.7923,120.6167,0.85061
2026-09-30 11:58:00,49.546,0.398244,49.431057,49.8397,49.367243,0.22425,50.1085,285.1066,119.8061,0.84996
2026-09-30 12:00:00,49.545567,0.446585,49.2974,49.941186,49.398114,-0.12785,49.9147,284.9348,119.9369,0.85045
2026-09-30 12:02:00,49.599719,0.445887,49.393029,50.019486,49.386643,-0.00075,50.092,285.0037,119.9826,0.85024
2026-09-30 12:04:00,49.538067,0.522983,49.323029,50.084157,49.207014,-0.4472,49.9175,284.8951,120.0475,0.84993
2026-09-30 12:06:00,49.613886,0.45371,49.466571,49.972143,49.402943,-0.00755,49.9146,285.0343,119.9735,0.84993
2026-09-30 12:08:00,49.502071,0.423342,49.271771,49.891114,49.343329,0.0914,50.3042,284.8047,119.9065,0.84989
2026-09-30 12:10:00,49.520548,0.385401,49.330829,49.916443,49.314371,-0.1149,50.2778,285.108,120.1554,0.84876
2026-09-30 12:12:00,49.501952,0.443449,49.281786,49.9399,49.284171,-0.29425,50.0056,284.9672,120.064,0.84963
2026-09-30 12:14:00,49.594295,0.461195,49.3712,49.996871,49.414814,0.1962,49.7765,284.9542,120.312,0.8495
2026-09-30 12:16:00,49.556605,0.440144,49.433286,49.963557,49.272971,0.2111,49.8745,285.1953,120.1795,0.84946
2026-09-30 12:18:00,49.558914,0.367426,49.3469,49.913014,49.416829,-0.14945,49.4995,285.3715,119.7104,0.85071
2026-09-30 12:20:00,49.594829,0.409201,49.402586,49.929643,49.452257,0.3338,49.6224,284.9794,120.0493,0.85071
2026-09-30 12:22:00,49.601452,0.383406,49.474057,49.890357,49.439943,0.08335,49.9726,284.9632,119.9951,0.84928
2026-09-30 12:24:00,49.483986,0.407489,49.345471,49.866186,49.2403,-0.15865,49.9817,284.8577,119.8974,0.85071
2026-09-30 12:26:00,49.53821,0.352232,49.352243,49.904457,49.357929,-0.18975,49.8469,285.0515,120.1666,0.85048
2026-09-30 12:28:00,49.555224,0.416746,49.355243,49.975729,49.3347,-0.1313,49.9926,285.1505,120.1628,0.84969
2026-09-30 12:30:00,49.545162,0.444966,49.292414,49.946929,49.396143,-0.16055,50.4951,285.0484,119.8428,0.85077
2026-09-30 12:32:00,49.525543,0.403899,49.394643,49.803471,49.378514,-0.123,50.1765,284.9621,120.3523,0.85055
2026-09-30 12:34:00,49.570148,0.477824,49.361371,50.0052,49.343871,0.14325,50.3607,285.1379,119.9793,0.85054
2026-09-30 12:36:00,49.56279,0.455083,49.445,49.923086,49.320286,0.0362,49.9828,285.0675,120.0727,0.85067
2026-09-30 12:38:00,49.596576,0.449634,49.347529,50.014686,49.427514,0.17795,50.023,284.7883,119.7036,0.85054
2026-09-30 12:40:00,49.565452,0.412306,49.344457,49.971257,49.380643,0.0787,49.9791,285.1149,120.0981,0.8505
2026-09-30 12:42:00,49.531214,0.43274,49.387614,49.890443,49.315586,0.0755,49.9066,285.2385,119.7745,0.84933
2026-09-30 12:44:00,49.529948,0.427509,49.410457,49.943129,49.236257,0.03855,49.9826,285.1297,119.7004,0.84919
2026-09-30 12:46:00,49.612571,0.415587,49.4888,49.986514,49.3624,0.30065,50.1331,285.1492,120.027,0.85102
2026-09-30 12:48:00,49.507414,0.398244,49.309371,49.8706,49.342271,0.00235,49.7216,284.9723,120.269,0.85056
2026-09-30 12:50:00,49.520705,0.39918,49.359814,49.862114,49.340186,0.0698,50.2296,284.8521,119.8699,0.8504
2026-09-30 12:52:00,49.572433,0.408048,49.363029,49.961471,49.3928,0.17255,50.0305,285.1536,119.7992,0.85037
2026-09-30 12:54:00,49.611919,0.432301,49.4118,50.036657,49.3873,-0.16955,49.8306,285.2959,120.2365,0.85045
2026-09-30 12:56:00,49.561862,0.421231,49.393471,49.958771,49.333343,0.09825,49.87,284.9696,120.2003,0.85067
2026-09-30 12:58:00,49.558876,0.466559,49.406371,49.988243,49.282014,0.0258,49.512,284.8938,119.9969,0.85042
2026-09-30 13:00:00,49.530405,0.392451,49.325814,49.879114,49.386286,-0.03325,49.8677,285.003,120.0663,0.85012
2026-09-30 13:02:00,49.484476,0.434779,49.2114,49.916886,49.325143,0.0568,50.1516,285.0911,119.8063,0.85015
2026-09-30 13:04:00,49.589271,0.399159,49.374343,49.902686,49.490786,0.35325,49.6065,284.9668,119.7545,0.8497
2026-09-30 13:06:00,49.576914,0.405707,49.387286,49.956843,49.386614,0.04955,49.9267,284.9866,119.7343,0.85074
2026-09-30 13:08:00,49.594429,0.451711,49.366829,50.044214,49.372243,-0.1903,50.1349,285.1428,119.9367,0.85049
2026-09-30 13:10:00,49.547243,0.444998,49.309429,49.994129,49.338171,-0.143,49.4808,285.2499,120.1585,0.84936
2026-09-30 13:12:00,49.564081,0.389945,49.403771,49.907514,49.380957,0.31745,49.6256,285.1253,119.9394,0.8508
2026-09-30 13:14:00,49.542933,0.434483,49.341571,49.9403,49.346929,-0.19825,50.0929,285.0313,120.007,0.84896
2026-09-30 13:16:00,49.570219,0.449068,49.2913,49.971786,49.447571,-0.01125,50.3967,285.1384,120.1395,0.84964
2026-09-30 13:18:00,49.523243,0.438372,49.410429,49.908029,49.251271,0.3849,49.6167,285.0738,119.5882,0.85
