A,B,y,C
-0.8019314252534474,-1.324358995628145,-0.24836162209524854,7.0
0.4204452380655215,1.1360465324896427,0.10970639932180819,7.0
-0.5526473205362324,-0.7847803553442784,0.7487457707345911,7.0
1.6347830429585775,0.27276877584472176,-1.2333286640307717,7.0
-0.9582652054360887,1.6000190889991115,0.2028824405086084,7.0
-1.7321348424395848,-0.08369619281702581,-1.1632259734447485,7.0
-0.6292880940615545,-0.48800582327685743,-0.7133133716322436,7.0
0.5533784703532895,-0.06308597192528916,-0.5894312580326048,7.0
0.40963782655711695,0.8298553070613239,-1.643023371405677,7.0
-0.256730126365494,-0.9807473560440125,-0.17315522486203205,7.0
-1.2894187467538587,0.0206903940375912,-0.03788574104406823,7.0
-0.304337750958489,-1.0479265051202462,-0.3961903304730927,7.0
-1.091328901695709,-1.3552087462047395,0.22478573245989314,7.0
-1.109349937891366,1.1702961011782933,0.7165876558738361,7.0
-1.9978166924497212,0.272128869412488,-1.1017166275810448,7.0
0.033057220158269195,0.04363199256942161,-1.9884297882311208,7.0
-0.23342252376577002,-0.255790031399391,0.9620005318430944,7.0
-1.1814468079562157,0.7380418978456841,-1.0989727630364063,7.0
-0.33129089269991674,-0.8404731684222111,1.448731288921672,7.0
0.5682130997882933,2.4317325028452124,0.6419163790823205,7.0
0.8449927337191754,0.8406828762653401,-0.6066115359095516,7.0
-0.07002844663838208,1.350388867744626,-0.3965507651729716,7.0
0.18879953129109867,-0.021223460417289796,0.6092164928327407,7.0
-0.3649087419473726,-0.15236188875684828,0.24238142867215043,7.0
0.10302313848680769,-0.8649727462818201,0.8957830431894438,7.0
-1.298481208246912,-1.2011155488035266,-1.282491794740462,7.0
0.9669722789332148,-0.36060836889927,-0.9710363785210655,7.0
-1.1360213941896466,0.42113113746240616,-1.054840662577835,7.0
-1.2720782100976422,0.6139930624688609,-1.1967077271925706,7.0
-0.32243815075139726,-0.006761540346521785,-0.4453353669298123,7.0
-0.05409396159544828,1.3387734990547715,-0.516894152589275,7.0
-1.2593071588782276,-1.8367457051936795,-0.20476611683386706,7.0
-0.3522570104112305,0.2650909069303235,-0.4642445916374816,7.0
-0.4786384630527245,-0.7213157478486046,-0.5197597723701788,7.0
0.1602267063174243,-0.3803527272151388,0.1004418528325065,7.0
1.9011872000332568,0.4791181507969435,-1.5760898454352261,7.0
1.7335295856131068,0.34781036998853543,-0.9414132864509847,7.0
0.9070489576858102,0.01765561090983897,-0.6152185330350691,7.0
-0.6335089254336164,-0.9934317902518573,0.048118983989838576,7.0
1.0688166937495658,-0.3250520988063787,0.42082412505635486,7.0
