timestamp,spindle_speed_rpm,feed_rate_mmmin,vib_x_mms,vib_y_mms,vib_z_mms,spindle_temp_c,cutting_force_n,surface_ra_um,dim_error_mm,tool_id,program_id
2024-07-20 14:00:00,7997.0,3044.0,0.522,0.392,0.163,45.2,153.8,0.776,0.0077,T01,O0001
2024-07-20 14:00:10,8041.0,3037.0,0.506,0.4,0.173,45.09,153.0,0.816,0.0106,T01,O0001
2024-07-20 14:00:20,8006.0,3009.0,0.469,0.339,0.141,45.19,149.4,0.833,0.0122,T01,O0001
2024-07-20 14:00:30,8027.0,3056.0,0.404,0.308,0.127,45.55,147.4,0.745,-0.0001,T01,O0001
2024-07-20 14:00:40,7997.0,3088.0,0.44,0.28,0.16,45.35,148.6,0.839,0.0104,T01,O0001
2024-07-20 14:00:50,7999.0,2983.0,0.51,0.314,0.158,44.76,151.2,0.778,0.0102,T01,O0001
2024-07-20 14:01:00,8015.0,2982.0,0.563,0.357,0.135,45.35,151.6,0.77,0.0093,T01,O0001
2024-07-20 14:01:10,8017.0,3027.0,0.6,0.382,0.147,44.75,150.1,0.843,0.0096,T01,O0001
2024-07-20 14:01:20,7998.0,2991.0,0.405,0.296,0.132,44.82,156.9,0.77,0.0105,T01,O0001
2024-07-20 14:01:30,7953.0,3026.0,0.507,0.363,0.169,44.95,143.7,0.79,0.0076,T01,O0001
2024-07-20 14:01:40,7997.0,3025.0,0.409,0.319,0.146,45.41,148.8,0.811,0.0063,T01,O0001
2024-07-20 14:01:50,8014.0,2985.0,0.515,0.42,0.18,45.14,155.9,0.79,0.0129,T01,O0001
2024-07-20 14:02:00,8000.0,3034.0,0.377,0.248,0.149,44.86,148.5,0.838,0.0094,T01,O0001
2024-07-20 14:02:10,8009.0,3025.0,0.605,0.431,0.145,45.62,141.4,0.824,0.0064,T01,O0001
2024-07-20 14:02:20,8005.0,2993.0,0.509,0.435,0.183,45.26,146.6,0.796,0.0114,T01,O0001
2024-07-20 14:02:30,7971.0,3036.0,0.357,0.252,0.134,44.92,151.0,0.841,0.0082,T01,O0001
2024-07-20 14:02:40,8018.0,3095.0,0.595,0.38,0.181,45.26,145.3,0.862,0.0077,T01,O0001
2024-07-20 14:02:50,7988.0,3025.0,0.531,0.363,0.177,45.1,153.5,0.799,0.0112,T01,O0001
2024-07-20 14:03:00,7990.0,2959.0,0.427,0.351,0.111,45.02,147.0,0.819,0.0071,T01,O0001
2024-07-20 14:03:10,8012.0,2993.0,0.471,0.359,0.176,44.78,147.8,0.817,0.0106,T01,O0001
2024-07-20 14:03:20,7985.0,2988.0,0.489,0.45,0.135,45.16,143.6,0.8,0.0074,T01,O0001
2024-07-20 14:03:30,8005.0,2978.0,0.523,0.363,0.184,45.2,148.2,0.78,0.01,T01,O0001
2024-07-20 14:03:40,7983.0,3019.0,0.512,0.389,0.177,45.59,146.9,0.786,0.0091,T01,O0001
2024-07-20 14:03:50,7996.0,3060.0,0.494,0.348,0.134,44.66,149.5,0.802,0.0123,T01,O0001
2024-07-20 14:04:00,7993.0,3008.0,0.496,0.337,0.162,45.05,149.2,0.815,0.0172,T01,O0001
2024-07-20 14:04:10,7991.0,2971.0,0.417,0.329,0.14,45.31,147.7,0.809,0.0127,T01,O0001
2024-07-20 14:04:20,7984.0,3017.0,0.598,0.378,0.146,45.28,150.1,0.813,0.0117,T01,O0001
2024-07-20 14:04:30,7999.0,2965.0,0.51,0.347,0.129,44.64,149.5,0.75,0.0063,T01,O0001
2024-07-20 14:04:40,8002.0,3028.0,0.428,0.311,0.156,45.02,151.7,0.799,0.0093,T01,O0001
2024-07-20 14:04:50,8019.0,3008.0,0.478,0.382,0.166,45.3,152.2,0.796,0.0116,T01,O0001
2024-07-20 14:05:00,7989.0,2985.0,0.391,0.269,0.123,45.04,152.1,0.832,0.0117,T01,O0001
2024-07-20 14:05:10,8001.0,2977.0,0.655,0.394,0.18,45.51,143.5,0.846,0.009,T01,O0001
2024-07-20 14:05:20,8044.0,3014.0,0.506,0.333,0.129,44.76,147.5,0.741,0.0089,T01,O0001
2024-07-20 14:05:30,8008.0,3036.0,0.485,0.325,0.142,44.73,148.7,0.791,0.0157,T01,O0001
2024-07-20 14:05:40,8010.0,3042.0,0.463,0.35,0.114,45.24,152.2,0.792,0.0079,T01,O0001
2024-07-20 14:05:50,8009.0,3005.0,0.474,0.369,0.155,45.2,149.8,0.8,0.0074,T01,O0001
2024-07-20 14:06:00,7966.0,3010.0,0.511,0.375,0.17,45.02,148.9,0.787,0.0073,T01,O0001
2024-07-20 14:06:10,7995.0,2995.0,0.457,0.266,0.156,45.18,146.3,0.862,0.0094,T01,O0001
2024-07-20 14:06:20,7957.0,2972.0,0.503,0.376,0.183,44.91,151.9,0.791,0.0091,T01,O0001
2024-07-20 14:06:30,8017.0,2976.0,0.407,0.29,0.148,45.1,158.7,0.784,0.0111,T01,O0001
2024-07-20 14:06:40,8034.0,3042.0,0.573,0.418,0.141,44.54,155.7,0.828,0.0075,T01,O0001
2024-07-20 14:06:50,7989.0,2979.0,0.527,0.445,0.198,45.46,151.9,0.721,0.0075,T01,O0001
2024-07-20 14:07:00,8035.0,3047.0,0.526,0.342,0.155,44.67,149.4,0.798,0.005,T01,O0001
2024-07-20 14:07:10,7978.0,2983.0,0.439,0.323,0.149,45.15,147.6,0.791,0.0084,T01,O0001
2024-07-20 14:07:20,7976.0,2951.0,0.462,0.399,0.127,44.89,148.8,0.791,0.0097,T01,O0001
2024-07-20 14:07:30,8011.0,2983.0,0.654,0.412,0.149,44.97,147.3,0.742,0.0065,T01,O0001
2024-07-20 14:07:40,7984.0,3010.0,0.544,0.386,0.172,45.58,149.8,0.821,0.0116,T01,O0001
2024-07-20 14:07:50,7990.0,2995.0,0.582,0.395,0.18,45.67,149.6,0.84,0.0086,T01,O0001
2024-07-20 14:08:00,8022.0,3016.0,0.476,0.339,0.16,44.84,152.3,0.778,0.0089,T01,O0001
2024-07-20 14:08:10,7981.0,3066.0,0.472,0.343,0.162,44.92,149.9,0.84,0.015,T01,O0001
2024-07-20 14:08:20,7994.0,3009.0,0.435,0.328,0.152,45.37,151.6,0.787,0.0125,T01,O0001
2024-07-20 14:08:30,7998.0,3000.0,0.43,0.399,0.177,44.77,150.6,0.81,0.0098,T01,O0001
2024-07-20 14:08:40,8008.0,2985.0,0.525,0.362,0.163,44.34,149.5,0.822,0.0054,T01,O0001
2024-07-20 14:08:50,8015.0,2993.0,0.585,0.466,0.171,44.78,154.1,0.732,0.0056,T01,O0001
2024-07-20 14:09:00,7998.0,3049.0,0.536,0.372,0.126,44.8,149.3,0.814,0.012,T01,O0001
2024-07-20 14:09:10,7976.0,3035.0,0.471,0.33,0.165,45.63,150.5,0.82,0.0079,T01,O0001
2024-07-20 14:09:20,8020.0,3050.0,0.553,0.345,0.154,44.64,149.5,0.808,0.0098,T01,O0001
2024-07-20 14:09:30,8058.0,3008.0,0.546,0.447,0.171,45.3,149.1,0.845,0.0095,T01,O0001
2024-07-20 14:09:40,8016.0,2982.0,0.486,0.332,0.154,44.89,145.9,0.778,0.0126,T01,O0001
2024-07-20 14:09:50,8011.0,3002.0,0.524,0.293,0.191,45.62,151.5,0.801,0.004,T01,O0001
2024-07-20 14:10:00,7992.0,2993.0,0.402,0.305,0.104,45.42,151.4,0.838,0.0045,T01,O0001
2024-07-20 14:10:10,7995.0,3043.0,0.457,0.297,0.109,45.38,153.3,0.816,0.0109,T01,O0001
2024-07-20 14:10:20,7972.0,3023.0,0.534,0.379,0.186,45.14,146.6,0.753,0.0109,T01,O0001
2024-07-20 14:10:30,8012.0,2945.0,0.533,0.382,0.157,44.84,154.6,0.853,0.0068,T01,O0001
2024-07-20 14:10:40,7997.0,2965.0,0.558,0.43,0.159,44.4,151.0,0.745,0.0093,T01,O0001
2024-07-20 14:10:50,8026.0,2992.0,0.571,0.422,0.195,45.27,146.2,0.781,0.0089,T01,O0001
2024-07-20 14:11:00,7979.0,3052.0,0.56,0.367,0.173,45.12,146.9,0.812,0.0079,T01,O0001
2024-07-20 14:11:10,8027.0,2980.0,0.502,0.334,0.122,45.24,151.8,0.738,0.01,T01,O0001
2024-07-20 14:11:20,7994.0,3005.0,0.366,0.264,0.102,45.53,149.2,0.782,0.012,T01,O0001
2024-07-20 14:11:30,7988.0,3012.0,0.495,0.368,0.145,44.8,149.6,0.774,0.0165,T01,O0001
2024-07-20 14:11:40,7990.0,3016.0,0.501,0.334,0.142,45.11,148.5,0.819,0.0084,T01,O0001
2024-07-20 14:11:50,7988.0,3019.0,0.545,0.402,0.175,44.89,149.3,0.758,0.0122,T01,O0001
2024-07-20 14:12:00,7958.0,2984.0,0.414,0.283,0.108,45.02,151.8,0.772,0.0107,T01,O0001
2024-07-20 14:12:10,8013.0,3029.0,0.525,0.408,0.155,45.13,152.6,0.778,0.0087,T01,O0001
2024-07-20 14:12:20,8015.0,2981.0,0.444,0.339,0.176,44.7,151.4,0.808,0.0084,T01,O0001
2024-07-20 14:12:30,8026.0,3028.0,0.503,0.325,0.148,44.95,145.9,0.796,0.0103,T01,O0001
2024-07-20 14:12:40,8014.0,2990.0,0.465,0.329,0.135,44.78,150.7,0.796,0.0118,T01,O0001
2024-07-20 14:12:50,8013.0,2987.0,0.567,0.402,0.176,45.03,154.5,0.815,0.01,T01,O0001
2024-07-20 14:13:00,7966.0,2998.0,0.379,0.361,0.097,45.46,147.4,0.744,0.0111,T01,O0001
2024-07-20 14:13:10,8004.0,2975.0,0.49,0.331,0.203,44.76,149.8,0.753,0.0057,T01,O0001
2024-07-20 14:13:20,7977.0,3013.0,0.422,0.301,0.139,45.17,150.7,0.801,0.001,T01,O0001
2024-07-20 14:13:30,7994.0,3062.0,0.576,0.418,0.17,45.43,150.0,0.807,0.013,T01,O0001
2024-07-20 14:13:40,8028.0,2934.0,0.481,0.38,0.175,45.06,149.2,0.799,0.0092,T01,O0001
2024-07-20 14:13:50,8001.0,3011.0,0.511,0.38,0.154,44.54,153.0,0.772,0.0065,T01,O0001
2024-07-20 14:14:00,7948.0,2929.0,0.482,0.368,0.123,45.09,148.2,0.82,0.0091,T01,O0001
2024-07-20 14:14:10,7980.0,3012.0,0.581,0.34,0.171,44.94,154.6,0.808,0.0077,T01,O0001
2024-07-20 14:14:20,7989.0,2937.0,0.5,0.332,0.159,44.36,155.3,0.828,0.0089,T01,O0001
2024-07-20 14:14:30,7995.0,2979.0,0.59,0.408,0.219,45.0,147.1,0.808,0.0089,T01,O0001
2024-07-20 14:14:40,8019.0,3005.0,0.554,0.4,0.171,45.08,151.0,0.747,0.0023,T01,O0001
2024-07-20 14:14:50,8017.0,2959.0,0.599,0.431,0.166,45.08,148.7,0.858,0.0108,T01,O0001
2024-07-20 14:15:00,8016.0,3004.0,0.523,0.38,0.13,45.01,153.0,0.79,0.0108,T01,O0001
2024-07-20 14:15:10,8005.0,3019.0,0.478,0.317,0.16,44.77,147.4,0.74,0.0047,T01,O0001
2024-07-20 14:15:20,7994.0,3024.0,0.505,0.318,0.164,45.3,151.0,0.805,0.0079,T01,O0001
2024-07-20 14:15:30,7993.0,2960.0,0.504,0.312,0.119,44.89,148.6,0.824,0.0152,T01,O0001
2024-07-20 14:15:40,8009.0,3023.0,0.581,0.412,0.172,45.2,154.1,0.781,0.0112,T01,O0001
2024-07-20 14:15:50,8019.0,2984.0,0.492,0.333,0.145,45.06,150.2,0.826,0.0108,T01,O0001
2024-07-20 14:16:00,8031.0,3016.0,0.524,0.346,0.161,44.74,149.7,0.784,0.0123,T01,O0001
2024-07-20 14:16:10,8002.0,3033.0,0.541,0.422,0.198,45.41,151.9,0.789,0.011,T01,O0001
2024-07-20 14:16:20,8006.0,2984.0,0.469,0.314,0.128,45.41,148.5,0.727,0.009,T01,O0001
2024-07-20 14:16:30,8030.0,3014.0,0.436,0.29,0.114,45.09,150.6,0.85,0.0086,T01,O0001
2024-07-20 14:16:40,7978.0,2978.0,0.392,0.273,0.129,45.57,157.3,0.815,0.0106,T01,O0001
2024-07-20 14:16:50,8016.0,2966.0,0.551,0.421,0.143,45.6,150.0,0.758,0.0096,T01,O0001
2024-07-20 14:17:00,7984.0,3035.0,0.586,0.432,0.154,45.08,145.7,0.846,0.0113,T01,O0001
2024-07-20 14:17:10,8032.0,2958.0,0.618,0.401,0.147,45.09,149.7,0.803,0.0113,T01,O0001
2024-07-20 14:17:20,8028.0,3035.0,0.505,0.373,0.201,45.09,151.5,0.822,0.0099,T01,O0001
2024-07-20 14:17:30,8033.0,3030.0,0.475,0.332,0.093,44.95,150.6,0.837,0.0129,T01,O0001
2024-07-20 14:17:40,8031.0,2962.0,0.587,0.438,0.199,44.94,152.2,0.818,0.01,T01,O0001
2024-07-20 14:17:50,8017.0,2985.0,0.478,0.332,0.155,45.58,152.2,0.767,0.0124,T01,O0001
2024-07-20 14:18:00,7980.0,2998.0,0.554,0.374,0.175,44.69,149.6,0.809,0.0081,T01,O0001
2024-07-20 14:18:10,8010.0,2961.0,0.423,0.316,0.147,44.98,153.9,0.82,0.0089,T01,O0001
2024-07-20 14:18:20,8018.0,3000.0,0.406,0.304,0.16,44.95,153.9,0.808,0.0085,T01,O0001
2024-07-20 14:18:30,8010.0,2983.0,0.464,0.379,0.146,44.65,153.7,0.855,0.0086,T01,O0001
2024-07-20 14:18:40,7998.0,2991.0,0.498,0.323,0.137,44.74,151.0,0.784,0.0139,T01,O0001
2024-07-20 14:18:50,8003.0,2960.0,0.473,0.286,0.131,45.29,150.7,0.81,0.0113,T01,O0001
2024-07-20 14:19:00,8008.0,2967.0,0.455,0.344,0.169,45.11,150.6,0.781,0.0125,T01,O0001
2024-07-20 14:19:10,7979.0,2993.0,0.513,0.316,0.126,44.79,150.8,0.807,0.0109,T01,O0001
2024-07-20 14:19:20,8014.0,3012.0,0.504,0.324,0.136,44.94,149.4,0.846,0.0088,T01,O0001
2024-07-20 14:19:30,8011.0,3024.0,0.518,0.364,0.144,45.23,142.8,0.772,0.0125,T01,O0001
2024-07-20 14:19:40,7997.0,2942.0,0.503,0.374,0.127,45.54,150.9,0.755,0.0085,T01,O0001
2024-07-20 14:19:50,8013.0,2989.0,0.538,0.342,0.151,44.73,154.0,0.764,0.0101,T01,O0001
2024-07-20 14:20:00,8023.0,3062.0,0.575,0.355,0.125,44.58,142.3,0.794,0.0095,T01,O0001
2024-07-20 14:20:10,7980.0,3008.0,0.535,0.335,0.155,45.3,153.9,0.79,0.0127,T01,O0001
2024-07-20 14:20:20,8029.0,2956.0,0.46,0.371,0.12,44.81,148.2,0.806,0.0083,T01,O0001
2024-07-20 14:20:30,8020.0,2978.0,0.508,0.331,0.146,45.28,150.2,0.791,0.011,T01,O0001
2024-07-20 14:20:40,8020.0,3008.0,0.496,0.353,0.136,44.71,155.1,0.822,0.0096,T01,O0001
2024-07-20 14:20:50,8020.0,3027.0,0.464,0.337,0.169,44.63,149.7,0.767,0.0143,T01,O0001
2024-07-20 14:21:00,8014.0,3035.0,0.542,0.358,0.196,44.77,146.5,0.853,0.0096,T01,O0001
2024-07-20 14:21:10,8000.0,3056.0,0.575,0.467,0.19,45.41,143.9,0.805,0.015,T01,O0001
2024-07-20 14:21:20,7985.0,3013.0,0.45,0.318,0.137,45.55,152.1,0.82,0.0108,T01,O0001
2024-07-20 14:21:30,8010.0,3023.0,0.554,0.409,0.168,45.13,149.1,0.873,0.0177,T01,O0001
2024-07-20 14:21:40,8003.0,3052.0,0.469,0.362,0.177,44.82,152.9,0.813,0.0076,T01,O0001
2024-07-20 14:21:50,7986.0,3062.0,0.468,0.3,0.104,45.16,147.8,0.772,0.0144,T01,O0001
2024-07-20 14:22:00,8035.0,3000.0,0.414,0.298,0.162,45.32,153.2,0.832,0.0074,T01,O0001
2024-07-20 14:22:10,8017.0,3008.0,0.5,0.411,0.144,44.89,153.5,0.767,0.0104,T01,O0001
2024-07-20 14:22:20,7994.0,3054.0,0.494,0.324,0.173,45.01,150.7,0.781,0.0146,T01,O0001
2024-07-20 14:22:30,7969.0,3009.0,0.492,0.275,0.105,45.23,148.2,0.821,0.0146,T01,O0001
2024-07-20 14:22:40,7983.0,2978.0,0.642,0.455,0.21,45.19,150.2,0.82,0.0082,T01,O0001
2024-07-20 14:22:50,8010.0,3016.0,0.442,0.276,0.147,44.99,146.3,0.815,0.0102,T01,O0001
2024-07-20 14:23:00,7995.0,2989.0,0.509,0.443,0.162,45.37,154.5,0.745,0.0112,T01,O0001
2024-07-20 14:23:10,7974.0,3030.0,0.462,0.363,0.125,44.97,150.4,0.814,0.0135,T01,O0001
2024-07-20 14:23:20,8005.0,2986.0,0.489,0.445,0.15,44.98,154.4,0.811,0.0068,T01,O0001
2024-07-20 14:23:30,7997.0,3062.0,0.535,0.376,0.133,45.7,149.1,0.818,0.0134,T01,O0001
2024-07-20 14:23:40,7992.0,2999.0,0.504,0.333,0.165,45.06,146.1,0.728,0.0072,T01,O0001
2024-07-20 14:23:50,7975.0,3001.0,0.529,0.376,0.198,45.13,150.6,0.805,0.0132,T01,O0001
2024-07-20 14:24:00,8007.0,3009.0,0.532,0.37,0.167,45.05,154.7,0.805,0.0069,T01,O0001
2024-07-20 14:24:10,7979.0,2957.0,0.497,0.297,0.104,45.63,158.0,0.804,0.011,T01,O0001
2024-07-20 14:24:20,7996.0,3020.0,0.472,0.334,0.124,44.66,145.4,0.795,0.006,T01,O0001
2024-07-20 14:24:30,8023.0,3033.0,0.485,0.414,0.159,45.24,145.0,0.792,0.0146,T01,O0001
2024-07-20 14:24:40,8025.0,2921.0,0.503,0.396,0.192,45.16,146.1,0.813,0.0096,T01,O0001
2024-07-20 14:24:50,7997.0,2995.0,0.661,0.435,0.194,44.58,150.7,0.848,0.0165,T01,O0001
2024-07-20 14:25:00,7938.0,3005.0,0.549,0.333,0.139,44.81,145.2,0.767,0.0102,T01,O0001
2024-07-20 14:25:10,8015.0,2995.0,0.462,0.303,0.166,44.96,148.8,0.798,0.0101,T01,O0001
2024-07-20 14:25:20,7981.0,3022.0,0.549,0.374,0.175,44.91,152.6,0.775,0.0136,T01,O0001
2024-07-20 14:25:30,7972.0,2989.0,0.528,0.343,0.172,44.84,149.0,0.796,0.0091,T01,O0001
2024-07-20 14:25:40,8015.0,2995.0,0.587,0.378,0.176,44.89,152.3,0.78,0.0065,T01,O0001
2024-07-20 14:25:50,7963.0,3000.0,0.518,0.348,0.153,45.78,145.0,0.758,0.0083,T01,O0001
2024-07-20 14:26:00,8014.0,3019.0,0.546,0.402,0.176,44.99,145.1,0.775,0.0081,T01,O0001
2024-07-20 14:26:10,8018.0,2972.0,0.457,0.322,0.138,44.93,150.4,0.825,0.0121,T01,O0001
2024-07-20 14:26:20,8010.0,3021.0,0.486,0.288,0.146,44.81,146.0,0.782,0.0166,T01,O0001
2024-07-20 14:26:30,8004.0,2974.0,0.459,0.31,0.133,44.5,153.4,0.831,0.012,T01,O0001
2024-07-20 14:26:40,7998.0,3025.0,0.446,0.36,0.136,45.32,149.2,0.808,0.0092,T01,O0001
2024-07-20 14:26:50,7990.0,2991.0,0.386,0.325,0.114,45.18,150.2,0.82,0.007,T01,O0001
2024-07-20 14:27:00,7978.0,2945.0,0.56,0.342,0.149,44.74,150.8,0.776,0.0077,T01,O0001
2024-07-20 14:27:10,8047.0,3010.0,0.47,0.323,0.119,44.88,144.3,0.787,0.0096,T01,O0001
2024-07-20 14:27:20,7991.0,2988.0,0.464,0.303,0.19,44.58,147.4,0.838,0.0119,T01,O0001
2024-07-20 14:27:30,7982.0,3024.0,0.508,0.34,0.13,44.62,147.5,0.788,0.0142,T01,O0001
2024-07-20 14:27:40,7998.0,3019.0,0.564,0.41,0.157,44.61,153.5,0.795,0.0067,T01,O0001
2024-07-20 14:27:50,8012.0,3032.0,0.53,0.338,0.168,45.27,146.1,0.793,0.0028,T01,O0001
2024-07-20 14:28:00,8020.0,3017.0,0.437,0.335,0.156,44.54,148.9,0.766,0.0099,T01,O0001
2024-07-20 14:28:10,7995.0,3030.0,0.524,0.31,0.134,45.03,150.7,0.813,0.0097,T01,O0001
2024-07-20 14:28:20,7996.0,3031.0,0.517,0.361,0.154,44.67,148.1,0.841,0.014,T01,O0001
2024-07-20 14:28:30,7984.0,3033.0,0.498,0.391,0.164,44.41,143.4,0.782,0.0072,T01,O0001
2024-07-20 14:28:40,7995.0,2967.0,0.452,0.373,0.106,45.23,148.4,0.789,0.0126,T01,O0001
2024-07-20 14:28:50,8017.0,3023.0,0.504,0.353,0.124,45.29,153.9,0.796,0.0146,T01,O0001
2024-07-20 14:29:00,7999.0,3056.0,0.562,0.415,0.132,45.46,146.1,0.822,0.0093,T01,O0001
2024-07-20 14:29:10,7993.0,2985.0,0.606,0.448,0.186,44.89,155.8,0.811,0.0151,T01,O0001
2024-07-20 14:29:20,8003.0,3019.0,0.508,0.392,0.171,44.79,147.3,0.781,0.0057,T01,O0001
2024-07-20 14:29:30,7984.0,3048.0,0.588,0.398,0.188,45.09,154.7,0.842,0.0108,T01,O0001
2024-07-20 14:29:40,7957.0,3024.0,0.489,0.21,0.135,45.05,152.3,0.824,0.0091,T01,O0001
2024-07-20 14:29:50,7990.0,2980.0,0.546,0.378,0.175,45.5,145.7,0.762,0.0121,T01,O0001
2024-07-20 14:30:00,7940.0,2995.0,0.458,0.324,0.136,45.19,151.9,0.824,0.0115,T01,O0001
2024-07-20 14:30:10,7995.0,3042.0,0.544,0.443,0.141,44.62,149.9,0.766,0.0062,T01,O0001
2024-07-20 14:30:20,8008.0,2974.0,0.561,0.349,0.19,45.41,150.5,0.808,0.01,T01,O0001
2024-07-20 14:30:30,8020.0,3028.0,0.451,0.255,0.151,45.43,155.6,0.78,0.0118,T01,O0001
2024-07-20 14:30:40,8011.0,3032.0,0.549,0.373,0.164,45.19,147.4,0.884,0.0082,T01,O0001
2024-07-20 14:30:50,8001.0,3018.0,0.532,0.425,0.133,45.31,150.5,0.839,0.0113,T01,O0001
2024-07-20 14:31:00,7979.0,3022.0,0.458,0.358,0.155,45.8,155.2,0.792,0.0143,T01,O0001
2024-07-20 14:31:10,7978.0,3008.0,0.523,0.392,0.143,45.82,155.6,0.829,0.0067,T01,O0001
2024-07-20 14:31:20,7996.0,3012.0,0.519,0.372,0.155,45.0,152.9,0.845,0.0191,T01,O0001
2024-07-20 14:31:30,7983.0,3006.0,0.461,0.346,0.14,46.1,149.7,0.78,0.0066,T01,O0001
2024-07-20 14:31:40,7981.0,3005.0,0.532,0.431,0.172,45.5,153.5,0.854,0.0119,T01,O0001
2024-07-20 14:31:50,8001.0,2957.0,0.546,0.399,0.126,45.43,152.7,0.829,0.0054,T01,O0001
2024-07-20 14:32:00,7983.0,3005.0,0.519,0.399,0.185,45.84,157.6,0.793,0.01,T01,O0001
2024-07-20 14:32:10,7964.0,3025.0,0.562,0.405,0.236,45.54,148.6,0.823,0.0137,T01,O0001
2024-07-20 14:32:20,7996.0,2999.0,0.604,0.438,0.219,45.51,153.7,0.884,0.0149,T01,O0001
2024-07-20 14:32:30,7981.0,2987.0,0.546,0.452,0.199,45.81,155.5,0.826,0.0126,T01,O0001
2024-07-20 14:32:40,8010.0,3019.0,0.658,0.452,0.22,45.76,150.8,0.844,0.013,T01,O0001
2024-07-20 14:32:50,8026.0,2962.0,0.601,0.426,0.181,46.3,152.2,0.87,0.0161,T01,O0001
2024-07-20 14:33:00,8015.0,2934.0,0.687,0.493,0.205,45.85,155.9,0.822,0.0109,T01,O0001
2024-07-20 14:33:10,8009.0,3006.0,0.63,0.402,0.194,46.32,156.5,0.835,0.016,T01,O0001
2024-07-20 14:33:20,8027.0,2977.0,0.663,0.45,0.206,46.11,156.7,0.916,0.0157,T01,O0001
2024-07-20 14:33:30,7980.0,2959.0,0.667,0.398,0.148,45.42,149.2,0.831,0.0138,T01,O0001
2024-07-20 14:33:40,7988.0,2991.0,0.712,0.529,0.226,46.06,153.6,0.862,0.0191,T01,O0001
2024-07-20 14:33:50,8004.0,2992.0,0.572,0.46,0.207,45.39,162.8,0.906,0.0156,T01,O0001
2024-07-20 14:34:00,7992.0,3035.0,0.559,0.478,0.157,46.09,154.2,0.863,0.0145,T01,O0001
2024-07-20 14:34:10,8003.0,3005.0,0.625,0.431,0.213,46.41,157.5,0.872,0.0157,T01,O0001
2024-07-20 14:34:20,7992.0,3025.0,0.726,0.463,0.201,46.4,153.0,0.869,0.0175,T01,O0001
2024-07-20 14:34:30,7995.0,3025.0,0.721,0.561,0.232,46.38,157.9,0.865,0.0106,T01,O0001
2024-07-20 14:34:40,7991.0,3011.0,0.676,0.564,0.215,46.7,159.8,0.897,0.014,T01,O0001
2024-07-20 14:34:50,8015.0,3014.0,0.578,0.46,0.176,46.37,154.6,0.862,0.0174,T01,O0001
2024-07-20 14:35:00,7996.0,2989.0,0.681,0.499,0.187,46.66,158.2,0.906,0.0171,T01,O0001
2024-07-20 14:35:10,7974.0,2993.0,0.663,0.454,0.226,46.29,160.5,0.894,0.0139,T01,O0001
2024-07-20 14:35:20,7998.0,3010.0,0.767,0.577,0.202,46.55,154.5,0.883,0.016,T01,O0001
2024-07-20 14:35:30,7988.0,3008.0,0.818,0.552,0.238,46.58,153.9,0.894,0.0185,T01,O0001
2024-07-20 14:35:40,8029.0,3098.0,0.718,0.503,0.266,46.5,157.8,0.942,0.0165,T01,O0001
2024-07-20 14:35:50,8007.0,3014.0,0.731,0.509,0.225,46.92,155.7,0.951,0.0206,T01,O0001
2024-07-20 14:36:00,8025.0,2981.0,0.661,0.518,0.174,46.55,157.9,0.961,0.0177,T01,O0001
2024-07-20 14:36:10,8002.0,2967.0,0.745,0.563,0.207,46.73,159.5,0.918,0.0184,T01,O0001
2024-07-20 14:36:20,8018.0,2957.0,0.739,0.53,0.261,47.12,162.7,0.845,0.0154,T01,O0001
2024-07-20 14:36:30,8015.0,3043.0,0.797,0.544,0.233,46.5,162.0,0.913,0.018,T01,O0001
2024-07-20 14:36:40,8011.0,2973.0,0.665,0.528,0.169,46.61,155.1,0.949,0.0192,T01,O0001
2024-07-20 14:36:50,7965.0,3025.0,0.729,0.5,0.198,46.93,163.3,0.921,0.0127,T01,O0001
2024-07-20 14:37:00,8004.0,3025.0,0.679,0.461,0.202,47.67,160.9,0.912,0.0219,T01,O0001
2024-07-20 14:37:10,8027.0,2976.0,0.82,0.682,0.246,47.74,152.9,0.914,0.0173,T01,O0001
2024-07-20 14:37:20,8000.0,3013.0,0.78,0.572,0.262,46.96,157.1,0.972,0.016,T01,O0001
2024-07-20 14:37:30,8023.0,3030.0,0.818,0.617,0.219,46.97,155.6,0.928,0.021,T01,O0001
2024-07-20 14:37:40,7990.0,2946.0,0.722,0.512,0.211,46.89,158.8,0.919,0.0158,T01,O0001
2024-07-20 14:37:50,7994.0,3019.0,0.763,0.617,0.254,47.55,157.4,0.991,0.0154,T01,O0001
2024-07-20 14:38:00,8014.0,3037.0,0.64,0.527,0.199,47.3,162.6,1.032,0.019,T01,O0001
2024-07-20 14:38:10,7972.0,2997.0,0.827,0.574,0.254,47.31,160.2,0.931,0.0215,T01,O0001
2024-07-20 14:38:20,8033.0,2984.0,0.779,0.559,0.223,46.81,158.6,0.938,0.0263,T01,O0001
2024-07-20 14:38:30,7994.0,2986.0,0.804,0.577,0.268,47.3,161.3,0.993,0.0203,T01,O0001
2024-07-20 14:38:40,8026.0,2924.0,0.819,0.531,0.253,47.57,167.2,0.923,0.021,T01,O0001
2024-07-20 14:38:50,7988.0,2976.0,0.741,0.546,0.233,48.06,166.8,0.917,0.0197,T01,O0001
2024-07-20 14:39:00,8015.0,3013.0,0.83,0.604,0.236,47.91,161.6,0.943,0.0205,T01,O0001
2024-07-20 14:39:10,7992.0,2960.0,0.787,0.612,0.262,47.87,162.0,0.991,0.0232,T01,O0001
2024-07-20 14:39:20,7969.0,2998.0,0.89,0.618,0.296,47.55,159.2,1.0,0.0246,T01,O0001
2024-07-20 14:39:30,7992.0,3028.0,0.899,0.604,0.247,48.07,166.7,0.963,0.02,T01,O0001
2024-07-20 14:39:40,7998.0,2995.0,0.738,0.547,0.244,48.1,165.1,0.928,0.0238,T01,O0001
2024-07-20 14:39:50,8010.0,3027.0,0.832,0.624,0.209,47.92,160.4,1.004,0.0188,T01,O0001
2024-07-20 14:40:00,7984.0,2964.0,0.864,0.645,0.279,48.52,163.0,0.981,0.0197,T01,O0001
2024-07-20 14:40:10,8010.0,2990.0,0.827,0.635,0.289,48.2,170.1,1.013,0.0231,T01,O0001
2024-07-20 14:40:20,7995.0,3042.0,0.886,0.653,0.244,48.22,163.9,1.019,0.0197,T01,O0001
2024-07-20 14:40:30,7960.0,2974.0,0.909,0.684,0.294,47.81,170.8,0.932,0.0275,T01,O0001
2024-07-20 14:40:40,8020.0,2996.0,0.979,0.782,0.307,48.09,163.8,1.031,0.0212,T01,O0001
2024-07-20 14:40:50,8022.0,3113.0,0.895,0.705,0.27,48.07,161.5,1.038,0.0202,T01,O0001
2024-07-20 14:41:00,7993.0,3020.0,0.846,0.7,0.258,47.85,164.6,1.041,0.022,T01,O0001
2024-07-20 14:41:10,7996.0,3004.0,0.929,0.699,0.326,48.24,164.2,1.03,0.0261,T01,O0001
2024-07-20 14:41:20,7990.0,2955.0,0.993,0.744,0.273,47.91,167.5,0.985,0.027,T01,O0001
2024-07-20 14:41:30,8008.0,2985.0,0.908,0.666,0.247,48.53,163.3,1.03,0.0287,T01,O0001
2024-07-20 14:41:40,7988.0,2988.0,1.057,0.803,0.309,48.33,167.8,1.035,0.0309,T01,O0001
2024-07-20 14:41:50,8017.0,2964.0,0.911,0.659,0.245,48.25,166.1,0.976,0.0254,T01,O0001
2024-07-20 14:42:00,7997.0,2975.0,0.967,0.719,0.295,47.68,167.0,1.012,0.0232,T01,O0001
2024-07-20 14:42:10,7974.0,3014.0,0.841,0.585,0.238,48.32,168.3,1.032,0.0233,T01,O0001
2024-07-20 14:42:20,8014.0,2975.0,0.959,0.67,0.27,48.64,168.3,1.05,0.0283,T01,O0001
2024-07-20 14:42:30,8009.0,3008.0,0.944,0.776,0.28,48.33,172.0,1.006,0.0333,T01,O0001
2024-07-20 14:42:40,7963.0,2950.0,0.925,0.691,0.252,48.41,169.3,1.079,0.0225,T01,O0001
2024-07-20 14:42:50,8004.0,2960.0,0.902,0.666,0.273,48.91,169.2,1.006,0.0319,T01,O0001
2024-07-20 14:43:00,8011.0,3049.0,0.971,0.719,0.309,48.71,174.9,1.085,0.0277,T01,O0001
2024-07-20 14:43:10,7998.0,3027.0,1.015,0.726,0.292,48.67,172.5,1.052,0.0304,T01,O0001
2024-07-20 14:43:20,7990.0,3018.0,1.018,0.71,0.276,48.32,165.9,1.114,0.0256,T01,O0001
2024-07-20 14:43:30,8025.0,3019.0,0.92,0.774,0.34,49.05,168.3,1.075,0.0322,T01,O0001
2024-07-20 14:43:40,7987.0,2990.0,0.964,0.719,0.316,49.27,173.5,1.055,0.0342,T01,O0001
2024-07-20 14:43:50,8035.0,3027.0,1.079,0.83,0.331,49.11,170.3,1.084,0.0338,T01,O0001
2024-07-20 14:44:00,7986.0,2979.0,0.996,0.773,0.322,48.06,168.7,1.086,0.0271,T01,O0001
2024-07-20 14:44:10,8019.0,3024.0,1.009,0.791,0.287,49.05,167.7,1.041,0.0293,T01,O0001
2024-07-20 14:44:20,8036.0,2982.0,1.054,0.764,0.288,49.08,165.1,1.115,0.023,T01,O0001
2024-07-20 14:44:30,7974.0,3021.0,1.081,0.78,0.297,49.37,175.2,1.065,0.0293,T01,O0001
2024-07-20 14:44:40,8010.0,3015.0,1.003,0.726,0.281,49.36,169.6,1.095,0.03,T01,O0001
2024-07-20 14:44:50,7986.0,3012.0,1.062,0.776,0.315,49.16,173.4,1.112,0.0335,T01,O0001
2024-07-20 14:45:00,8016.0,2952.0,0.925,0.705,0.304,49.41,171.9,1.129,0.0288,T01,O0001
2024-07-20 14:45:10,8029.0,2976.0,1.121,0.832,0.317,49.28,168.5,1.091,0.0322,T01,O0001
2024-07-20 14:45:20,8036.0,3030.0,0.97,0.734,0.294,49.3,174.4,1.059,0.0253,T01,O0001
2024-07-20 14:45:30,8021.0,2993.0,0.897,0.759,0.289,49.21,173.5,1.11,0.0267,T01,O0001
2024-07-20 14:45:40,7993.0,2994.0,1.055,0.778,0.308,49.74,178.7,1.13,0.0292,T01,O0001
2024-07-20 14:45:50,8014.0,2988.0,1.094,0.846,0.335,49.27,175.3,1.106,0.0336,T01,O0001
2024-07-20 14:46:00,8053.0,3031.0,0.966,0.803,0.339,49.35,171.3,1.117,0.0273,T01,O0001
2024-07-20 14:46:10,8025.0,3006.0,1.052,0.792,0.289,49.88,175.7,1.141,0.0283,T01,O0001
2024-07-20 14:46:20,8045.0,2991.0,1.118,0.875,0.331,49.88,170.7,1.166,0.0288,T01,O0001
2024-07-20 14:46:30,8023.0,2980.0,1.003,0.759,0.268,49.53,176.7,1.116,0.0265,T01,O0001
2024-07-20 14:46:40,7976.0,2996.0,1.183,0.881,0.368,49.58,175.7,1.139,0.0355,T01,O0001
2024-07-20 14:46:50,7995.0,2990.0,1.124,0.902,0.357,50.05,175.4,1.207,0.0299,T01,O0001
2024-07-20 14:47:00,8015.0,3030.0,1.145,0.839,0.313,49.98,174.4,1.177,0.0292,T01,O0001
2024-07-20 14:47:10,7982.0,3004.0,1.194,0.889,0.357,50.39,175.9,1.091,0.0342,T01,O0001
2024-07-20 14:47:20,8014.0,2994.0,1.199,0.881,0.337,50.38,175.7,1.137,0.0321,T01,O0001
2024-07-20 14:47:30,7962.0,2888.0,1.058,0.84,0.321,49.48,174.5,1.114,0.0334,T01,O0001
2024-07-20 14:47:40,7999.0,2997.0,1.167,0.814,0.323,49.63,180.3,1.195,0.0363,T01,O0001
2024-07-20 14:47:50,8012.0,3008.0,1.161,0.846,0.36,49.7,173.6,1.17,0.0354,T01,O0001
2024-07-20 14:48:00,7963.0,2960.0,1.101,0.865,0.33,50.46,171.5,1.154,0.0388,T01,O0001
2024-07-20 14:48:10,8012.0,3035.0,1.27,0.958,0.382,50.86,173.7,1.179,0.0305,T01,O0001
2024-07-20 14:48:20,8019.0,2975.0,1.317,0.985,0.391,49.41,181.8,1.156,0.0393,T01,O0001
2024-07-20 14:48:30,8019.0,2965.0,1.15,0.833,0.374,50.29,177.1,1.18,0.0347,T01,O0001
2024-07-20 14:48:40,7968.0,2970.0,1.155,0.92,0.36,50.03,169.5,1.194,0.03,T01,O0001
2024-07-20 14:48:50,7972.0,2975.0,1.17,0.894,0.36,50.66,177.4,1.169,0.0394,T01,O0001
2024-07-20 14:49:00,8024.0,2993.0,1.272,0.917,0.34,50.15,177.3,1.147,0.0419,T01,O0001
2024-07-20 14:49:10,8024.0,2986.0,1.23,0.912,0.346,51.06,174.3,1.191,0.0364,T01,O0001
2024-07-20 14:49:20,7980.0,2996.0,1.056,0.851,0.314,50.39,173.4,1.198,0.0357,T01,O0001
2024-07-20 14:49:30,7974.0,2985.0,1.238,0.898,0.372,50.81,175.2,1.242,0.04,T01,O0001
2024-07-20 14:49:40,8020.0,2983.0,1.211,0.924,0.361,50.54,178.4,1.191,0.0368,T01,O0001
2024-07-20 14:49:50,7962.0,2932.0,1.222,0.941,0.34,50.09,173.6,1.187,0.0327,T01,O0001
2024-07-20 14:50:00,8014.0,3009.0,1.264,1.02,0.406,50.91,174.5,1.269,0.0362,T01,O0001
2024-07-20 14:50:10,7968.0,3011.0,1.165,0.939,0.361,50.51,176.6,1.195,0.0407,T01,O0001
2024-07-20 14:50:20,7972.0,3036.0,1.252,1.0,0.377,51.14,182.0,1.25,0.0372,T01,O0001
2024-07-20 14:50:30,8003.0,2970.0,1.135,0.955,0.373,50.2,175.9,1.209,0.0414,T01,O0001
2024-07-20 14:50:40,8014.0,3020.0,1.266,0.93,0.345,51.25,180.2,1.197,0.039,T01,O0001
2024-07-20 14:50:50,8015.0,3002.0,1.172,0.833,0.356,50.82,176.5,1.248,0.034,T01,O0001
2024-07-20 14:51:00,8004.0,3039.0,1.166,0.883,0.339,50.83,174.4,1.239,0.0407,T01,O0001
2024-07-20 14:51:10,7983.0,3025.0,1.245,0.98,0.382,50.87,172.7,1.224,0.0376,T01,O0001
2024-07-20 14:51:20,7985.0,3037.0,1.39,1.009,0.418,50.5,180.1,1.245,0.0323,T01,O0001
2024-07-20 14:51:30,8005.0,3006.0,1.155,0.928,0.379,51.19,178.9,1.295,0.0378,T01,O0001
2024-07-20 14:51:40,8014.0,3001.0,1.308,0.992,0.359,51.65,180.9,1.287,0.0458,T01,O0001
2024-07-20 14:51:50,7983.0,3019.0,1.348,1.001,0.371,51.37,181.4,1.257,0.037,T01,O0001
2024-07-20 14:52:00,7987.0,3041.0,1.207,0.922,0.384,51.61,185.4,1.233,0.0456,T01,O0001
2024-07-20 14:52:10,7988.0,3000.0,1.194,0.94,0.36,51.08,186.2,1.246,0.0395,T01,O0001
2024-07-20 14:52:20,8001.0,2981.0,1.363,1.019,0.4,51.42,187.0,1.255,0.0404,T01,O0001
2024-07-20 14:52:30,7981.0,3012.0,1.271,0.971,0.387,51.43,181.1,1.268,0.0391,T01,O0001
2024-07-20 14:52:40,8000.0,3009.0,1.269,1.02,0.373,51.56,184.4,1.296,0.0406,T01,O0001
2024-07-20 14:52:50,8004.0,2968.0,1.232,0.985,0.364,52.04,178.9,1.308,0.0403,T01,O0001
2024-07-20 14:53:00,8010.0,2971.0,1.341,1.019,0.393,51.49,180.8,1.294,0.0413,T01,O0001
2024-07-20 14:53:10,8009.0,2988.0,1.311,0.985,0.38,51.41,183.8,1.261,0.0324,T01,O0001
2024-07-20 14:53:20,7975.0,2988.0,1.369,0.997,0.369,52.11,179.6,1.263,0.045,T01,O0001
2024-07-20 14:53:30,8001.0,3015.0,1.416,1.081,0.429,52.06,184.1,1.201,0.0377,T01,O0001
2024-07-20 14:53:40,8009.0,3017.0,1.338,1.018,0.41,51.93,178.7,1.264,0.0335,T01,O0001
2024-07-20 14:53:50,7986.0,2977.0,1.308,1.033,0.411,51.81,182.0,1.334,0.0432,T01,O0001
2024-07-20 14:54:00,7992.0,2969.0,1.465,1.037,0.442,51.8,183.5,1.348,0.0431,T01,O0001
2024-07-20 14:54:10,8028.0,2962.0,1.398,1.027,0.432,52.03,182.5,1.344,0.0462,T01,O0001
2024-07-20 14:54:20,7961.0,2973.0,1.361,0.984,0.397,51.73,184.4,1.317,0.0412,T01,O0001
2024-07-20 14:54:30,8043.0,3003.0,1.42,1.015,0.395,51.72,186.4,1.304,0.0451,T01,O0001
2024-07-20 14:54:40,8024.0,3023.0,1.422,1.111,0.446,52.25,184.1,1.295,0.0438,T01,O0001
2024-07-20 14:54:50,7994.0,3006.0,1.394,1.054,0.427,52.12,183.5,1.338,0.0473,T01,O0001
2024-07-20 14:55:00,8033.0,3009.0,1.28,0.985,0.407,52.41,186.3,1.31,0.045,T01,O0001
2024-07-20 14:55:10,7981.0,2962.0,1.406,1.109,0.399,52.1,185.3,1.331,0.0459,T01,O0001
2024-07-20 14:55:20,8011.0,3025.0,1.359,1.016,0.411,52.06,185.9,1.319,0.0419,T01,O0001
2024-07-20 14:55:30,7972.0,3010.0,1.374,0.96,0.391,51.69,187.1,1.309,0.0465,T01,O0001
2024-07-20 14:55:40,8032.0,3009.0,1.491,1.163,0.447,52.56,187.7,1.284,0.0506,T01,O0001
2024-07-20 14:55:50,7987.0,2998.0,1.446,1.119,0.448,52.37,188.3,1.357,0.047,T01,O0001
2024-07-20 14:56:00,8017.0,3010.0,1.464,1.158,0.428,52.68,186.7,1.361,0.0473,T01,O0001
2024-07-20 14:56:10,8004.0,3000.0,1.404,1.005,0.439,52.26,184.6,1.372,0.0451,T01,O0001
2024-07-20 14:56:20,7993.0,2995.0,1.514,1.136,0.425,52.48,189.5,1.363,0.0435,T01,O0001
2024-07-20 14:56:30,7989.0,3038.0,1.407,1.089,0.428,52.14,187.4,1.305,0.0458,T01,O0001
2024-07-20 14:56:40,8051.0,2986.0,1.433,1.101,0.433,52.85,187.3,1.354,0.0485,T01,O0001
2024-07-20 14:56:50,7987.0,3006.0,1.383,1.048,0.426,52.77,191.2,1.341,0.0459,T01,O0001
2024-07-20 14:57:00,8011.0,2977.0,1.482,1.124,0.467,53.17,188.9,1.397,0.0466,T01,O0001
2024-07-20 14:57:10,8014.0,3016.0,1.491,1.156,0.45,52.64,185.4,1.399,0.0498,T01,O0001
2024-07-20 14:57:20,8023.0,2986.0,1.434,1.083,0.443,53.02,190.2,1.381,0.0489,T01,O0001
2024-07-20 14:57:30,8022.0,3011.0,1.453,1.12,0.467,52.81,192.0,1.341,0.0478,T01,O0001
2024-07-20 14:57:40,7978.0,3003.0,1.526,1.188,0.416,53.05,193.0,1.369,0.046,T01,O0001
2024-07-20 14:57:50,8000.0,2974.0,1.491,1.154,0.42,52.6,190.8,1.415,0.0489,T01,O0001
2024-07-20 14:58:00,8014.0,3074.0,1.552,1.174,0.447,53.58,191.1,1.386,0.0483,T01,O0001
2024-07-20 14:58:10,8007.0,2986.0,1.383,1.112,0.452,52.72,196.8,1.35,0.0508,T01,O0001
2024-07-20 14:58:20,7987.0,3016.0,1.53,1.234,0.45,53.45,188.6,1.366,0.0548,T01,O0001
2024-07-20 14:58:30,7991.0,3019.0,1.587,1.089,0.429,53.09,194.3,1.464,0.0471,T01,O0001
2024-07-20 14:58:40,7999.0,2963.0,1.504,1.143,0.456,53.04,191.5,1.401,0.0484,T01,O0001
2024-07-20 14:58:50,7978.0,3009.0,1.492,1.189,0.463,53.59,192.6,1.418,0.0479,T01,O0001
2024-07-20 14:59:00,8000.0,2983.0,1.469,1.184,0.464,53.26,186.0,1.48,0.0513,T01,O0001
2024-07-20 14:59:10,8012.0,2976.0,1.587,1.172,0.481,53.1,191.4,1.424,0.0493,T01,O0001
2024-07-20 14:59:20,8011.0,2986.0,1.607,1.152,0.482,53.83,188.0,1.399,0.0559,T01,O0001
2024-07-20 14:59:30,8011.0,3110.0,1.618,1.245,0.467,53.99,189.0,1.431,0.0463,T01,O0001
2024-07-20 14:59:40,7982.0,3016.0,1.645,1.254,0.469,54.07,202.4,1.418,0.0525,T01,O0001
2024-07-20 14:59:50,7968.0,2980.0,1.526,1.171,0.484,53.6,189.1,1.446,0.0521,T01,O0001
2024-07-20 15:00:00,8007.0,2999.0,1.64,1.276,0.506,53.72,197.1,1.381,0.0536,T01,O0001
2024-07-20 15:00:10,7986.0,3026.0,1.571,1.111,0.446,54.42,195.3,1.423,0.0535,T01,O0001
2024-07-20 15:00:20,8008.0,3040.0,1.51,1.181,0.475,53.05,191.4,1.388,0.0527,T01,O0001
2024-07-20 15:00:30,8032.0,3012.0,1.605,1.23,0.464,54.18,190.4,1.377,0.0509,T01,O0001
2024-07-20 15:00:40,8004.0,2986.0,1.727,1.316,0.515,54.24,192.7,1.413,0.049,T01,O0001
2024-07-20 15:00:50,7996.0,3018.0,1.613,1.243,0.486,54.0,194.7,1.398,0.0544,T01,O0001
2024-07-20 15:01:00,7985.0,2973.0,1.587,1.225,0.472,53.63,192.7,1.461,0.0525,T01,O0001
2024-07-20 15:01:10,7981.0,2968.0,1.619,1.271,0.501,54.13,194.9,1.453,0.0456,T01,O0001
2024-07-20 15:01:20,8026.0,3048.0,1.639,1.286,0.48,54.25,196.9,1.478,0.0528,T01,O0001
2024-07-20 15:01:30,7951.0,2969.0,1.581,1.223,0.497,54.09,195.6,1.428,0.0501,T01,O0001
2024-07-20 15:01:40,7996.0,3010.0,1.646,1.255,0.521,54.35,192.9,1.458,0.0577,T01,O0001
2024-07-20 15:01:50,8024.0,3062.0,1.571,1.201,0.477,54.12,194.5,1.466,0.0556,T01,O0001
2024-07-20 15:02:00,7980.0,3029.0,1.682,1.278,0.45,54.19,194.8,1.49,0.0613,T01,O0001
2024-07-20 15:02:10,7999.0,2945.0,1.652,1.299,0.49,53.82,195.9,1.491,0.0551,T01,O0001
2024-07-20 15:02:20,7995.0,3026.0,1.608,1.241,0.462,54.28,199.6,1.537,0.0481,T01,O0001
2024-07-20 15:02:30,8012.0,2966.0,1.638,1.221,0.505,53.84,198.5,1.471,0.0556,T01,O0001
2024-07-20 15:02:40,8029.0,2977.0,1.715,1.33,0.528,54.49,195.7,1.447,0.0524,T01,O0001
2024-07-20 15:02:50,7991.0,3029.0,1.723,1.377,0.529,54.44,198.4,1.431,0.0542,T01,O0001
2024-07-20 15:03:00,7980.0,3034.0,1.768,1.365,0.505,54.48,195.4,1.503,0.0601,T01,O0001
2024-07-20 15:03:10,7987.0,3029.0,1.75,1.356,0.51,54.18,201.2,1.419,0.0559,T01,O0001
2024-07-20 15:03:20,8039.0,3075.0,1.746,1.35,0.528,54.72,195.1,1.455,0.0589,T01,O0001
2024-07-20 15:03:30,8040.0,3043.0,1.697,1.298,0.515,54.93,193.9,1.532,0.0564,T01,O0001
2024-07-20 15:03:40,8009.0,3025.0,1.645,1.259,0.45,54.26,202.0,1.511,0.0527,T01,O0001
2024-07-20 15:03:50,8012.0,3001.0,1.716,1.361,0.492,54.55,198.7,1.477,0.0584,T01,O0001
2024-07-20 15:04:00,7988.0,3024.0,1.589,1.227,0.525,54.62,197.3,1.507,0.0569,T01,O0001
2024-07-20 15:04:10,8020.0,3065.0,1.713,1.36,0.513,54.84,198.0,1.508,0.0599,T01,O0001
2024-07-20 15:04:20,7995.0,3016.0,1.718,1.354,0.524,54.6,198.2,1.522,0.0625,T01,O0001
2024-07-20 15:04:30,7983.0,2996.0,1.706,1.365,0.528,54.7,201.4,1.497,0.0522,T01,O0001
2024-07-20 15:04:40,8005.0,2965.0,1.709,1.328,0.531,55.04,197.1,1.516,0.0518,T01,O0001
2024-07-20 15:04:50,7994.0,2994.0,1.708,1.37,0.526,54.79,198.3,1.537,0.0564,T01,O0001
2024-07-20 15:05:00,8004.0,3040.0,1.865,1.418,0.523,55.27,197.1,1.516,0.0567,T01,O0001
2024-07-20 15:05:10,7999.0,3039.0,1.843,1.421,0.528,55.19,206.4,1.559,0.0563,T01,O0001
2024-07-20 15:05:20,8007.0,3027.0,1.813,1.39,0.546,55.02,200.2,1.53,0.058,T01,O0001
2024-07-20 15:05:30,8003.0,2980.0,1.71,1.286,0.505,55.28,201.8,1.608,0.0522,T01,O0001
2024-07-20 15:05:40,8038.0,3013.0,1.807,1.333,0.508,55.16,202.0,1.512,0.0609,T01,O0001
2024-07-20 15:05:50,8015.0,2985.0,1.786,1.457,0.6,55.39,205.1,1.568,0.0604,T01,O0001
2024-07-20 15:06:00,7993.0,2952.0,1.844,1.399,0.517,55.09,202.6,1.565,0.0614,T01,O0001
2024-07-20 15:06:10,8011.0,3016.0,1.696,1.31,0.514,55.07,198.8,1.557,0.0591,T01,O0001
2024-07-20 15:06:20,7988.0,2947.0,1.712,1.356,0.524,55.41,198.4,1.605,0.0626,T01,O0001
2024-07-20 15:06:30,8000.0,2993.0,1.787,1.434,0.537,54.91,201.7,1.538,0.0667,T01,O0001
2024-07-20 15:06:40,7980.0,3013.0,1.786,1.382,0.554,56.08,199.6,1.512,0.0626,T01,O0001
2024-07-20 15:06:50,7980.0,2992.0,1.704,1.344,0.538,55.85,210.4,1.496,0.0599,T01,O0001
2024-07-20 15:07:00,8003.0,3005.0,1.889,1.412,0.548,56.36,205.1,1.608,0.0579,T01,O0001
2024-07-20 15:07:10,7972.0,3033.0,1.812,1.414,0.568,55.37,203.7,1.569,0.0565,T01,O0001
2024-07-20 15:07:20,8003.0,2986.0,1.735,1.334,0.484,56.17,202.4,1.612,0.0625,T01,O0001
2024-07-20 15:07:30,7992.0,2976.0,1.888,1.475,0.555,55.78,201.7,1.589,0.0637,T01,O0001
2024-07-20 15:07:40,8001.0,3066.0,1.889,1.47,0.552,55.46,203.3,1.583,0.0648,T01,O0001
2024-07-20 15:07:50,8014.0,2966.0,1.862,1.385,0.543,55.59,203.0,1.631,0.0635,T01,O0001
2024-07-20 15:08:00,8020.0,3043.0,1.814,1.451,0.546,55.75,206.5,1.582,0.0592,T01,O0001
2024-07-20 15:08:10,8008.0,2922.0,1.949,1.496,0.605,55.99,206.5,1.558,0.0608,T01,O0001
2024-07-20 15:08:20,7983.0,3036.0,1.798,1.431,0.558,55.21,199.1,1.603,0.0617,T01,O0001
2024-07-20 15:08:30,8013.0,2989.0,1.893,1.453,0.605,56.35,203.4,1.59,0.0654,T01,O0001
2024-07-20 15:08:40,8029.0,3008.0,1.949,1.463,0.557,56.31,200.7,1.64,0.0614,T01,O0001
2024-07-20 15:08:50,8006.0,2984.0,1.869,1.508,0.563,56.2,198.6,1.605,0.062,T01,O0001
2024-07-20 15:09:00,7962.0,2981.0,1.933,1.445,0.56,56.18,199.9,1.585,0.0639,T01,O0001
2024-07-20 15:09:10,7975.0,3004.0,1.995,1.525,0.574,56.41,205.3,1.571,0.0617,T01,O0001
2024-07-20 15:09:20,8007.0,3009.0,1.867,1.44,0.582,56.84,207.0,1.654,0.0673,T01,O0001
2024-07-20 15:09:30,7994.0,2973.0,1.956,1.588,0.599,56.14,207.0,1.615,0.0675,T01,O0001
2024-07-20 15:09:40,8046.0,3016.0,2.002,1.49,0.589,56.19,209.2,1.636,0.0662,T01,O0001
2024-07-20 15:09:50,7990.0,3007.0,1.905,1.507,0.549,56.52,206.6,1.571,0.0651,T01,O0001
2024-07-20 15:10:00,7995.0,3032.0,1.955,1.483,0.595,56.41,203.8,1.647,0.0641,T01,O0001
2024-07-20 15:10:10,8011.0,2971.0,1.92,1.485,0.563,56.59,202.6,1.621,0.0649,T01,O0001
2024-07-20 15:10:20,7952.0,2962.0,1.831,1.483,0.613,57.09,207.1,1.649,0.0641,T01,O0001
2024-07-20 15:10:30,8018.0,3034.0,2.028,1.6,0.602,56.56,205.1,1.599,0.0606,T01,O0001
2024-07-20 15:10:40,7995.0,2945.0,1.976,1.522,0.579,56.28,208.4,1.594,0.0656,T01,O0001
2024-07-20 15:10:50,7972.0,3040.0,2.032,1.541,0.598,56.32,212.3,1.688,0.0713,T01,O0001
2024-07-20 15:11:00,7992.0,3011.0,1.959,1.475,0.575,56.89,211.1,1.631,0.0695,T01,O0001
2024-07-20 15:11:10,8023.0,2993.0,2.031,1.568,0.598,56.59,211.5,1.685,0.0632,T01,O0001
2024-07-20 15:11:20,8006.0,3015.0,2.034,1.556,0.57,57.13,207.4,1.655,0.0661,T01,O0001
2024-07-20 15:11:30,7945.0,3033.0,1.906,1.505,0.564,57.27,208.0,1.642,0.0735,T01,O0001
2024-07-20 15:11:40,8009.0,3007.0,2.13,1.626,0.634,56.95,205.6,1.59,0.0759,T01,O0001
2024-07-20 15:11:50,7994.0,3038.0,2.01,1.583,0.624,56.62,209.2,1.659,0.0691,T01,O0001
2024-07-20 15:12:00,8004.0,3033.0,2.063,1.569,0.598,56.92,213.5,1.669,0.0696,T01,O0001
2024-07-20 15:12:10,7974.0,3026.0,1.996,1.552,0.61,57.66,209.5,1.67,0.0702,T01,O0001
2024-07-20 15:12:20,8020.0,2965.0,2.06,1.578,0.613,57.11,207.4,1.656,0.0707,T01,O0001
2024-07-20 15:12:30,8020.0,2952.0,2.085,1.628,0.628,57.07,213.8,1.691,0.0671,T01,O0001
2024-07-20 15:12:40,8003.0,2940.0,2.013,1.575,0.564,57.58,214.9,1.724,0.0703,T01,O0001
2024-07-20 15:12:50,8000.0,2966.0,2.044,1.629,0.61,56.98,210.9,1.683,0.0733,T01,O0001
2024-07-20 15:13:00,8023.0,3030.0,2.059,1.659,0.641,57.3,210.4,1.7,0.0723,T01,O0001
2024-07-20 15:13:10,8010.0,3037.0,2.049,1.603,0.669,57.09,214.3,1.691,0.0703,T01,O0001
2024-07-20 15:13:20,7995.0,2997.0,2.029,1.528,0.571,57.55,213.1,1.726,0.0669,T01,O0001
2024-07-20 15:13:30,7996.0,3009.0,1.991,1.559,0.637,57.47,207.6,1.687,0.071,T01,O0001
2024-07-20 15:13:40,8009.0,2954.0,2.052,1.639,0.598,57.38,209.9,1.68,0.0747,T01,O0001
2024-07-20 15:13:50,8037.0,3004.0,2.037,1.633,0.628,57.49,211.4,1.732,0.0711,T01,O0001
2024-07-20 15:14:00,7991.0,2971.0,2.048,1.705,0.603,57.29,209.0,1.72,0.0693,T01,O0001
2024-07-20 15:14:10,7991.0,3000.0,2.001,1.622,0.622,58.07,216.3,1.738,0.0644,T01,O0001
2024-07-20 15:14:20,8016.0,3018.0,2.054,1.581,0.619,57.99,214.5,1.72,0.0727,T01,O0001
2024-07-20 15:14:30,7990.0,2955.0,2.044,1.612,0.618,57.64,215.6,1.734,0.0752,T01,O0001
2024-07-20 15:14:40,7982.0,3003.0,2.077,1.65,0.631,57.69,213.0,1.765,0.0716,T01,O0001
2024-07-20 15:14:50,7979.0,3037.0,2.124,1.673,0.626,57.29,215.8,1.745,0.0763,T01,O0001
2024-07-20 15:15:00,8029.0,2990.0,2.106,1.586,0.617,58.16,212.3,1.708,0.0709,T01,O0001
2024-07-20 15:15:10,7983.0,2962.0,2.068,1.663,0.604,58.2,212.2,1.767,0.0721,T01,O0001
2024-07-20 15:15:20,7995.0,3025.0,2.083,1.612,0.622,57.92,215.5,1.715,0.0768,T01,O0001
2024-07-20 15:15:30,7970.0,3019.0,2.116,1.62,0.654,57.87,209.6,1.694,0.0755,T01,O0001
2024-07-20 15:15:40,7999.0,2986.0,2.127,1.702,0.618,57.65,218.7,1.732,0.0768,T01,O0001
2024-07-20 15:15:50,7992.0,2973.0,2.176,1.676,0.621,58.13,217.1,1.816,0.0736,T01,O0001
2024-07-20 15:16:00,7997.0,3002.0,2.193,1.671,0.648,58.42,215.8,1.782,0.0659,T01,O0001
2024-07-20 15:16:10,7992.0,3069.0,2.051,1.597,0.62,58.45,211.8,1.774,0.0759,T01,O0001
2024-07-20 15:16:20,8001.0,2987.0,2.181,1.684,0.666,57.86,219.4,1.79,0.0762,T01,O0001
2024-07-20 15:16:30,7996.0,2982.0,2.02,1.635,0.65,57.73,221.1,1.819,0.0757,T01,O0001
2024-07-20 15:16:40,7996.0,3006.0,2.173,1.707,0.648,58.76,218.0,1.784,0.0814,T01,O0001
2024-07-20 15:16:50,7986.0,2990.0,2.09,1.617,0.642,58.22,219.4,1.773,0.0709,T01,O0001
2024-07-20 15:17:00,7987.0,3016.0,2.2,1.806,0.662,58.67,217.7,1.794,0.0758,T01,O0001
2024-07-20 15:17:10,8017.0,2951.0,2.168,1.702,0.589,58.82,217.1,1.783,0.0745,T01,O0001
2024-07-20 15:17:20,7998.0,3036.0,2.203,1.732,0.666,58.64,214.8,1.786,0.0783,T01,O0001
2024-07-20 15:17:30,8024.0,3009.0,2.177,1.684,0.639,58.53,216.4,1.852,0.081,T01,O0001
2024-07-20 15:17:40,7992.0,3049.0,2.206,1.732,0.681,58.8,212.2,1.806,0.0762,T01,O0001
2024-07-20 15:17:50,7989.0,3013.0,2.298,1.782,0.674,58.55,213.7,1.803,0.0763,T01,O0001
2024-07-20 15:18:00,8021.0,3011.0,2.086,1.636,0.654,58.59,216.7,1.823,0.0769,T01,O0001
2024-07-20 15:18:10,7997.0,2983.0,2.271,1.801,0.662,59.1,216.6,1.733,0.0717,T01,O0001
2024-07-20 15:18:20,7994.0,2969.0,2.142,1.645,0.652,58.88,212.0,1.78,0.0792,T01,O0001
2024-07-20 15:18:30,7993.0,3010.0,2.172,1.733,0.609,59.05,219.4,1.787,0.0743,T01,O0001
2024-07-20 15:18:40,8028.0,2999.0,2.176,1.69,0.664,58.51,217.4,1.831,0.0792,T01,O0001
2024-07-20 15:18:50,8001.0,2986.0,2.304,1.777,0.67,59.23,221.5,1.897,0.0724,T01,O0001
2024-07-20 15:19:00,8013.0,3019.0,2.343,1.804,0.703,59.31,220.7,1.814,0.0772,T01,O0001
2024-07-20 15:19:10,8022.0,2961.0,2.325,1.695,0.714,58.95,223.4,1.845,0.0796,T01,O0001
2024-07-20 15:19:20,8009.0,2977.0,2.249,1.769,0.655,59.44,219.5,1.833,0.0727,T01,O0001
2024-07-20 15:19:30,7979.0,2982.0,2.287,1.746,0.701,59.26,223.0,1.841,0.0803,T01,O0001
2024-07-20 15:19:40,8008.0,2961.0,2.186,1.771,0.686,58.71,221.0,1.824,0.0791,T01,O0001
2024-07-20 15:19:50,8026.0,2977.0,2.22,1.751,0.663,59.15,220.9,1.83,0.0796,T01,O0001
2024-07-20 15:20:00,8018.0,2950.0,2.252,1.733,0.664,59.44,224.8,1.83,0.0806,T01,O0001
2024-07-20 15:20:10,8005.0,3000.0,2.323,1.824,0.711,59.75,227.1,1.847,0.0835,T01,O0001
2024-07-20 15:20:20,7990.0,3057.0,2.255,1.774,0.738,59.09,221.3,1.887,0.0805,T01,O0001
2024-07-20 15:20:30,8019.0,3010.0,2.233,1.82,0.688,59.98,220.8,1.878,0.0784,T01,O0001
2024-07-20 15:20:40,7963.0,2999.0,2.289,1.72,0.658,59.24,222.9,1.847,0.0739,T01,O0001
2024-07-20 15:20:50,8022.0,2989.0,2.347,1.726,0.646,59.91,222.0,1.885,0.0822,T01,O0001
2024-07-20 15:21:00,8026.0,3035.0,2.319,1.831,0.689,59.74,225.3,1.892,0.0836,T01,O0001
2024-07-20 15:21:10,7983.0,3000.0,2.206,1.753,0.674,59.4,222.8,1.897,0.0854,T01,O0001
2024-07-20 15:21:20,8002.0,3020.0,2.303,1.857,0.741,59.51,228.5,1.873,0.0774,T01,O0001
2024-07-20 15:21:30,7965.0,2979.0,2.344,1.825,0.702,59.78,227.1,1.91,0.0798,T01,O0001
2024-07-20 15:21:40,7999.0,3066.0,2.363,1.88,0.687,59.43,224.9,1.895,0.0802,T01,O0001
2024-07-20 15:21:50,7988.0,3001.0,2.319,1.83,0.706,60.05,221.3,1.913,0.0829,T01,O0001
2024-07-20 15:22:00,7974.0,2969.0,2.327,1.815,0.723,59.3,226.0,1.893,0.0875,T01,O0001
2024-07-20 15:22:10,8005.0,3030.0,2.314,1.779,0.721,60.48,223.0,1.883,0.0827,T01,O0001
2024-07-20 15:22:20,8033.0,3036.0,2.358,1.787,0.747,59.67,227.5,1.891,0.0827,T01,O0001
2024-07-20 15:22:30,8019.0,3025.0,2.344,1.859,0.72,60.7,224.7,1.855,0.0827,T01,O0001
2024-07-20 15:22:40,7992.0,2978.0,2.333,1.843,0.671,59.91,227.9,1.935,0.0902,T01,O0001
2024-07-20 15:22:50,8029.0,2969.0,2.338,1.829,0.681,59.93,225.7,1.91,0.0861,T01,O0001
2024-07-20 15:23:00,8019.0,3003.0,2.501,1.88,0.712,60.52,222.3,1.918,0.0857,T01,O0001
2024-07-20 15:23:10,8041.0,2962.0,2.372,1.789,0.711,60.26,226.9,1.908,0.0889,T01,O0001
2024-07-20 15:23:20,7995.0,3006.0,2.383,1.858,0.723,60.26,234.2,1.926,0.0834,T01,O0001
2024-07-20 15:23:30,8019.0,2984.0,2.515,1.927,0.753,60.03,225.7,1.975,0.0887,T01,O0001
2024-07-20 15:23:40,8038.0,3028.0,2.425,1.928,0.735,60.3,217.8,1.947,0.0858,T01,O0001
2024-07-20 15:23:50,7962.0,2981.0,2.362,1.845,0.725,60.84,226.4,1.884,0.0903,T01,O0001
2024-07-20 15:24:00,8015.0,3042.0,2.446,1.896,0.742,60.4,226.6,1.931,0.0879,T01,O0001
2024-07-20 15:24:10,7979.0,2995.0,2.42,1.932,0.739,60.91,226.7,1.98,0.0889,T01,O0001
2024-07-20 15:24:20,7988.0,2913.0,2.469,1.894,0.707,60.73,223.7,1.923,0.0876,T01,O0001
2024-07-20 15:24:30,8002.0,2976.0,2.492,1.881,0.725,60.6,226.1,1.973,0.0816,T01,O0001
2024-07-20 15:24:40,8007.0,2973.0,2.439,1.947,0.685,60.23,228.4,1.97,0.0903,T01,O0001
2024-07-20 15:24:50,8035.0,3003.0,2.464,1.931,0.769,60.58,229.6,1.98,0.087,T01,O0001
2024-07-20 15:25:00,8004.0,2981.0,2.361,1.877,0.707,60.72,230.4,1.963,0.0835,T01,O0001
2024-07-20 15:25:10,8000.0,3055.0,2.428,1.959,0.758,60.57,226.0,2.004,0.0935,T01,O0001
2024-07-20 15:25:20,7987.0,3037.0,2.442,1.926,0.758,60.81,228.7,1.995,0.0877,T01,O0001
2024-07-20 15:25:30,7979.0,2963.0,2.504,1.976,0.739,60.93,226.5,1.963,0.0876,T01,O0001
2024-07-20 15:25:40,7977.0,2975.0,2.545,1.995,0.781,60.92,229.9,1.952,0.0866,T01,O0001
2024-07-20 15:25:50,8017.0,3023.0,2.56,2.024,0.747,60.94,224.9,2.008,0.0878,T01,O0001
2024-07-20 15:26:00,7983.0,2927.0,2.508,1.909,0.786,60.64,226.0,1.957,0.0833,T01,O0001
2024-07-20 15:26:10,8033.0,3044.0,2.616,2.002,0.796,61.68,229.0,2.054,0.0912,T01,O0001
2024-07-20 15:26:20,8013.0,2996.0,2.482,1.971,0.771,61.13,230.0,2.005,0.0869,T01,O0001
2024-07-20 15:26:30,8026.0,3024.0,2.494,1.952,0.787,61.24,232.9,1.991,0.0902,T01,O0001
2024-07-20 15:26:40,7997.0,3024.0,2.549,2.025,0.749,61.48,231.3,2.011,0.0884,T01,O0001
2024-07-20 15:26:50,8030.0,3032.0,2.613,1.965,0.789,61.36,229.0,1.985,0.0923,T01,O0001
2024-07-20 15:27:00,7993.0,2983.0,2.52,2.004,0.755,61.3,231.7,1.987,0.0909,T01,O0001
2024-07-20 15:27:10,8000.0,3022.0,2.563,2.048,0.806,61.46,226.8,1.996,0.0906,T01,O0001
2024-07-20 15:27:20,7971.0,3015.0,2.488,1.93,0.765,61.06,236.3,1.961,0.0941,T01,O0001
2024-07-20 15:27:30,7973.0,2971.0,2.556,1.989,0.738,61.9,234.8,1.99,0.0897,T01,O0001
2024-07-20 15:27:40,7987.0,3019.0,2.56,1.976,0.777,61.47,229.3,1.988,0.0934,T01,O0001
2024-07-20 15:27:50,8009.0,2924.0,2.48,1.931,0.671,61.29,235.9,2.041,0.0879,T01,O0001
2024-07-20 15:28:00,8008.0,3067.0,2.538,1.961,0.769,61.58,230.7,1.972,0.0892,T01,O0001
2024-07-20 15:28:10,8015.0,3009.0,2.494,1.915,0.743,61.71,236.4,1.987,0.0923,T01,O0001
2024-07-20 15:28:20,8005.0,3012.0,2.479,1.955,0.734,61.83,235.3,1.977,0.095,T01,O0001
2024-07-20 15:28:30,7968.0,3006.0,2.639,2.059,0.826,62.05,233.4,1.998,0.0935,T01,O0001
2024-07-20 15:28:40,7989.0,3023.0,2.656,2.09,0.823,61.64,233.0,2.037,0.0885,T01,O0001
2024-07-20 15:28:50,7991.0,3055.0,2.664,2.09,0.775,61.57,232.0,2.091,0.0935,T01,O0001
2024-07-20 15:29:00,8009.0,3030.0,2.576,1.995,0.776,61.84,234.3,1.973,0.0912,T01,O0001
2024-07-20 15:29:10,8016.0,3036.0,2.633,2.078,0.784,61.57,233.0,2.043,0.0955,T01,O0001
2024-07-20 15:29:20,7985.0,2991.0,2.62,2.036,0.762,61.97,237.0,2.056,0.0976,T01,O0001
2024-07-20 15:29:30,7970.0,3064.0,2.551,2.02,0.763,62.42,236.0,2.069,0.0942,T01,O0001
2024-07-20 15:29:40,8009.0,3012.0,2.651,2.037,0.773,62.33,236.1,2.05,0.0919,T01,O0001
2024-07-20 15:29:50,8028.0,2982.0,2.547,2.048,0.745,61.89,228.1,2.052,0.0936,T01,O0001
2024-07-20 15:30:00,8028.0,2994.0,2.754,2.1,0.821,62.29,235.6,2.12,0.096,T01,O0001
2024-07-20 15:30:10,7993.0,2930.0,2.676,2.022,0.765,62.06,237.3,2.077,0.0922,T01,O0001
2024-07-20 15:30:20,7996.0,3027.0,2.657,2.046,0.77,62.39,238.5,2.1,0.0958,T01,O0001
2024-07-20 15:30:30,7988.0,3033.0,2.641,2.042,0.789,62.12,240.9,2.119,0.095,T01,O0001
2024-07-20 15:30:40,8025.0,2944.0,2.537,1.955,0.719,62.38,237.6,2.093,0.0931,T01,O0001
2024-07-20 15:30:50,7997.0,3047.0,2.645,2.115,0.785,62.46,233.5,2.072,0.0998,T01,O0001
2024-07-20 15:31:00,8014.0,3004.0,2.7,2.125,0.837,62.34,238.1,2.022,0.0967,T01,O0001
2024-07-20 15:31:10,8001.0,3024.0,2.721,2.104,0.799,62.23,234.4,2.086,0.0999,T01,O0001
2024-07-20 15:31:20,8018.0,3018.0,2.587,2.058,0.762,62.91,235.6,2.087,0.095,T01,O0001
2024-07-20 15:31:30,8033.0,3012.0,2.751,2.105,0.817,62.46,238.3,2.104,0.1,T01,O0001
2024-07-20 15:31:40,7997.0,3004.0,2.78,2.171,0.818,62.4,236.8,2.11,0.0966,T01,O0001
2024-07-20 15:31:50,8005.0,2954.0,2.731,2.155,0.795,62.43,235.4,2.081,0.0937,T01,O0001
2024-07-20 15:32:00,8000.0,2985.0,2.773,2.114,0.815,62.49,241.5,2.142,0.0949,T01,O0001
2024-07-20 15:32:10,7997.0,3042.0,2.754,2.172,0.838,62.7,245.1,2.141,0.1036,T01,O0001
2024-07-20 15:32:20,7986.0,2945.0,2.797,2.142,0.854,62.75,241.1,2.123,0.0931,T01,O0001
2024-07-20 15:32:30,7975.0,3020.0,2.62,2.107,0.769,62.79,237.5,2.075,0.0992,T01,O0001
2024-07-20 15:32:40,7950.0,3029.0,2.692,2.115,0.804,63.33,242.1,2.077,0.1022,T01,O0001
2024-07-20 15:32:50,8000.0,2960.0,2.655,2.078,0.791,63.05,237.2,2.103,0.1007,T01,O0001
2024-07-20 15:33:00,7997.0,3045.0,2.789,2.199,0.832,62.67,237.4,2.161,0.1001,T01,O0001
2024-07-20 15:33:10,8016.0,3030.0,2.78,2.225,0.832,63.31,237.4,2.098,0.0963,T01,O0001
2024-07-20 15:33:20,7994.0,3044.0,2.781,2.18,0.835,63.07,240.5,2.103,0.0961,T01,O0001
2024-07-20 15:33:30,7965.0,3023.0,2.758,2.143,0.797,62.73,239.3,2.073,0.0978,T01,O0001
2024-07-20 15:33:40,8013.0,3007.0,2.794,2.136,0.858,63.55,239.3,2.133,0.1016,T01,O0001
2024-07-20 15:33:50,8047.0,2988.0,2.701,2.139,0.802,63.63,240.3,2.161,0.0994,T01,O0001
2024-07-20 15:34:00,7992.0,3063.0,2.716,2.142,0.836,63.25,239.8,2.146,0.101,T01,O0001
2024-07-20 15:34:10,8016.0,3027.0,2.675,2.172,0.849,63.26,234.7,2.159,0.1005,T01,O0001
2024-07-20 15:34:20,8022.0,3024.0,2.754,2.192,0.849,63.73,244.4,2.151,0.0954,T01,O0001
2024-07-20 15:34:30,7978.0,3012.0,2.734,2.206,0.838,64.01,241.9,2.183,0.1007,T01,O0001
2024-07-20 15:34:40,7981.0,2984.0,2.822,2.198,0.855,63.27,240.3,2.173,0.0983,T01,O0001
2024-07-20 15:34:50,8011.0,2969.0,2.862,2.224,0.864,62.94,242.9,2.067,0.1017,T01,O0001
2024-07-20 15:35:00,7986.0,2947.0,2.718,2.201,0.845,64.21,240.4,2.194,0.0961,T01,O0001
2024-07-20 15:35:10,7972.0,2978.0,2.799,2.155,0.82,63.79,245.9,2.138,0.1018,T01,O0001
2024-07-20 15:35:20,8006.0,3002.0,2.868,2.26,0.823,64.2,247.4,2.097,0.1024,T01,O0001
2024-07-20 15:35:30,8045.0,3028.0,2.81,2.212,0.823,63.47,243.4,2.176,0.1009,T01,O0001
2024-07-20 15:35:40,7968.0,2991.0,2.863,2.217,0.845,63.76,239.2,2.149,0.101,T01,O0001
2024-07-20 15:35:50,7982.0,2989.0,2.835,2.256,0.82,63.73,243.2,2.179,0.0997,T01,O0001
2024-07-20 15:36:00,8009.0,2967.0,2.759,2.168,0.828,63.46,242.7,2.184,0.1024,T01,O0001
2024-07-20 15:36:10,7987.0,3021.0,2.931,2.254,0.886,63.35,248.0,2.157,0.1001,T01,O0001
2024-07-20 15:36:20,7991.0,3012.0,2.752,2.181,0.814,63.46,245.2,2.185,0.1029,T01,O0001
2024-07-20 15:36:30,7994.0,2965.0,3.047,2.375,0.925,63.76,246.2,2.131,0.1049,T01,O0001
2024-07-20 15:36:40,7991.0,3003.0,2.904,2.243,0.871,64.08,242.4,2.231,0.1027,T01,O0001
2024-07-20 15:36:50,7994.0,3015.0,2.876,2.3,0.847,64.26,238.6,2.283,0.1078,T01,O0001
2024-07-20 15:37:00,7987.0,3001.0,2.889,2.248,0.865,63.9,248.9,2.181,0.1003,T01,O0001
2024-07-20 15:37:10,8015.0,2994.0,2.871,2.318,0.873,64.09,247.3,2.216,0.1018,T01,O0001
2024-07-20 15:37:20,7991.0,2978.0,2.989,2.309,0.884,64.69,248.0,2.181,0.1089,T01,O0001
2024-07-20 15:37:30,7986.0,3010.0,2.872,2.249,0.848,64.16,247.9,2.26,0.1093,T01,O0001
2024-07-20 15:37:40,8004.0,2977.0,2.757,2.264,0.846,64.78,241.1,2.17,0.1026,T01,O0001
2024-07-20 15:37:50,8014.0,3017.0,2.902,2.268,0.863,64.16,247.8,2.257,0.1081,T01,O0001
2024-07-20 15:38:00,8006.0,3001.0,2.976,2.341,0.892,64.09,245.2,2.232,0.1072,T01,O0001
2024-07-20 15:38:10,8010.0,2983.0,2.938,2.248,0.853,64.37,251.1,2.334,0.105,T01,O0001
2024-07-20 15:38:20,8025.0,2906.0,2.918,2.231,0.854,64.33,252.2,2.208,0.1044,T01,O0001
2024-07-20 15:38:30,7959.0,3081.0,2.92,2.313,0.841,64.18,242.2,2.241,0.1115,T01,O0001
2024-07-20 15:38:40,7975.0,2991.0,2.873,2.245,0.818,64.69,251.9,2.254,0.1049,T01,O0001
2024-07-20 15:38:50,7980.0,2965.0,3.011,2.34,0.914,65.1,246.1,2.227,0.1025,T01,O0001
2024-07-20 15:39:00,7974.0,2972.0,2.984,2.33,0.9,64.51,249.5,2.284,0.107,T01,O0001
2024-07-20 15:39:10,8002.0,2980.0,2.891,2.238,0.89,64.67,251.5,2.31,0.108,T01,O0001
2024-07-20 15:39:20,8001.0,3014.0,2.994,2.36,0.92,64.2,251.0,2.321,0.104,T01,O0001
2024-07-20 15:39:30,8023.0,3028.0,3.041,2.377,0.895,64.65,247.8,2.235,0.1079,T01,O0001
2024-07-20 15:39:40,7996.0,3000.0,2.996,2.317,0.857,65.23,248.0,2.27,0.1091,T01,O0001
2024-07-20 15:39:50,7976.0,3027.0,3.009,2.327,0.916,64.85,246.9,2.282,0.1109,T01,O0001
