timestamp,coater_speed_mpm,pump_speed_rpm,oven_z1_temp_c,oven_z2_temp_c,oven_z3_temp_c,heater_z2_power_pct,drying_air_flow_m3h,solution_viscosity_mpas,coating_thickness_um,transmittance_pct,haze_pct,surface_resistance_ohm,batch_id,product_code
2024-06-15 08:00:00,20.15,150.3,110.33,119.99,99.56,50.3,488.8,14.75,24.639,91.62,1.263,99.6,PVA-2024-0615-A,PVA-OPT-25
2024-06-15 08:00:10,19.96,148.3,110.59,119.95,100.1,48.0,489.4,14.78,25.208,92.02,1.187,99.6,PVA-2024-0615-A,PVA-OPT-25
2024-06-15 08:00:20,20.19,148.7,110.09,120.61,100.2,49.4,497.0,15.61,25.113,92.28,1.154,97.1,PVA-2024-0615-A,PVA-OPT-25
2024-06-15 08:00:30,20.46,150.7,109.35,119.46,100.46,50.4,502.3,15.0,24.764,92.13,1.224,101.9,PVA-2024-0615-A,PVA-OPT-25
2024-06-15 08:00:40,19.93,150.2,110.2,119.62,100.63,51.1,486.3,15.23,24.771,91.99,1.247,101.9,PVA-2024-0615-A,PVA-OPT-25
2024-06-15 08:00:50,19.93,149.8,109.67,120.52,99.59,50.6,497.5,14.76,25.261,91.49,1.27,101.6,PVA-2024-0615-A,PVA-OPT-25
2024-06-15 08:01:00,20.47,150.0,109.74,119.7,99.68,49.7,497.4,14.77,24.883,91.76,1.317,98.7,PVA-2024-0615-A,PVA-OPT-25
2024-06-15 08:01:10,20.23,150.3,110.29,120.45,99.5,49.5,506.9,15.32,24.884,92.06,1.24,98.6,PVA-2024-0615-A,PVA-OPT-25
2024-06-15 08:01:20,19.86,149.5,110.62,120.85,99.91,48.6,498.1,14.6,24.677,91.77,1.062,97.4,PVA-2024-0615-A,PVA-OPT-25
2024-06-15 08:01:30,20.16,149.2,110.01,119.8,100.19,49.0,501.9,14.88,24.943,92.07,1.152,100.2,PVA-2024-0615-A,PVA-OPT-25
2024-06-15 08:01:40,19.86,150.2,110.15,120.34,100.39,50.0,500.7,15.01,24.973,92.21,1.494,97.8,PVA-2024-0615-A,PVA-OPT-25
2024-06-15 08:01:50,19.86,149.0,110.85,119.42,99.97,49.2,489.3,15.03,25.096,92.29,1.272,97.6,PVA-2024-0615-A,PVA-OPT-25
2024-06-15 08:02:00,20.07,150.4,110.12,120.38,99.87,49.3,503.8,14.95,24.798,91.64,1.436,99.1,PVA-2024-0615-A,PVA-OPT-25
2024-06-15 08:02:10,19.43,148.3,111.3,120.1,100.06,48.9,501.1,15.12,24.774,92.68,1.335,99.0,PVA-2024-0615-A,PVA-OPT-25
2024-06-15 08:02:20,19.48,151.0,110.28,120.24,99.67,50.4,502.5,15.21,25.072,91.96,1.273,99.2,PVA-2024-0615-A,PVA-OPT-25
2024-06-15 08:02:30,19.83,150.5,109.12,119.68,100.84,52.1,519.6,15.22,25.145,92.24,1.187,100.7,PVA-2024-0615-A,PVA-OPT-25
2024-06-15 08:02:40,19.7,150.3,110.38,119.17,99.36,49.4,489.6,14.7,24.748,92.5,1.166,100.0,PVA-2024-0615-A,PVA-OPT-25
2024-06-15 08:02:50,20.09,151.0,110.19,120.25,100.07,47.9,508.6,14.91,25.167,92.48,1.068,99.7,PVA-2024-0615-A,PVA-OPT-25
2024-06-15 08:03:00,19.73,151.7,110.64,118.97,100.81,50.7,498.6,15.36,24.985,91.7,1.178,100.2,PVA-2024-0615-A,PVA-OPT-25
2024-06-15 08:03:10,19.58,151.0,110.34,119.84,100.0,50.1,501.4,15.27,25.161,91.73,1.357,98.2,PVA-2024-0615-A,PVA-OPT-25
2024-06-15 08:03:20,20.44,148.2,109.93,120.47,99.92,49.8,499.8,14.59,24.999,90.9,1.208,100.6,PVA-2024-0615-A,PVA-OPT-25
2024-06-15 08:03:30,19.93,148.7,109.39,120.1,99.86,49.5,497.9,15.11,24.624,92.15,1.225,100.2,PVA-2024-0615-A,PVA-OPT-25
2024-06-15 08:03:40,20.02,149.4,109.9,120.97,99.93,49.0,497.2,14.41,24.997,91.96,1.312,97.2,PVA-2024-0615-A,PVA-OPT-25
2024-06-15 08:03:50,19.57,150.0,109.57,120.51,100.55,50.0,501.6,15.01,25.169,92.25,1.063,101.7,PVA-2024-0615-A,PVA-OPT-25
2024-06-15 08:04:00,19.84,150.5,109.71,119.67,99.12,51.3,492.4,15.57,24.859,91.63,1.185,98.4,PVA-2024-0615-A,PVA-OPT-25
2024-06-15 08:04:10,20.03,149.3,110.29,120.01,100.61,48.0,503.8,14.72,24.942,91.34,1.106,100.2,PVA-2024-0615-A,PVA-OPT-25
2024-06-15 08:04:20,19.65,150.2,110.83,119.98,99.43,49.7,497.9,14.75,24.973,92.01,1.137,102.4,PVA-2024-0615-A,PVA-OPT-25
2024-06-15 08:04:30,20.11,149.2,110.2,119.21,99.89,50.8,494.3,15.23,24.549,92.58,1.045,101.7,PVA-2024-0615-A,PVA-OPT-25
2024-06-15 08:04:40,19.82,149.4,109.4,119.53,99.83,49.5,497.7,14.54,25.241,92.2,1.044,99.7,PVA-2024-0615-A,PVA-OPT-25
2024-06-15 08:04:50,19.91,148.6,110.22,119.72,100.24,52.0,506.3,14.81,24.859,92.02,1.362,99.4,PVA-2024-0615-A,PVA-OPT-25
2024-06-15 08:05:00,19.82,149.1,110.6,118.98,99.36,50.2,497.3,15.18,25.055,91.99,1.026,101.4,PVA-2024-0615-A,PVA-OPT-25
2024-06-15 08:05:10,20.56,148.6,109.7,120.02,100.18,49.9,501.8,14.81,24.987,92.21,1.2,101.3,PVA-2024-0615-A,PVA-OPT-25
2024-06-15 08:05:20,20.0,149.0,109.93,119.88,100.81,50.7,496.3,,25.186,91.67,1.187,99.0,PVA-2024-0615-A,PVA-OPT-25
2024-06-15 08:05:30,19.68,151.1,110.01,119.16,99.45,50.1,503.8,15.22,25.044,91.73,1.326,98.5,PVA-2024-0615-A,PVA-OPT-25
2024-06-15 08:05:40,20.25,149.1,109.61,120.2,100.08,48.0,503.4,15.13,24.969,91.33,1.409,96.3,PVA-2024-0615-A,PVA-OPT-25
2024-06-15 08:05:50,19.63,152.6,110.32,120.36,99.74,49.3,509.2,15.08,24.873,91.65,1.327,100.6,PVA-2024-0615-A,PVA-OPT-25
2024-06-15 08:06:00,20.06,150.5,109.94,120.11,100.17,50.9,499.1,14.9,25.122,92.26,1.204,99.7,PVA-2024-0615-A,PVA-OPT-25
2024-06-15 08:06:10,19.41,150.2,110.21,119.84,100.01,49.8,503.3,15.11,24.716,91.6,1.178,102.3,PVA-2024-0615-A,PVA-OPT-25
2024-06-15 08:06:20,19.6,149.1,109.56,120.3,99.74,48.9,500.5,14.96,25.103,91.89,1.079,100.7,PVA-2024-0615-A,PVA-OPT-25
2024-06-15 08:06:30,20.06,150.7,109.78,120.34,100.2,50.7,506.5,15.14,24.842,92.34,1.331,102.3,PVA-2024-0615-A,PVA-OPT-25
2024-06-15 08:06:40,20.22,149.4,110.36,120.15,100.72,49.5,496.4,14.85,25.191,91.88,,98.4,PVA-2024-0615-A,PVA-OPT-25
2024-06-15 08:06:50,20.05,150.1,109.81,119.59,99.92,49.8,503.7,14.95,25.016,92.67,1.244,102.1,PVA-2024-0615-A,PVA-OPT-25
2024-06-15 08:07:00,19.97,152.6,110.86,120.14,100.29,50.0,499.0,14.7,25.099,92.2,1.225,98.4,PVA-2024-0615-A,PVA-OPT-25
2024-06-15 08:07:10,19.91,149.9,109.8,120.6,99.48,50.3,499.7,14.99,25.024,91.79,1.146,101.6,PVA-2024-0615-A,PVA-OPT-25
2024-06-15 08:07:20,19.56,151.1,110.11,119.7,99.62,52.6,500.5,14.76,24.731,91.76,1.294,97.0,PVA-2024-0615-A,PVA-OPT-25
2024-06-15 08:07:30,19.78,149.3,110.47,121.05,100.19,50.0,501.3,14.67,24.892,92.92,1.21,100.1,PVA-2024-0615-A,PVA-OPT-25
2024-06-15 08:07:40,19.86,150.0,109.29,119.74,100.59,51.4,499.4,15.08,25.096,92.07,1.389,96.1,PVA-2024-0615-A,PVA-OPT-25
2024-06-15 08:07:50,20.32,151.8,109.12,120.02,100.14,49.5,501.1,15.06,25.025,91.56,1.182,99.6,PVA-2024-0615-A,PVA-OPT-25
2024-06-15 08:08:00,20.1,149.4,109.24,119.66,99.87,49.2,507.9,15.23,25.17,92.28,1.08,100.9,PVA-2024-0615-A,PVA-OPT-25
2024-06-15 08:08:10,19.47,151.8,110.63,120.11,100.0,50.0,504.9,14.87,25.063,92.13,1.136,98.9,PVA-2024-0615-A,PVA-OPT-25
2024-06-15 08:08:20,20.1,150.7,109.72,119.13,99.5,50.8,504.3,15.12,24.838,91.94,1.245,98.0,PVA-2024-0615-A,PVA-OPT-25
2024-06-15 08:08:30,19.88,149.4,111.28,119.73,100.24,49.1,497.7,15.17,24.875,91.74,1.233,101.9,PVA-2024-0615-A,PVA-OPT-25
2024-06-15 08:08:40,19.8,150.6,109.72,119.45,100.35,50.3,495.6,15.13,25.005,91.71,1.173,99.9,PVA-2024-0615-A,PVA-OPT-25
2024-06-15 08:08:50,20.18,151.0,110.09,120.07,99.82,50.3,504.8,14.75,24.654,92.29,0.976,98.8,PVA-2024-0615-A,PVA-OPT-25
2024-06-15 08:09:00,20.31,150.6,110.77,120.5,99.81,50.0,504.4,15.04,25.261,91.77,1.258,100.2,PVA-2024-0615-A,PVA-OPT-25
2024-06-15 08:09:10,20.28,148.4,111.0,120.32,100.11,50.2,507.4,15.11,25.073,92.28,1.445,105.6,PVA-2024-0615-A,PVA-OPT-25
2024-06-15 08:09:20,19.75,149.3,111.03,118.81,99.83,51.2,497.0,15.0,25.16,91.75,1.223,102.2,PVA-2024-0615-A,PVA-OPT-25
2024-06-15 08:09:30,19.91,149.8,110.6,121.02,99.97,48.7,498.9,14.37,24.783,91.99,1.345,102.8,PVA-2024-0615-A,PVA-OPT-25
2024-06-15 08:09:40,20.1,149.9,110.51,120.15,100.84,49.4,491.8,15.05,25.19,92.08,1.236,100.7,PVA-2024-0615-A,PVA-OPT-25
2024-06-15 08:09:50,20.29,150.6,110.3,119.61,99.9,49.1,498.0,15.66,25.327,92.08,1.241,100.3,PVA-2024-0615-A,PVA-OPT-25
2024-06-15 08:10:00,19.86,150.2,110.39,120.08,99.86,51.7,505.0,14.89,24.803,92.4,1.266,95.0,PVA-2024-0615-A,PVA-OPT-25
2024-06-15 08:10:10,19.94,148.7,109.72,120.09,99.74,49.9,497.7,14.78,25.117,91.76,1.248,98.7,PVA-2024-0615-A,PVA-OPT-25
2024-06-15 08:10:20,19.67,150.4,109.59,119.67,100.3,50.0,503.2,15.11,24.993,92.65,1.099,98.6,PVA-2024-0615-A,PVA-OPT-25
2024-06-15 08:10:30,19.64,150.6,110.0,120.1,99.93,49.0,499.0,15.09,24.77,91.31,1.099,96.1,PVA-2024-0615-A,PVA-OPT-25
2024-06-15 08:10:40,20.24,150.6,109.91,119.7,99.74,53.2,501.6,15.36,25.068,92.03,1.131,97.4,PVA-2024-0615-A,PVA-OPT-25
2024-06-15 08:10:50,20.41,151.1,109.77,119.8,100.53,49.1,494.3,14.62,25.121,91.69,1.237,96.1,PVA-2024-0615-A,PVA-OPT-25
2024-06-15 08:11:00,19.98,150.8,110.35,119.66,100.57,49.8,500.4,15.22,24.903,91.4,1.208,100.2,PVA-2024-0615-A,PVA-OPT-25
2024-06-15 08:11:10,20.3,150.5,110.48,119.28,99.76,51.0,485.0,15.18,25.161,91.79,1.257,101.8,PVA-2024-0615-A,PVA-OPT-25
2024-06-15 08:11:20,20.11,149.9,110.04,120.07,99.25,50.5,499.1,14.96,24.751,92.65,1.149,101.6,PVA-2024-0615-A,PVA-OPT-25
2024-06-15 08:11:30,19.81,148.3,110.74,120.29,100.4,50.7,491.8,15.1,24.782,91.75,1.365,101.3,PVA-2024-0615-A,PVA-OPT-25
2024-06-15 08:11:40,20.11,150.4,109.43,120.26,99.73,51.6,506.0,15.31,25.026,92.01,1.34,98.1,PVA-2024-0615-A,PVA-OPT-25
2024-06-15 08:11:50,20.46,150.2,109.9,120.41,100.32,50.2,503.9,15.26,25.012,91.98,1.177,95.9,PVA-2024-0615-A,PVA-OPT-25
2024-06-15 08:12:00,19.99,150.3,109.64,120.16,99.21,48.8,502.3,14.66,24.896,92.08,1.076,96.5,PVA-2024-0615-A,PVA-OPT-25
2024-06-15 08:12:10,20.47,148.7,109.07,119.73,100.36,50.0,507.6,15.25,25.116,92.0,1.173,97.5,PVA-2024-0615-A,PVA-OPT-25
2024-06-15 08:12:20,19.21,148.9,109.96,120.42,99.52,50.0,495.3,14.98,25.088,92.43,1.178,98.1,PVA-2024-0615-A,PVA-OPT-25
2024-06-15 08:12:30,20.25,151.1,109.94,119.32,100.29,52.6,508.7,15.02,25.115,92.19,1.024,99.7,PVA-2024-0615-A,PVA-OPT-25
2024-06-15 08:12:40,20.03,150.0,110.76,119.55,100.01,49.0,504.7,15.02,24.973,92.15,1.315,97.8,PVA-2024-0615-A,PVA-OPT-25
2024-06-15 08:12:50,19.91,150.7,110.32,119.52,99.62,51.6,498.8,14.95,25.081,91.82,1.198,100.6,PVA-2024-0615-A,PVA-OPT-25
2024-06-15 08:13:00,20.03,150.0,109.49,120.54,99.84,49.7,505.7,15.36,24.944,91.96,1.211,99.4,PVA-2024-0615-A,PVA-OPT-25
2024-06-15 08:13:10,19.4,150.0,110.93,120.47,100.27,50.5,494.5,14.97,25.318,92.16,1.279,99.7,PVA-2024-0615-A,PVA-OPT-25
2024-06-15 08:13:20,19.93,150.9,110.61,120.24,100.04,49.7,495.9,14.66,24.883,91.87,1.143,102.3,PVA-2024-0615-A,PVA-OPT-25
2024-06-15 08:13:30,20.11,149.5,110.29,120.54,100.23,48.7,497.0,14.88,25.327,91.95,1.281,97.8,PVA-2024-0615-A,PVA-OPT-25
2024-06-15 08:13:40,20.44,150.1,109.89,119.56,100.79,51.1,497.4,15.05,24.996,92.1,1.21,101.0,PVA-2024-0615-A,PVA-OPT-25
2024-06-15 08:13:50,19.84,149.5,109.52,120.17,99.37,50.5,494.7,15.37,24.797,91.8,1.214,100.2,PVA-2024-0615-A,PVA-OPT-25
2024-06-15 08:14:00,19.76,149.6,109.81,119.94,100.65,51.0,506.1,15.18,25.204,91.93,1.136,99.4,PVA-2024-0615-A,PVA-OPT-25
2024-06-15 08:14:10,19.85,149.7,110.54,120.42,100.04,49.6,498.7,14.74,25.027,92.16,1.345,101.6,PVA-2024-0615-A,PVA-OPT-25
2024-06-15 08:14:20,20.27,150.2,110.94,119.94,99.64,49.4,501.8,15.75,25.127,91.66,1.196,102.0,PVA-2024-0615-A,PVA-OPT-25
2024-06-15 08:14:30,20.1,149.5,110.77,119.81,99.47,48.6,497.1,15.08,25.18,92.03,1.216,97.8,PVA-2024-0615-A,PVA-OPT-25
2024-06-15 08:14:40,19.84,151.3,109.76,120.27,99.92,50.6,490.9,15.38,25.056,91.68,0.976,99.4,PVA-2024-0615-A,PVA-OPT-25
2024-06-15 08:14:50,20.15,149.1,109.44,120.44,100.37,50.1,501.4,14.95,24.92,92.01,1.279,100.3,PVA-2024-0615-A,PVA-OPT-25
2024-06-15 08:15:00,20.03,149.8,110.07,119.67,99.95,49.3,490.4,15.16,25.14,91.9,1.348,99.7,PVA-2024-0615-A,PVA-OPT-25
2024-06-15 08:15:10,20.29,149.6,109.12,119.97,100.6,49.5,499.7,15.25,25.0,91.58,1.247,101.4,PVA-2024-0615-A,PVA-OPT-25
2024-06-15 08:15:20,19.79,151.4,110.16,119.47,99.42,50.0,493.2,15.37,25.092,91.82,1.197,100.7,PVA-2024-0615-A,PVA-OPT-25
2024-06-15 08:15:30,19.9,150.2,109.93,118.75,100.0,49.5,509.9,15.32,24.652,91.9,1.283,103.9,PVA-2024-0615-A,PVA-OPT-25
2024-06-15 08:15:40,19.88,151.0,109.77,120.1,99.5,49.1,504.6,15.26,25.069,92.35,1.394,96.7,PVA-2024-0615-A,PVA-OPT-25
2024-06-15 08:15:50,19.56,148.5,109.2,120.3,100.15,48.6,500.5,14.91,24.91,91.6,1.038,99.8,PVA-2024-0615-A,PVA-OPT-25
2024-06-15 08:16:00,20.09,150.3,110.26,120.13,100.35,49.5,506.3,,25.251,92.33,1.273,98.2,PVA-2024-0615-A,PVA-OPT-25
2024-06-15 08:16:10,20.08,150.9,109.73,119.03,99.83,50.0,495.8,15.1,25.074,92.15,1.143,101.4,PVA-2024-0615-A,PVA-OPT-25
2024-06-15 08:16:20,20.0,150.1,109.42,119.82,98.96,48.5,502.7,15.28,25.032,91.69,1.193,96.7,PVA-2024-0615-A,PVA-OPT-25
2024-06-15 08:16:30,19.93,151.1,108.56,118.89,100.08,52.9,501.0,14.93,25.051,91.84,1.16,100.6,PVA-2024-0615-A,PVA-OPT-25
2024-06-15 08:16:40,19.58,149.5,109.99,120.68,100.17,50.7,501.3,15.32,24.864,92.24,1.179,98.9,PVA-2024-0615-A,PVA-OPT-25
2024-06-15 08:16:50,19.87,151.4,110.89,119.46,100.16,49.7,506.4,15.44,25.233,91.76,1.234,98.8,PVA-2024-0615-A,PVA-OPT-25
2024-06-15 08:17:00,19.9,152.3,110.83,120.63,100.49,49.8,503.7,14.73,25.311,91.48,1.06,96.9,PVA-2024-0615-A,PVA-OPT-25
2024-06-15 08:17:10,19.76,149.6,109.77,120.47,99.57,50.0,501.4,14.75,25.068,91.59,1.3,99.1,PVA-2024-0615-A,PVA-OPT-25
2024-06-15 08:17:20,19.95,149.6,109.7,119.55,100.27,51.6,491.7,14.96,25.23,92.16,0.978,101.9,PVA-2024-0615-A,PVA-OPT-25
2024-06-15 08:17:30,20.12,151.5,110.23,119.43,100.48,49.6,495.2,15.09,24.903,92.21,1.154,99.3,PVA-2024-0615-A,PVA-OPT-25
2024-06-15 08:17:40,20.57,151.6,109.5,120.18,99.29,51.0,499.4,14.84,24.884,91.83,1.175,101.3,PVA-2024-0615-A,PVA-OPT-25
2024-06-15 08:17:50,20.05,149.5,110.15,119.58,100.13,49.8,500.5,15.41,24.998,91.87,1.107,103.5,PVA-2024-0615-A,PVA-OPT-25
2024-06-15 08:18:00,20.08,149.6,110.38,120.05,99.8,48.6,494.3,15.13,25.066,92.38,1.231,100.6,PVA-2024-0615-A,PVA-OPT-25
2024-06-15 08:18:10,19.98,149.7,110.61,119.76,99.97,50.9,512.1,15.01,24.936,92.35,0.966,98.4,PVA-2024-0615-A,PVA-OPT-25
2024-06-15 08:18:20,19.42,148.7,109.95,119.11,100.14,52.0,507.6,14.57,25.063,92.4,1.19,100.8,PVA-2024-0615-A,PVA-OPT-25
2024-06-15 08:18:30,19.99,149.1,109.9,118.88,99.81,53.5,503.0,14.61,25.024,92.93,0.969,98.4,PVA-2024-0615-A,PVA-OPT-25
2024-06-15 08:18:40,20.02,149.0,109.56,120.11,99.73,48.7,500.4,15.08,24.853,92.12,1.301,99.3,PVA-2024-0615-A,PVA-OPT-25
2024-06-15 08:18:50,20.74,149.2,109.59,119.72,100.01,50.9,498.9,14.36,25.072,92.33,1.064,96.7,PVA-2024-0615-A,PVA-OPT-25
2024-06-15 08:19:00,19.94,150.0,109.89,119.72,99.57,49.8,495.2,15.3,25.124,91.13,1.205,102.2,PVA-2024-0615-A,PVA-OPT-25
2024-06-15 08:19:10,20.09,150.2,110.18,120.35,99.57,50.5,500.4,14.95,25.033,91.93,1.267,99.5,PVA-2024-0615-A,PVA-OPT-25
2024-06-15 08:19:20,19.99,151.6,110.46,120.59,100.27,48.1,501.3,15.97,25.185,92.52,1.087,100.1,PVA-2024-0615-A,PVA-OPT-25
2024-06-15 08:19:30,19.65,149.0,109.6,119.86,99.54,48.8,493.8,15.69,24.815,92.23,1.149,97.6,PVA-2024-0615-A,PVA-OPT-25
2024-06-15 08:19:40,20.34,151.0,110.75,119.83,100.27,49.4,501.7,14.95,25.067,92.44,1.063,101.0,PVA-2024-0615-A,PVA-OPT-25
2024-06-15 08:19:50,20.23,149.8,109.86,120.25,100.19,49.9,499.2,14.97,24.829,92.45,1.229,98.3,PVA-2024-0615-A,PVA-OPT-25
2024-06-15 08:20:00,20.24,150.0,109.99,119.32,99.31,49.9,490.5,15.3,24.819,92.15,1.381,99.7,PVA-2024-0615-A,PVA-OPT-25
2024-06-15 08:20:10,19.73,150.7,109.63,120.11,99.73,50.6,495.7,15.51,24.908,92.43,1.46,101.6,PVA-2024-0615-A,PVA-OPT-25
2024-06-15 08:20:20,20.42,148.9,108.79,120.28,100.48,50.8,497.9,14.51,24.864,92.5,1.138,101.1,PVA-2024-0615-A,PVA-OPT-25
2024-06-15 08:20:30,19.58,150.4,110.44,120.34,99.61,50.3,509.4,14.46,24.925,91.75,1.19,99.4,PVA-2024-0615-A,PVA-OPT-25
2024-06-15 08:20:40,20.18,150.2,110.37,119.03,99.81,52.4,502.8,14.81,24.949,91.8,1.031,96.5,PVA-2024-0615-A,PVA-OPT-25
2024-06-15 08:20:50,20.66,150.5,109.86,119.62,100.18,50.7,493.3,15.17,25.118,92.49,1.328,105.8,PVA-2024-0615-A,PVA-OPT-25
2024-06-15 08:21:00,19.7,150.3,110.03,119.56,100.31,49.1,502.4,15.15,24.943,91.88,1.255,103.4,PVA-2024-0615-A,PVA-OPT-25
2024-06-15 08:21:10,19.83,152.5,110.26,120.05,99.9,51.3,492.3,15.32,24.763,91.78,1.179,101.6,PVA-2024-0615-A,PVA-OPT-25
2024-06-15 08:21:20,20.03,149.4,109.22,120.24,99.76,49.2,505.4,14.64,25.176,91.42,1.371,98.8,PVA-2024-0615-A,PVA-OPT-25
2024-06-15 08:21:30,19.85,149.5,109.74,120.75,100.57,50.3,497.6,14.31,24.889,92.6,1.164,99.7,PVA-2024-0615-A,PVA-OPT-25
2024-06-15 08:21:40,19.53,149.4,110.4,119.75,100.7,51.8,499.5,15.26,24.986,92.58,1.141,98.8,PVA-2024-0615-A,PVA-OPT-25
2024-06-15 08:21:50,20.02,149.4,109.37,119.75,100.39,50.7,506.6,14.75,25.062,91.62,1.268,102.7,PVA-2024-0615-A,PVA-OPT-25
2024-06-15 08:22:00,19.68,149.4,110.15,120.57,100.03,48.0,493.6,14.39,25.041,92.35,1.039,100.2,PVA-2024-0615-A,PVA-OPT-25
2024-06-15 08:22:10,20.14,151.2,109.32,120.15,99.68,49.0,493.0,15.04,25.167,91.75,1.311,98.5,PVA-2024-0615-A,PVA-OPT-25
2024-06-15 08:22:20,19.72,151.4,110.23,120.63,99.67,50.8,497.1,15.24,25.085,92.06,1.116,99.2,PVA-2024-0615-A,PVA-OPT-25
2024-06-15 08:22:30,20.46,149.4,109.98,120.14,100.21,49.7,505.2,14.96,24.874,92.0,1.122,102.4,PVA-2024-0615-A,PVA-OPT-25
2024-06-15 08:22:40,19.77,149.2,109.19,119.42,100.17,50.5,492.4,14.86,25.315,92.68,1.032,102.7,PVA-2024-0615-A,PVA-OPT-25
2024-06-15 08:22:50,19.9,150.5,110.58,119.33,100.56,51.3,485.8,14.95,25.016,92.27,1.245,102.9,PVA-2024-0615-A,PVA-OPT-25
2024-06-15 08:23:00,20.24,149.4,109.63,119.22,100.26,51.3,497.7,14.89,24.962,93.08,1.103,101.3,PVA-2024-0615-A,PVA-OPT-25
2024-06-15 08:23:10,19.63,150.6,109.59,120.33,99.4,50.0,502.8,14.6,25.151,91.67,1.069,99.5,PVA-2024-0615-A,PVA-OPT-25
2024-06-15 08:23:20,20.07,150.2,110.1,120.59,100.42,49.3,506.0,14.79,25.049,91.38,1.159,93.6,PVA-2024-0615-A,PVA-OPT-25
2024-06-15 08:23:30,20.39,148.5,110.57,120.92,99.6,48.9,497.7,15.16,25.078,91.55,1.257,101.0,PVA-2024-0615-A,PVA-OPT-25
2024-06-15 08:23:40,19.52,151.5,109.49,120.42,99.85,50.5,497.9,15.1,25.382,91.64,1.062,99.9,PVA-2024-0615-A,PVA-OPT-25
2024-06-15 08:23:50,20.06,151.8,110.03,120.58,100.1,50.1,505.8,15.05,24.97,91.66,1.065,100.2,PVA-2024-0615-A,PVA-OPT-25
2024-06-15 08:24:00,20.08,149.4,110.21,119.71,100.8,50.0,490.7,14.7,24.947,91.44,1.457,100.4,PVA-2024-0615-A,PVA-OPT-25
2024-06-15 08:24:10,20.23,149.6,110.35,119.42,101.24,51.5,498.1,14.95,25.006,91.66,1.126,97.4,PVA-2024-0615-A,PVA-OPT-25
2024-06-15 08:24:20,19.63,150.3,110.09,120.43,100.24,49.5,501.0,14.35,25.169,91.43,1.218,101.4,PVA-2024-0615-A,PVA-OPT-25
2024-06-15 08:24:30,19.6,150.3,109.82,120.21,99.93,49.0,502.2,15.05,24.778,92.09,1.175,101.3,PVA-2024-0615-A,PVA-OPT-25
2024-06-15 08:24:40,20.16,150.7,109.59,120.05,100.21,49.2,497.5,15.43,24.706,92.11,1.112,101.1,PVA-2024-0615-A,PVA-OPT-25
2024-06-15 08:24:50,20.09,152.0,110.04,120.19,100.36,48.9,500.2,14.56,24.916,92.25,1.209,101.6,PVA-2024-0615-A,PVA-OPT-25
2024-06-15 08:25:00,20.08,149.8,109.46,120.16,99.87,49.6,487.6,14.82,24.758,92.62,1.233,100.8,PVA-2024-0615-A,PVA-OPT-25
2024-06-15 08:25:10,20.1,149.2,108.54,120.64,100.72,50.7,496.7,15.1,24.949,91.62,1.196,99.3,PVA-2024-0615-A,PVA-OPT-25
2024-06-15 08:25:20,19.8,148.6,110.22,120.65,100.09,48.7,502.3,15.38,25.088,91.65,1.124,100.2,PVA-2024-0615-A,PVA-OPT-25
2024-06-15 08:25:30,20.07,149.3,110.45,120.27,100.2,50.0,495.1,14.87,24.872,91.69,1.401,100.6,PVA-2024-0615-A,PVA-OPT-25
2024-06-15 08:25:40,20.09,150.0,108.82,120.42,100.27,49.0,500.3,14.79,24.794,91.23,1.224,100.4,PVA-2024-0615-A,PVA-OPT-25
2024-06-15 08:25:50,19.79,151.8,109.5,120.26,100.17,49.5,502.2,14.41,25.016,91.02,1.42,102.3,PVA-2024-0615-A,PVA-OPT-25
2024-06-15 08:26:00,20.56,149.5,110.31,119.77,100.34,48.7,498.3,15.03,25.125,92.23,0.952,101.1,PVA-2024-0615-A,PVA-OPT-25
2024-06-15 08:26:10,20.14,150.2,111.03,120.38,99.75,49.5,500.9,15.61,24.753,92.41,1.173,103.9,PVA-2024-0615-A,PVA-OPT-25
2024-06-15 08:26:20,19.64,150.0,110.01,119.3,99.78,50.4,495.2,15.08,25.109,92.43,1.426,104.6,PVA-2024-0615-A,PVA-OPT-25
2024-06-15 08:26:30,20.2,151.2,109.64,120.53,99.56,50.1,499.0,14.99,25.133,91.95,1.181,100.3,PVA-2024-0615-A,PVA-OPT-25
2024-06-15 08:26:40,19.71,152.5,109.91,119.4,100.18,50.7,503.1,15.1,25.131,92.22,1.182,92.4,PVA-2024-0615-A,PVA-OPT-25
2024-06-15 08:26:50,20.24,149.5,110.69,120.14,100.31,48.7,500.8,15.0,25.186,91.85,1.245,102.6,PVA-2024-0615-A,PVA-OPT-25
2024-06-15 08:27:00,20.35,149.5,109.68,119.58,100.18,51.4,497.1,14.76,25.322,92.02,1.157,99.0,PVA-2024-0615-A,PVA-OPT-25
2024-06-15 08:27:10,19.75,151.0,109.6,120.28,100.67,50.0,501.1,15.25,24.952,92.21,1.22,98.7,PVA-2024-0615-A,PVA-OPT-25
2024-06-15 08:27:20,20.29,150.7,109.76,119.98,100.0,50.2,503.6,15.07,25.016,91.07,1.218,99.5,PVA-2024-0615-A,PVA-OPT-25
2024-06-15 08:27:30,20.12,151.8,109.52,119.2,100.27,50.6,489.8,15.01,24.922,92.0,1.159,99.2,PVA-2024-0615-A,PVA-OPT-25
2024-06-15 08:27:40,20.25,150.6,110.06,120.21,99.56,49.3,505.8,14.71,25.005,92.45,1.357,101.4,PVA-2024-0615-A,PVA-OPT-25
2024-06-15 08:27:50,20.57,149.6,110.81,119.71,99.85,50.4,498.3,15.39,25.224,91.97,1.267,97.0,PVA-2024-0615-A,PVA-OPT-25
2024-06-15 08:28:00,19.93,150.6,110.16,120.44,100.28,50.1,502.1,15.2,24.807,92.6,1.207,97.7,PVA-2024-0615-A,PVA-OPT-25
2024-06-15 08:28:10,19.77,151.1,109.87,120.0,100.34,48.3,506.0,14.83,24.871,91.64,1.311,100.9,PVA-2024-0615-A,PVA-OPT-25
2024-06-15 08:28:20,19.73,150.8,109.85,120.2,99.88,49.3,493.1,15.3,25.211,92.3,1.118,100.9,PVA-2024-0615-A,PVA-OPT-25
2024-06-15 08:28:30,19.76,150.5,109.22,119.52,99.97,50.1,496.5,14.85,25.143,91.77,1.165,101.5,PVA-2024-0615-A,PVA-OPT-25
2024-06-15 08:28:40,19.98,151.1,110.44,119.71,99.39,50.5,498.6,14.77,24.94,91.6,1.092,98.1,PVA-2024-0615-A,PVA-OPT-25
2024-06-15 08:28:50,20.1,151.2,109.96,119.77,99.86,51.4,496.1,14.77,25.124,91.59,1.212,98.1,PVA-2024-0615-A,PVA-OPT-25
2024-06-15 08:29:00,20.08,151.4,109.91,120.43,100.36,48.9,508.7,14.47,25.06,91.86,1.06,98.8,PVA-2024-0615-A,PVA-OPT-25
2024-06-15 08:29:10,20.25,150.6,111.6,120.84,100.23,48.8,495.7,15.14,25.242,92.12,1.172,100.6,PVA-2024-0615-A,PVA-OPT-25
2024-06-15 08:29:20,20.0,149.8,110.15,119.6,100.2,49.8,497.2,14.45,25.003,92.27,1.147,103.0,PVA-2024-0615-A,PVA-OPT-25
2024-06-15 08:29:30,20.44,150.1,109.62,120.54,100.02,48.8,501.0,14.63,25.165,92.46,1.349,95.5,PVA-2024-0615-A,PVA-OPT-25
2024-06-15 08:29:40,19.92,151.2,109.79,118.92,100.0,50.5,494.0,14.38,25.375,92.15,0.939,99.7,PVA-2024-0615-A,PVA-OPT-25
2024-06-15 08:29:50,20.82,149.2,110.57,119.4,99.74,51.2,498.0,14.97,25.078,92.08,1.159,97.2,PVA-2024-0615-A,PVA-OPT-25
2024-06-15 08:30:00,20.19,150.4,110.06,119.52,100.28,49.3,501.6,14.95,24.998,92.16,1.408,96.9,PVA-2024-0615-A,PVA-OPT-25
2024-06-15 08:30:10,19.74,149.6,109.28,119.32,100.17,51.0,498.3,14.9,25.095,92.0,1.212,101.9,PVA-2024-0615-A,PVA-OPT-25
2024-06-15 08:30:20,19.68,150.0,110.46,119.21,100.2,48.9,499.5,14.69,24.929,91.93,1.291,101.2,PVA-2024-0615-A,PVA-OPT-25
2024-06-15 08:30:30,20.14,151.3,109.67,120.21,99.79,49.3,497.4,14.65,25.362,92.14,1.172,100.7,PVA-2024-0615-A,PVA-OPT-25
2024-06-15 08:30:40,19.93,150.2,110.94,119.89,99.14,49.8,492.4,15.14,25.025,92.34,1.11,101.7,PVA-2024-0615-A,PVA-OPT-25
2024-06-15 08:30:50,20.21,150.0,110.54,120.19,100.44,51.5,501.6,14.83,24.963,91.98,0.957,98.9,PVA-2024-0615-A,PVA-OPT-25
2024-06-15 08:31:00,20.14,148.6,109.78,120.35,99.81,49.4,508.8,15.09,24.882,92.1,1.255,99.3,PVA-2024-0615-A,PVA-OPT-25
2024-06-15 08:31:10,19.98,150.7,110.64,120.13,99.65,47.7,500.1,14.73,25.167,91.28,1.19,104.8,PVA-2024-0615-A,PVA-OPT-25
2024-06-15 08:31:20,19.75,150.6,110.03,120.33,100.28,47.7,501.1,15.05,25.137,91.85,1.088,99.3,PVA-2024-0615-A,PVA-OPT-25
2024-06-15 08:31:30,19.55,152.2,110.43,119.97,99.84,50.1,503.5,15.39,24.925,91.96,1.193,101.7,PVA-2024-0615-A,PVA-OPT-25
2024-06-15 08:31:40,19.87,149.7,110.24,119.41,100.42,51.1,493.7,15.18,25.075,92.46,1.288,99.5,PVA-2024-0615-A,PVA-OPT-25
2024-06-15 08:31:50,20.26,150.2,109.58,120.53,100.25,50.0,508.5,14.88,24.784,92.13,1.393,96.0,PVA-2024-0615-A,PVA-OPT-25
2024-06-15 08:32:00,20.06,150.2,109.68,119.71,100.27,50.4,501.0,15.08,25.022,92.48,1.183,95.7,PVA-2024-0615-A,PVA-OPT-25
2024-06-15 08:32:10,19.63,151.6,110.51,119.53,99.45,51.5,508.2,14.93,25.059,92.12,1.099,98.5,PVA-2024-0615-A,PVA-OPT-25
2024-06-15 08:32:20,20.05,149.9,109.83,119.91,100.48,49.5,496.3,15.0,25.254,92.3,1.019,101.7,PVA-2024-0615-A,PVA-OPT-25
2024-06-15 08:32:30,20.12,150.3,109.8,119.54,100.1,51.3,509.1,14.9,24.875,92.33,1.263,101.7,PVA-2024-0615-A,PVA-OPT-25
2024-06-15 08:32:40,19.73,150.6,109.52,119.79,99.85,48.5,503.9,14.95,24.804,92.51,1.37,101.8,PVA-2024-0615-A,PVA-OPT-25
2024-06-15 08:32:50,20.05,150.2,110.21,120.17,100.06,49.0,502.8,15.06,24.869,92.39,1.19,98.1,PVA-2024-0615-A,PVA-OPT-25
2024-06-15 08:33:00,20.02,149.6,111.03,120.17,99.29,48.1,501.2,14.7,24.803,91.76,0.99,103.4,PVA-2024-0615-A,PVA-OPT-25
2024-06-15 08:33:10,19.66,150.2,109.47,119.55,100.16,50.1,498.8,14.7,25.192,92.31,1.278,98.1,PVA-2024-0615-A,PVA-OPT-25
2024-06-15 08:33:20,20.11,151.1,110.01,119.76,99.59,50.1,506.0,14.58,25.227,91.57,1.325,100.6,PVA-2024-0615-A,PVA-OPT-25
2024-06-15 08:33:30,20.17,149.0,110.71,120.54,99.46,49.7,500.7,14.52,25.059,91.74,1.039,100.0,PVA-2024-0615-A,PVA-OPT-25
2024-06-15 08:33:40,20.32,150.1,109.96,120.25,99.39,49.9,490.2,14.63,25.188,91.56,1.17,99.4,PVA-2024-0615-A,PVA-OPT-25
2024-06-15 08:33:50,20.32,149.3,110.23,121.04,100.45,48.2,494.4,15.05,25.041,92.26,1.287,102.9,PVA-2024-0615-A,PVA-OPT-25
2024-06-15 08:34:00,19.59,151.2,109.47,120.59,99.75,49.3,499.1,14.73,24.998,91.87,1.169,98.4,PVA-2024-0615-A,PVA-OPT-25
2024-06-15 08:34:10,19.72,148.5,110.21,120.57,100.61,48.0,501.5,15.15,24.961,92.17,1.083,97.1,PVA-2024-0615-A,PVA-OPT-25
2024-06-15 08:34:20,20.15,149.4,109.91,119.31,99.79,51.9,499.7,15.01,24.94,91.77,1.294,100.0,PVA-2024-0615-A,PVA-OPT-25
2024-06-15 08:34:30,20.15,150.4,110.49,120.38,99.32,49.4,506.1,14.41,24.775,92.41,1.123,99.0,PVA-2024-0615-A,PVA-OPT-25
2024-06-15 08:34:40,20.15,151.6,110.59,119.97,99.55,49.5,490.2,15.2,25.039,91.98,1.035,106.7,PVA-2024-0615-A,PVA-OPT-25
2024-06-15 08:34:50,21.16,149.9,111.29,119.72,100.49,51.8,500.7,15.24,24.988,91.53,1.009,101.4,PVA-2024-0615-A,PVA-OPT-25
2024-06-15 08:35:00,20.17,149.4,110.29,120.08,99.94,48.7,490.9,14.7,25.113,92.05,1.34,99.3,PVA-2024-0615-A,PVA-OPT-25
2024-06-15 08:35:10,20.34,151.9,110.16,120.47,99.78,48.5,503.8,15.13,25.023,91.77,1.226,97.7,PVA-2024-0615-A,PVA-OPT-25
2024-06-15 08:35:20,20.29,148.6,110.1,120.25,100.06,48.7,499.5,14.74,24.981,91.86,1.189,96.1,PVA-2024-0615-A,PVA-OPT-25
2024-06-15 08:35:30,20.2,147.8,109.82,119.56,100.2,50.3,502.1,15.03,24.861,91.13,1.199,98.2,PVA-2024-0615-A,PVA-OPT-25
2024-06-15 08:35:40,19.91,150.4,110.17,120.37,100.45,50.1,495.7,14.62,25.018,91.46,1.167,100.4,PVA-2024-0615-A,PVA-OPT-25
2024-06-15 08:35:50,20.23,149.5,109.85,119.68,100.58,51.0,506.4,14.46,25.104,91.59,1.175,103.4,PVA-2024-0615-A,PVA-OPT-25
2024-06-15 08:36:00,19.77,149.0,110.08,120.11,99.86,52.5,505.2,14.89,24.831,91.15,1.204,102.5,PVA-2024-0615-A,PVA-OPT-25
2024-06-15 08:36:10,19.93,150.7,110.66,119.85,99.47,47.9,502.9,14.96,25.01,91.3,1.034,100.7,PVA-2024-0615-A,PVA-OPT-25
2024-06-15 08:36:20,19.85,150.2,109.5,119.89,99.83,50.7,499.4,14.88,25.033,92.31,1.071,99.0,PVA-2024-0615-A,PVA-OPT-25
2024-06-15 08:36:30,20.02,149.4,110.57,120.38,100.1,49.1,502.9,14.64,24.9,91.67,1.199,100.7,PVA-2024-0615-A,PVA-OPT-25
2024-06-15 08:36:40,20.69,148.7,110.66,119.48,99.61,49.8,496.5,14.88,24.901,92.61,1.259,98.9,PVA-2024-0615-A,PVA-OPT-25
2024-06-15 08:36:50,19.44,150.9,109.94,120.97,99.62,48.6,504.3,15.08,25.054,92.67,1.174,103.3,PVA-2024-0615-A,PVA-OPT-25
2024-06-15 08:37:00,20.21,150.7,108.94,119.09,100.14,49.8,508.2,14.99,24.812,91.7,1.286,99.7,PVA-2024-0615-A,PVA-OPT-25
2024-06-15 08:37:10,19.52,149.9,109.7,119.7,99.98,51.9,505.4,15.05,25.047,91.95,1.373,100.1,PVA-2024-0615-A,PVA-OPT-25
2024-06-15 08:37:20,19.86,151.8,110.65,120.19,100.01,50.7,496.4,14.8,24.869,92.11,1.326,95.7,PVA-2024-0615-A,PVA-OPT-25
2024-06-15 08:37:30,20.33,148.9,109.99,120.29,99.7,49.8,501.8,15.35,25.165,92.02,1.212,99.4,PVA-2024-0615-A,PVA-OPT-25
2024-06-15 08:37:40,20.02,148.5,109.5,119.95,99.91,51.4,493.5,14.65,25.35,91.38,1.231,,PVA-2024-0615-A,PVA-OPT-25
2024-06-15 08:37:50,19.68,149.3,109.75,119.97,99.63,48.5,502.9,15.15,24.87,92.14,1.076,97.7,PVA-2024-0615-A,PVA-OPT-25
2024-06-15 08:38:00,19.79,150.0,110.42,120.21,100.36,48.5,502.3,15.35,25.084,91.9,1.283,98.6,PVA-2024-0615-A,PVA-OPT-25
2024-06-15 08:38:10,20.2,150.2,110.27,119.88,100.41,47.9,490.7,15.14,24.889,91.94,1.356,101.5,PVA-2024-0615-A,PVA-OPT-25
2024-06-15 08:38:20,19.78,149.8,109.88,120.7,99.26,48.7,494.2,14.94,25.17,92.18,1.225,97.0,PVA-2024-0615-A,PVA-OPT-25
2024-06-15 08:38:30,20.06,150.4,109.82,120.42,99.63,49.8,498.6,14.84,24.819,91.6,1.422,102.3,PVA-2024-0615-A,PVA-OPT-25
2024-06-15 08:38:40,20.01,148.7,109.8,120.44,99.4,49.8,498.5,15.31,25.081,91.89,1.006,98.7,PVA-2024-0615-A,PVA-OPT-25
2024-06-15 08:38:50,19.8,151.4,109.54,119.52,99.74,50.5,494.0,14.57,24.859,91.6,1.162,99.7,PVA-2024-0615-A,PVA-OPT-25
2024-06-15 08:39:00,20.64,149.9,110.81,119.96,99.97,48.6,501.9,14.71,24.968,92.53,1.213,97.3,PVA-2024-0615-A,PVA-OPT-25
2024-06-15 08:39:10,20.19,151.1,109.84,119.85,99.42,50.9,501.3,14.88,24.842,91.78,1.203,100.6,PVA-2024-0615-A,PVA-OPT-25
2024-06-15 08:39:20,19.39,150.3,110.61,119.5,99.63,50.6,499.0,15.37,25.113,92.2,1.346,105.0,PVA-2024-0615-A,PVA-OPT-25
2024-06-15 08:39:30,20.06,150.5,110.76,120.18,99.6,50.6,496.2,15.11,24.878,91.34,1.222,101.7,PVA-2024-0615-A,PVA-OPT-25
2024-06-15 08:39:40,19.8,150.6,110.5,119.73,100.08,48.3,505.2,14.71,25.077,91.85,1.109,98.2,PVA-2024-0615-A,PVA-OPT-25
2024-06-15 08:39:50,20.26,150.4,109.78,120.33,100.03,50.0,508.3,14.91,24.955,91.94,1.176,102.3,PVA-2024-0615-A,PVA-OPT-25
2024-06-15 08:40:00,19.76,150.6,110.2,119.46,99.71,49.2,497.6,14.82,24.972,91.72,1.063,99.5,PVA-2024-0615-A,PVA-OPT-25
2024-06-15 08:40:10,19.97,151.3,109.99,120.98,100.07,48.8,496.9,14.79,25.042,91.88,1.078,102.7,PVA-2024-0615-A,PVA-OPT-25
2024-06-15 08:40:20,20.15,150.2,109.55,119.8,99.78,50.7,502.5,15.29,24.882,92.25,1.353,102.0,PVA-2024-0615-A,PVA-OPT-25
2024-06-15 08:40:30,20.26,150.7,110.16,120.48,99.89,49.7,498.2,14.59,25.041,91.56,1.321,94.3,PVA-2024-0615-A,PVA-OPT-25
2024-06-15 08:40:40,19.64,149.9,109.41,120.9,100.67,48.4,499.3,15.48,25.247,92.54,1.271,98.2,PVA-2024-0615-A,PVA-OPT-25
2024-06-15 08:40:50,19.9,151.4,110.59,120.34,100.54,49.7,503.7,15.25,24.89,92.35,0.989,101.6,PVA-2024-0615-A,PVA-OPT-25
2024-06-15 08:41:00,19.86,149.3,109.77,121.18,99.48,47.5,490.5,15.33,25.199,92.05,1.161,100.3,PVA-2024-0615-A,PVA-OPT-25
2024-06-15 08:41:10,19.8,151.8,110.1,120.26,100.33,50.9,506.6,14.86,25.23,92.21,1.065,97.9,PVA-2024-0615-A,PVA-OPT-25
2024-06-15 08:41:20,20.53,150.0,110.14,121.73,100.32,48.4,500.4,14.96,24.912,92.99,1.277,98.5,PVA-2024-0615-A,PVA-OPT-25
2024-06-15 08:41:30,20.12,148.6,109.87,121.13,99.54,50.2,497.9,14.57,24.804,91.62,1.156,96.3,PVA-2024-0615-A,PVA-OPT-25
2024-06-15 08:41:40,19.62,150.1,110.29,120.95,100.33,48.7,499.6,14.84,25.064,91.78,1.07,99.7,PVA-2024-0615-A,PVA-OPT-25
2024-06-15 08:41:50,20.28,149.3,109.76,121.23,100.62,48.5,499.8,15.15,24.942,91.63,1.229,104.6,PVA-2024-0615-A,PVA-OPT-25
2024-06-15 08:42:00,20.64,150.8,110.44,121.9,99.55,47.7,491.3,15.39,25.318,92.25,1.093,101.3,PVA-2024-0615-A,PVA-OPT-25
2024-06-15 08:42:10,20.31,149.3,109.33,121.33,99.63,49.8,507.5,14.67,25.032,91.04,1.427,104.9,PVA-2024-0615-A,PVA-OPT-25
2024-06-15 08:42:20,19.54,149.6,110.06,121.38,100.41,48.2,500.2,14.89,24.907,92.1,1.111,101.7,PVA-2024-0615-A,PVA-OPT-25
2024-06-15 08:42:30,19.85,148.1,110.97,121.76,100.11,49.2,502.2,14.95,24.863,92.29,1.099,102.3,PVA-2024-0615-A,PVA-OPT-25
2024-06-15 08:42:40,20.38,149.5,109.5,121.41,100.22,48.5,504.8,14.58,25.192,91.64,1.056,104.4,PVA-2024-0615-A,PVA-OPT-25
2024-06-15 08:42:50,19.79,147.6,109.66,123.04,100.14,45.6,494.9,15.18,24.975,91.76,1.224,100.9,PVA-2024-0615-A,PVA-OPT-25
2024-06-15 08:43:00,20.13,148.4,110.26,121.97,100.16,47.9,502.4,14.78,25.046,91.29,1.238,100.2,PVA-2024-0615-A,PVA-OPT-25
2024-06-15 08:43:10,20.23,150.8,110.09,122.79,99.47,46.6,498.7,14.94,25.199,92.15,1.078,102.2,PVA-2024-0615-A,PVA-OPT-25
2024-06-15 08:43:20,19.72,150.8,110.18,122.6,100.42,48.0,504.2,14.86,24.979,90.98,1.457,103.8,PVA-2024-0615-A,PVA-OPT-25
2024-06-15 08:43:30,19.98,150.4,110.24,122.13,100.47,47.1,489.4,14.76,25.036,92.04,1.357,99.6,PVA-2024-0615-A,PVA-OPT-25
2024-06-15 08:43:40,19.03,149.0,110.32,122.75,99.91,48.7,499.5,15.0,25.052,92.15,1.273,99.0,PVA-2024-0615-A,PVA-OPT-25
2024-06-15 08:43:50,19.69,150.0,110.55,123.27,99.98,47.3,497.0,14.94,25.168,91.53,1.434,100.9,PVA-2024-0615-A,PVA-OPT-25
2024-06-15 08:44:00,19.92,150.0,110.2,122.91,99.39,47.5,502.2,14.89,25.147,91.14,1.419,102.6,PVA-2024-0615-A,PVA-OPT-25
2024-06-15 08:44:10,19.63,148.8,109.88,123.72,100.21,47.7,502.4,14.78,25.041,91.71,1.224,102.3,PVA-2024-0615-A,PVA-OPT-25
2024-06-15 08:44:20,20.49,151.5,110.34,123.76,100.23,48.0,496.5,15.1,25.085,91.71,1.206,97.8,PVA-2024-0615-A,PVA-OPT-25
2024-06-15 08:44:30,19.57,150.9,110.95,123.83,99.98,46.9,496.4,15.5,25.021,90.96,1.423,104.7,PVA-2024-0615-A,PVA-OPT-25
2024-06-15 08:44:40,19.87,149.8,109.93,123.27,100.45,46.6,499.4,15.04,24.844,91.21,1.353,99.4,PVA-2024-0615-A,PVA-OPT-25
2024-06-15 08:44:50,20.04,150.0,109.51,123.09,99.87,45.8,495.5,15.3,25.1,90.24,1.46,101.0,PVA-2024-0615-A,PVA-OPT-25
2024-06-15 08:45:00,20.43,150.2,110.55,123.44,100.23,46.6,504.2,14.58,25.353,91.24,1.273,99.2,PVA-2024-0615-A,PVA-OPT-25
2024-06-15 08:45:10,19.57,148.0,109.94,123.97,99.59,46.2,498.2,15.05,24.947,90.94,1.484,106.8,PVA-2024-0615-A,PVA-OPT-25
2024-06-15 08:45:20,20.35,149.8,108.91,124.27,99.99,46.7,485.5,14.67,24.97,90.42,1.333,101.8,PVA-2024-0615-A,PVA-OPT-25
2024-06-15 08:45:30,20.0,149.3,110.42,123.04,99.93,47.2,498.1,14.56,24.93,90.9,1.36,99.4,PVA-2024-0615-A,PVA-OPT-25
2024-06-15 08:45:40,19.71,149.0,109.73,124.25,100.09,47.3,494.8,14.78,25.194,90.36,1.564,103.1,PVA-2024-0615-A,PVA-OPT-25
2024-06-15 08:45:50,20.14,149.7,109.95,124.45,99.85,45.8,491.8,15.36,25.156,90.26,1.395,103.2,PVA-2024-0615-A,PVA-OPT-25
2024-06-15 08:46:00,20.06,151.8,110.17,124.36,99.95,46.5,493.8,15.29,25.063,90.86,1.275,101.1,PVA-2024-0615-A,PVA-OPT-25
2024-06-15 08:46:10,19.82,150.6,110.1,125.27,100.33,47.0,500.5,15.07,24.968,90.11,1.392,103.5,PVA-2024-0615-A,PVA-OPT-25
2024-06-15 08:46:20,20.02,149.4,110.35,124.96,99.83,46.4,506.6,14.54,25.113,90.22,1.6,100.2,PVA-2024-0615-A,PVA-OPT-25
2024-06-15 08:46:30,19.88,150.6,109.78,125.53,99.36,45.5,501.6,14.94,24.876,89.79,1.532,100.9,PVA-2024-0615-A,PVA-OPT-25
2024-06-15 08:46:40,20.03,151.4,110.26,124.89,100.7,45.5,497.0,15.09,25.119,90.58,1.449,97.6,PVA-2024-0615-A,PVA-OPT-25
2024-06-15 08:46:50,20.2,150.9,109.87,125.59,100.55,44.9,502.3,15.05,25.243,90.6,1.396,98.9,PVA-2024-0615-A,PVA-OPT-25
2024-06-15 08:47:00,20.48,150.1,110.37,126.07,99.48,44.3,497.7,14.45,24.934,90.23,1.524,105.3,PVA-2024-0615-A,PVA-OPT-25
2024-06-15 08:47:10,19.63,149.4,110.31,126.03,100.28,44.6,496.5,14.73,24.891,90.16,1.433,105.3,PVA-2024-0615-A,PVA-OPT-25
2024-06-15 08:47:20,20.64,150.7,109.53,124.95,99.8,46.8,494.2,14.98,25.336,90.13,1.572,102.3,PVA-2024-0615-A,PVA-OPT-25
2024-06-15 08:47:30,19.41,150.4,110.54,125.5,100.11,45.4,491.2,15.16,25.018,90.39,1.37,104.8,PVA-2024-0615-A,PVA-OPT-25
2024-06-15 08:47:40,19.95,150.9,109.73,125.58,100.12,44.2,498.1,14.34,25.282,89.65,1.45,101.8,PVA-2024-0615-A,PVA-OPT-25
2024-06-15 08:47:50,20.18,150.6,110.4,126.12,99.91,46.9,500.8,14.95,25.099,90.54,1.493,101.7,PVA-2024-0615-A,PVA-OPT-25
2024-06-15 08:48:00,20.08,151.0,110.18,126.34,99.69,45.2,499.5,15.04,25.103,89.85,1.511,102.3,PVA-2024-0615-A,PVA-OPT-25
2024-06-15 08:48:10,19.81,149.5,110.92,125.71,99.72,44.0,497.9,15.25,25.18,89.6,1.617,102.4,PVA-2024-0615-A,PVA-OPT-25
2024-06-15 08:48:20,19.94,151.3,109.89,126.28,99.63,44.5,495.3,15.21,24.993,90.07,1.62,102.1,PVA-2024-0615-A,PVA-OPT-25
2024-06-15 08:48:30,19.85,150.2,109.83,125.37,99.67,45.8,503.0,15.17,25.127,90.57,1.274,105.1,PVA-2024-0615-A,PVA-OPT-25
2024-06-15 08:48:40,19.82,152.1,109.99,127.22,99.97,45.9,493.4,14.76,25.087,89.43,1.511,102.7,PVA-2024-0615-A,PVA-OPT-25
2024-06-15 08:48:50,20.25,149.3,109.85,126.37,99.71,43.8,503.9,14.43,24.929,89.62,1.608,104.2,PVA-2024-0615-A,PVA-OPT-25
2024-06-15 08:49:00,20.11,151.7,110.4,126.78,100.27,45.6,495.0,14.88,25.186,89.06,1.836,105.1,PVA-2024-0615-A,PVA-OPT-25
2024-06-15 08:49:10,19.79,150.2,109.19,126.72,100.59,46.0,496.2,15.3,25.095,89.12,1.574,103.8,PVA-2024-0615-A,PVA-OPT-25
2024-06-15 08:49:20,20.27,149.3,109.47,127.57,99.77,43.3,492.7,15.42,25.128,89.55,1.613,100.5,PVA-2024-0615-A,PVA-OPT-25
2024-06-15 08:49:30,20.09,149.5,109.47,125.71,100.1,45.2,497.5,15.21,24.933,89.19,1.789,100.0,PVA-2024-0615-A,PVA-OPT-25
2024-06-15 08:49:40,20.24,149.7,110.48,127.24,100.2,43.2,504.9,15.13,25.384,89.48,1.515,103.1,PVA-2024-0615-A,PVA-OPT-25
2024-06-15 08:49:50,20.19,150.4,110.86,127.32,100.19,43.9,502.6,15.11,25.278,88.8,1.729,102.7,PVA-2024-0615-A,PVA-OPT-25
2024-06-15 08:50:00,19.75,150.5,109.95,127.27,100.03,44.1,504.9,14.83,25.29,89.43,1.627,103.3,PVA-2024-0615-A,PVA-OPT-25
2024-06-15 08:50:10,19.83,149.4,109.92,128.49,100.3,43.9,502.6,14.96,25.124,89.45,1.606,102.8,PVA-2024-0615-A,PVA-OPT-25
2024-06-15 08:50:20,20.22,150.0,110.04,127.31,100.19,45.2,494.5,15.5,24.887,89.3,1.622,108.3,PVA-2024-0615-A,PVA-OPT-25
2024-06-15 08:50:30,20.18,152.1,110.58,128.26,99.5,42.6,498.3,14.72,25.458,89.45,1.556,100.0,PVA-2024-0615-A,PVA-OPT-25
2024-06-15 08:50:40,19.99,151.7,109.54,128.18,100.35,41.5,496.1,15.48,25.154,88.64,2.05,99.6,PVA-2024-0615-A,PVA-OPT-25
2024-06-15 08:50:50,20.04,150.4,110.12,128.76,100.35,43.0,506.7,14.9,25.063,89.22,1.794,103.8,PVA-2024-0615-A,PVA-OPT-25
2024-06-15 08:51:00,20.38,150.0,110.49,127.92,99.69,44.0,494.0,15.4,25.221,88.6,1.852,102.6,PVA-2024-0615-A,PVA-OPT-25
2024-06-15 08:51:10,19.82,150.1,110.25,128.01,100.02,43.8,504.5,14.58,25.335,88.87,1.787,104.0,PVA-2024-0615-A,PVA-OPT-25
2024-06-15 08:51:20,20.16,150.6,110.09,129.05,100.27,42.4,504.5,15.18,25.178,88.33,1.645,105.0,PVA-2024-0615-A,PVA-OPT-25
2024-06-15 08:51:30,19.94,149.0,110.5,128.84,99.92,43.1,509.1,14.78,25.369,89.17,1.696,105.4,PVA-2024-0615-A,PVA-OPT-25
2024-06-15 08:51:40,19.93,149.7,108.65,127.98,100.43,45.1,498.0,14.58,25.322,88.11,1.887,100.6,PVA-2024-0615-A,PVA-OPT-25
2024-06-15 08:51:50,20.33,148.3,110.34,128.61,100.95,43.5,503.6,15.07,25.011,89.11,1.7,102.5,PVA-2024-0615-A,PVA-OPT-25
2024-06-15 08:52:00,20.25,150.4,109.67,129.19,99.69,42.3,511.4,15.3,25.083,88.52,1.878,104.5,PVA-2024-0615-A,PVA-OPT-25
2024-06-15 08:52:10,20.24,150.6,109.08,129.54,99.45,41.9,496.9,14.75,25.335,88.53,1.949,105.8,PVA-2024-0615-A,PVA-OPT-25
2024-06-15 08:52:20,20.39,149.5,110.26,128.91,100.12,42.7,492.3,14.55,24.771,89.03,1.97,108.0,PVA-2024-0615-A,PVA-OPT-25
2024-06-15 08:52:30,20.01,151.6,110.69,127.92,100.29,45.3,490.6,14.97,25.136,87.9,1.819,106.0,PVA-2024-0615-A,PVA-OPT-25
2024-06-15 08:52:40,20.2,148.8,109.93,129.76,99.91,42.0,503.6,14.97,24.981,87.99,1.744,104.0,PVA-2024-0615-A,PVA-OPT-25
2024-06-15 08:52:50,19.91,148.5,110.48,129.01,100.58,42.8,490.6,15.16,25.109,88.83,1.864,102.6,PVA-2024-0615-A,PVA-OPT-25
2024-06-15 08:53:00,20.1,150.2,110.81,128.74,99.46,42.5,498.1,15.28,25.13,88.96,1.977,102.8,PVA-2024-0615-A,PVA-OPT-25
2024-06-15 08:53:10,19.96,151.0,110.66,128.46,100.28,44.3,502.2,14.98,25.115,88.39,1.658,102.8,PVA-2024-0615-A,PVA-OPT-25
2024-06-15 08:53:20,20.03,151.7,110.82,130.41,99.76,43.6,500.9,15.56,25.125,88.01,1.717,105.8,PVA-2024-0615-A,PVA-OPT-25
2024-06-15 08:53:30,20.18,149.5,110.37,130.19,100.69,42.3,502.1,15.07,25.039,87.83,1.916,104.9,PVA-2024-0615-A,PVA-OPT-25
2024-06-15 08:53:40,19.75,151.1,110.04,130.14,100.8,42.0,501.1,14.9,25.547,88.54,1.794,101.3,PVA-2024-0615-A,PVA-OPT-25
2024-06-15 08:53:50,20.63,150.0,109.2,131.07,99.69,41.2,506.4,14.52,25.502,87.91,1.889,103.4,PVA-2024-0615-A,PVA-OPT-25
2024-06-15 08:54:00,19.7,149.8,109.88,130.82,99.78,39.0,495.2,14.92,25.042,87.25,2.03,106.4,PVA-2024-0615-A,PVA-OPT-25
2024-06-15 08:54:10,19.64,150.9,109.58,131.43,100.34,41.6,496.6,14.9,25.466,87.31,1.908,105.5,PVA-2024-0615-A,PVA-OPT-25
2024-06-15 08:54:20,20.35,150.7,111.09,130.05,99.85,42.1,496.1,15.29,25.141,88.0,1.726,105.6,PVA-2024-0615-A,PVA-OPT-25
2024-06-15 08:54:30,20.24,148.4,109.91,130.86,99.98,41.7,504.2,15.14,25.237,88.1,2.038,104.7,PVA-2024-0615-A,PVA-OPT-25
2024-06-15 08:54:40,20.19,151.5,110.06,130.19,100.01,41.1,504.5,14.65,25.194,87.59,1.881,108.1,PVA-2024-0615-A,PVA-OPT-25
2024-06-15 08:54:50,20.19,151.4,110.28,131.01,99.23,40.8,502.3,15.05,25.121,87.62,1.815,105.0,PVA-2024-0615-A,PVA-OPT-25
2024-06-15 08:55:00,20.0,149.4,110.02,131.13,99.99,40.7,505.9,15.2,25.37,87.83,2.01,103.6,PVA-2024-0615-A,PVA-OPT-25
2024-06-15 08:55:10,19.73,150.4,110.85,131.69,99.72,41.7,494.1,15.46,25.253,88.45,1.838,102.4,PVA-2024-0615-A,PVA-OPT-25
2024-06-15 08:55:20,20.02,150.5,109.69,131.52,99.8,40.4,508.3,15.27,25.159,87.39,2.026,105.7,PVA-2024-0615-A,PVA-OPT-25
2024-06-15 08:55:30,19.8,150.3,110.1,131.94,100.58,42.5,507.6,15.23,25.043,87.41,2.063,100.2,PVA-2024-0615-A,PVA-OPT-25
2024-06-15 08:55:40,20.29,149.4,109.63,132.1,99.5,40.7,503.7,15.02,25.108,87.7,2.119,104.7,PVA-2024-0615-A,PVA-OPT-25
2024-06-15 08:55:50,19.96,149.3,109.34,132.95,100.33,38.4,508.9,15.12,25.013,87.16,2.052,105.1,PVA-2024-0615-A,PVA-OPT-25
2024-06-15 08:56:00,19.75,150.0,109.69,131.84,99.89,40.4,491.7,15.37,25.239,87.57,2.217,102.7,PVA-2024-0615-A,PVA-OPT-25
2024-06-15 08:56:10,19.9,151.2,109.98,131.65,99.89,40.0,497.4,14.6,25.054,86.72,1.901,103.9,PVA-2024-0615-A,PVA-OPT-25
2024-06-15 08:56:20,20.12,150.5,109.79,132.37,100.32,37.9,496.3,14.9,25.208,87.35,2.08,106.6,PVA-2024-0615-A,PVA-OPT-25
2024-06-15 08:56:30,19.83,149.6,109.65,131.97,100.14,42.0,503.6,14.77,25.445,86.72,1.985,105.9,PVA-2024-0615-A,PVA-OPT-25
2024-06-15 08:56:40,19.75,150.8,109.3,133.24,100.23,40.1,494.7,15.11,25.445,87.29,2.153,105.3,PVA-2024-0615-A,PVA-OPT-25
2024-06-15 08:56:50,20.07,147.2,109.96,132.48,100.39,40.5,503.8,15.37,25.245,87.33,2.095,106.1,PVA-2024-0615-A,PVA-OPT-25
2024-06-15 08:57:00,20.07,151.1,109.25,132.47,99.87,40.2,506.9,14.82,25.236,87.38,2.023,105.7,PVA-2024-0615-A,PVA-OPT-25
2024-06-15 08:57:10,19.85,148.3,110.38,132.64,99.76,38.5,503.5,14.28,25.535,87.03,2.201,108.3,PVA-2024-0615-A,PVA-OPT-25
2024-06-15 08:57:20,19.86,149.6,110.04,133.36,99.57,38.8,501.4,14.88,25.345,86.28,2.211,106.0,PVA-2024-0615-A,PVA-OPT-25
2024-06-15 08:57:30,20.07,148.9,109.27,133.05,99.67,40.4,495.1,15.27,25.212,86.95,2.219,103.1,PVA-2024-0615-A,PVA-OPT-25
2024-06-15 08:57:40,19.57,148.7,109.85,132.93,101.18,38.6,495.8,15.16,25.045,86.0,2.065,109.3,PVA-2024-0615-A,PVA-OPT-25
2024-06-15 08:57:50,19.58,151.2,109.62,134.21,100.5,36.1,506.2,15.13,25.343,86.44,2.188,107.2,PVA-2024-0615-A,PVA-OPT-25
2024-06-15 08:58:00,19.78,149.5,110.16,133.07,99.46,39.3,503.9,14.92,25.386,86.56,2.147,104.7,PVA-2024-0615-A,PVA-OPT-25
2024-06-15 08:58:10,19.94,150.3,110.67,133.64,99.47,38.9,499.8,14.62,25.178,86.97,2.128,103.3,PVA-2024-0615-A,PVA-OPT-25
2024-06-15 08:58:20,20.09,150.0,109.06,134.08,100.19,38.9,497.9,15.15,25.325,86.03,2.265,107.0,PVA-2024-0615-A,PVA-OPT-25
2024-06-15 08:58:30,20.44,150.5,110.06,133.06,100.22,40.3,489.9,14.75,25.207,86.96,1.956,105.8,PVA-2024-0615-A,PVA-OPT-25
2024-06-15 08:58:40,20.26,150.1,109.92,134.24,100.22,39.2,494.6,15.66,25.257,85.6,2.293,109.8,PVA-2024-0615-A,PVA-OPT-25
2024-06-15 08:58:50,19.95,148.7,110.34,133.6,99.9,39.4,509.6,15.17,24.899,86.18,2.17,105.5,PVA-2024-0615-A,PVA-OPT-25
2024-06-15 08:59:00,19.99,151.0,110.11,134.66,99.95,39.5,493.6,14.83,25.26,86.09,2.114,104.6,PVA-2024-0615-A,PVA-OPT-25
2024-06-15 08:59:10,19.7,149.5,109.62,133.89,100.13,37.4,500.9,14.82,25.423,85.79,2.137,108.1,PVA-2024-0615-A,PVA-OPT-25
2024-06-15 08:59:20,19.99,148.4,109.84,134.85,100.03,38.6,505.0,14.97,25.202,86.02,2.247,108.5,PVA-2024-0615-A,PVA-OPT-25
2024-06-15 08:59:30,19.91,149.6,109.6,135.18,99.11,38.5,493.7,14.93,25.311,86.67,1.884,106.9,PVA-2024-0615-A,PVA-OPT-25
2024-06-15 08:59:40,20.1,151.5,110.54,135.18,99.91,36.6,500.9,15.34,25.19,86.98,2.164,107.8,PVA-2024-0615-A,PVA-OPT-25
2024-06-15 08:59:50,19.75,150.9,110.01,135.0,99.66,36.5,504.7,15.06,25.354,85.64,2.249,107.0,PVA-2024-0615-A,PVA-OPT-25
2024-06-15 09:00:00,20.16,149.7,110.95,135.28,100.07,37.0,500.1,14.78,25.273,86.45,2.299,107.0,PVA-2024-0615-A,PVA-OPT-25
2024-06-15 09:00:10,20.46,149.7,109.97,133.36,101.19,38.7,514.3,15.57,25.126,85.93,2.211,109.2,PVA-2024-0615-A,PVA-OPT-25
2024-06-15 09:00:20,19.97,149.7,109.65,135.6,100.15,38.3,491.7,15.01,25.512,85.82,2.305,108.3,PVA-2024-0615-A,PVA-OPT-25
2024-06-15 09:00:30,20.12,152.1,109.24,134.0,99.87,38.2,505.3,15.23,25.419,86.02,2.399,106.2,PVA-2024-0615-A,PVA-OPT-25
2024-06-15 09:00:40,20.21,150.4,109.1,135.14,100.37,37.0,499.1,14.82,25.212,85.65,2.439,109.8,PVA-2024-0615-A,PVA-OPT-25
2024-06-15 09:00:50,19.88,150.4,109.21,136.19,100.19,36.4,503.9,15.11,25.398,86.04,2.378,102.1,PVA-2024-0615-A,PVA-OPT-25
2024-06-15 09:01:00,20.07,151.0,110.13,132.94,100.17,40.8,502.2,15.09,25.339,85.23,2.323,111.4,PVA-2024-0615-A,PVA-OPT-25
2024-06-15 09:01:10,20.0,150.2,110.25,134.51,100.24,38.4,496.3,14.43,25.386,85.72,2.366,103.5,PVA-2024-0615-A,PVA-OPT-25
2024-06-15 09:01:20,20.03,149.7,109.21,135.18,100.82,37.7,501.1,15.6,25.049,85.3,2.364,106.2,PVA-2024-0615-A,PVA-OPT-25
2024-06-15 09:01:30,19.77,149.8,110.45,134.61,99.55,38.2,490.7,15.39,25.443,85.42,2.395,107.5,PVA-2024-0615-A,PVA-OPT-25
2024-06-15 09:01:40,20.01,149.9,109.76,135.54,100.19,38.9,503.0,14.88,25.225,84.85,2.455,107.3,PVA-2024-0615-A,PVA-OPT-25
2024-06-15 09:01:50,20.15,150.0,110.07,135.4,99.63,36.9,501.5,14.67,25.254,85.23,2.34,109.5,PVA-2024-0615-A,PVA-OPT-25
2024-06-15 09:02:00,20.44,150.7,110.81,135.75,100.22,38.7,503.2,15.1,25.711,85.7,2.572,105.5,PVA-2024-0615-A,PVA-OPT-25
2024-06-15 09:02:10,20.29,150.1,110.45,135.05,99.63,38.2,505.3,15.03,25.346,86.34,2.253,107.2,PVA-2024-0615-A,PVA-OPT-25
2024-06-15 09:02:20,20.65,150.7,109.87,133.93,99.83,38.7,501.8,15.11,25.221,85.39,2.51,106.6,PVA-2024-0615-A,PVA-OPT-25
2024-06-15 09:02:30,19.77,149.9,109.55,134.0,99.88,41.3,500.7,15.06,24.949,85.71,2.466,107.6,PVA-2024-0615-A,PVA-OPT-25
2024-06-15 09:02:40,20.26,150.1,108.92,135.82,100.39,36.3,495.6,15.15,25.525,85.28,2.515,107.4,PVA-2024-0615-A,PVA-OPT-25
2024-06-15 09:02:50,20.06,148.0,109.64,135.65,100.37,37.1,496.4,15.43,25.111,85.02,2.354,108.3,PVA-2024-0615-A,PVA-OPT-25
2024-06-15 09:03:00,20.66,150.9,109.89,134.95,99.5,36.8,505.9,15.17,25.149,86.64,2.28,105.4,PVA-2024-0615-A,PVA-OPT-25
2024-06-15 09:03:10,19.76,150.3,109.51,134.43,100.02,39.4,507.2,14.69,25.239,84.89,2.446,106.2,PVA-2024-0615-A,PVA-OPT-25
2024-06-15 09:03:20,19.75,151.0,109.93,134.26,99.72,40.3,498.8,15.41,25.498,84.78,2.503,108.2,PVA-2024-0615-A,PVA-OPT-25
2024-06-15 09:03:30,19.82,147.1,110.04,135.11,99.5,39.6,500.2,15.49,25.418,85.82,2.257,109.2,PVA-2024-0615-A,PVA-OPT-25
2024-06-15 09:03:40,19.36,152.1,109.89,135.06,99.91,39.2,495.5,15.95,25.278,84.92,2.378,106.6,PVA-2024-0615-A,PVA-OPT-25
2024-06-15 09:03:50,19.84,149.9,109.67,134.22,99.88,38.4,505.9,14.66,25.331,84.87,2.532,106.0,PVA-2024-0615-A,PVA-OPT-25
2024-06-15 09:04:00,19.77,151.1,110.08,135.88,100.97,36.9,503.3,15.07,25.228,84.54,2.384,109.1,PVA-2024-0615-A,PVA-OPT-25
2024-06-15 09:04:10,20.05,149.0,110.22,134.77,100.17,36.5,509.7,14.38,25.316,85.06,2.374,107.5,PVA-2024-0615-A,PVA-OPT-25
2024-06-15 09:04:20,20.1,150.6,109.45,135.73,99.45,39.5,495.6,15.17,25.326,85.31,2.472,108.6,PVA-2024-0615-A,PVA-OPT-25
2024-06-15 09:04:30,20.56,148.9,110.71,136.04,99.77,37.6,498.1,14.84,25.466,86.33,2.316,105.2,PVA-2024-0615-A,PVA-OPT-25
2024-06-15 09:04:40,20.29,149.4,109.95,135.46,100.41,37.1,501.2,15.58,25.454,84.87,2.393,104.4,PVA-2024-0615-A,PVA-OPT-25
2024-06-15 09:04:50,19.83,151.9,110.01,135.21,100.84,39.2,503.2,14.77,25.378,84.94,2.364,106.8,PVA-2024-0615-A,PVA-OPT-25
2024-06-15 09:05:00,19.73,149.8,110.35,133.75,99.37,38.0,498.9,14.49,25.221,85.45,2.429,105.9,PVA-2024-0615-A,PVA-OPT-25
2024-06-15 09:05:10,20.15,150.2,110.12,135.12,99.25,38.3,495.6,14.86,25.414,85.8,2.221,107.1,PVA-2024-0615-A,PVA-OPT-25
2024-06-15 09:05:20,19.6,150.9,110.48,135.69,100.75,37.3,504.4,14.41,25.3,85.87,2.316,105.9,PVA-2024-0615-A,PVA-OPT-25
2024-06-15 09:05:30,20.55,150.5,110.14,133.93,100.16,39.5,503.6,15.23,25.116,85.52,2.443,109.0,PVA-2024-0615-A,PVA-OPT-25
2024-06-15 09:05:40,20.35,150.2,109.69,135.2,99.65,37.8,495.4,14.38,25.244,85.03,2.535,107.0,PVA-2024-0615-A,PVA-OPT-25
2024-06-15 09:05:50,19.86,150.4,110.18,135.06,100.21,36.5,506.8,15.01,25.314,85.51,2.404,107.4,PVA-2024-0615-A,PVA-OPT-25
2024-06-15 09:06:00,19.49,152.4,109.43,136.23,98.95,37.1,505.9,14.38,25.461,85.08,2.399,108.3,PVA-2024-0615-A,PVA-OPT-25
2024-06-15 09:06:10,20.41,149.9,110.05,136.42,100.0,37.9,500.7,14.9,25.301,85.19,2.5,107.8,PVA-2024-0615-A,PVA-OPT-25
2024-06-15 09:06:20,19.97,150.2,109.98,135.63,100.13,37.5,500.4,15.49,25.131,84.92,2.428,107.8,PVA-2024-0615-A,PVA-OPT-25
2024-06-15 09:06:30,20.37,151.1,109.9,136.24,100.37,37.8,502.8,15.11,25.333,84.9,2.36,109.0,PVA-2024-0615-A,PVA-OPT-25
2024-06-15 09:06:40,19.52,151.1,109.94,134.71,99.59,37.2,495.7,14.74,25.311,85.28,2.42,106.1,PVA-2024-0615-A,PVA-OPT-25
2024-06-15 09:06:50,19.82,151.2,109.06,135.37,100.03,37.7,500.2,14.99,25.335,84.62,2.561,110.4,PVA-2024-0615-A,PVA-OPT-25
2024-06-15 09:07:00,20.0,150.6,109.73,135.08,99.63,37.3,489.2,15.01,25.44,86.03,2.317,106.4,PVA-2024-0615-A,PVA-OPT-25
2024-06-15 09:07:10,20.01,148.9,110.05,133.99,100.1,39.6,504.4,15.14,25.433,85.13,2.411,104.9,PVA-2024-0615-A,PVA-OPT-25
2024-06-15 09:07:20,19.86,151.6,110.08,135.72,99.64,37.5,492.2,14.59,25.225,85.15,2.619,108.2,PVA-2024-0615-A,PVA-OPT-25
2024-06-15 09:07:30,20.19,148.9,109.49,135.27,99.84,38.5,507.5,15.18,25.213,85.96,2.172,105.3,PVA-2024-0615-A,PVA-OPT-25
2024-06-15 09:07:40,19.68,150.3,110.63,135.09,99.6,39.0,498.3,14.19,25.146,85.64,2.288,108.9,PVA-2024-0615-A,PVA-OPT-25
2024-06-15 09:07:50,19.96,149.2,109.57,135.16,100.26,38.6,498.9,14.81,25.408,85.63,2.243,112.0,PVA-2024-0615-A,PVA-OPT-25
2024-06-15 09:08:00,20.04,149.9,110.48,135.86,100.34,37.6,496.9,14.85,25.535,85.1,2.535,106.5,PVA-2024-0615-A,PVA-OPT-25
2024-06-15 09:08:10,20.15,150.3,110.21,134.44,99.91,37.5,498.6,15.19,25.242,85.04,2.53,108.9,PVA-2024-0615-A,PVA-OPT-25
2024-06-15 09:08:20,20.21,150.3,109.68,132.95,100.02,39.6,507.1,15.01,25.223,85.05,2.605,104.3,PVA-2024-0615-A,PVA-OPT-25
2024-06-15 09:08:30,19.66,150.4,110.89,134.41,99.42,37.9,487.6,14.58,25.508,84.7,2.523,109.0,PVA-2024-0615-A,PVA-OPT-25
2024-06-15 09:08:40,19.54,151.6,109.4,133.36,99.88,39.0,506.4,14.7,25.343,85.64,2.336,105.6,PVA-2024-0615-A,PVA-OPT-25
2024-06-15 09:08:50,20.38,150.5,110.46,136.6,99.98,36.3,501.7,15.06,25.397,85.3,2.43,106.4,PVA-2024-0615-A,PVA-OPT-25
2024-06-15 09:09:00,20.1,149.8,110.5,135.05,101.05,37.0,494.0,14.98,25.122,85.12,2.418,105.3,PVA-2024-0615-A,PVA-OPT-25
2024-06-15 09:09:10,19.78,151.0,109.66,135.2,99.56,35.9,494.6,14.83,25.406,85.82,2.152,108.5,PVA-2024-0615-A,PVA-OPT-25
2024-06-15 09:09:20,20.47,151.2,110.7,135.32,100.59,37.1,508.4,14.86,25.167,84.91,2.729,109.9,PVA-2024-0615-A,PVA-OPT-25
2024-06-15 09:09:30,20.03,148.8,109.87,134.12,100.4,38.9,495.3,15.21,25.112,84.87,2.474,107.7,PVA-2024-0615-A,PVA-OPT-25
2024-06-15 09:09:40,20.35,150.6,110.14,133.7,100.11,37.7,494.2,14.84,25.222,85.6,2.428,105.8,PVA-2024-0615-A,PVA-OPT-25
2024-06-15 09:09:50,20.02,150.7,110.13,135.41,100.7,37.7,505.7,14.97,25.22,85.19,2.474,110.8,PVA-2024-0615-A,PVA-OPT-25
2024-06-15 09:10:00,20.62,149.7,109.93,136.08,100.15,39.0,501.7,15.65,25.288,85.48,2.54,106.4,PVA-2024-0615-A,PVA-OPT-25
2024-06-15 09:10:10,20.53,151.4,110.41,135.65,100.16,38.5,495.3,,25.097,85.01,2.341,102.9,PVA-2024-0615-A,PVA-OPT-25
2024-06-15 09:10:20,19.93,149.8,110.4,135.2,99.98,39.5,501.1,14.44,25.448,86.01,2.173,107.4,PVA-2024-0615-A,PVA-OPT-25
2024-06-15 09:10:30,20.29,150.1,109.13,135.27,100.49,38.2,494.9,15.24,25.475,85.53,2.413,105.0,PVA-2024-0615-A,PVA-OPT-25
2024-06-15 09:10:40,20.19,149.8,110.65,136.12,100.44,38.3,505.5,14.8,25.03,86.33,2.308,108.7,PVA-2024-0615-A,PVA-OPT-25
2024-06-15 09:10:50,20.41,150.0,109.17,135.02,99.75,37.3,505.3,14.9,25.447,84.65,2.447,107.5,PVA-2024-0615-A,PVA-OPT-25
2024-06-15 09:11:00,19.71,148.9,110.52,134.25,99.47,38.0,502.7,14.77,25.163,85.32,2.546,108.7,PVA-2024-0615-A,PVA-OPT-25
2024-06-15 09:11:10,20.21,148.6,110.56,134.49,99.92,35.7,501.8,14.92,25.418,84.82,2.446,110.4,PVA-2024-0615-A,PVA-OPT-25
2024-06-15 09:11:20,20.32,151.6,109.45,133.71,99.68,40.2,508.8,15.48,25.264,84.76,2.498,105.2,PVA-2024-0615-A,PVA-OPT-25
2024-06-15 09:11:30,19.47,149.2,109.79,135.11,99.97,39.4,500.0,15.24,25.307,85.74,2.469,105.9,PVA-2024-0615-A,PVA-OPT-25
2024-06-15 09:11:40,19.65,149.0,109.45,135.17,100.49,37.3,494.1,15.26,25.276,85.42,2.299,106.7,PVA-2024-0615-A,PVA-OPT-25
2024-06-15 09:11:50,19.39,147.8,109.89,136.9,99.82,36.2,502.2,14.58,25.52,84.91,2.464,110.8,PVA-2024-0615-A,PVA-OPT-25
2024-06-15 09:12:00,19.92,149.4,109.85,134.85,99.98,37.4,510.4,14.65,25.111,84.91,2.568,106.7,PVA-2024-0615-A,PVA-OPT-25
2024-06-15 09:12:10,20.22,148.7,110.39,133.67,100.02,39.4,494.9,14.15,25.365,84.66,2.379,106.6,PVA-2024-0615-A,PVA-OPT-25
2024-06-15 09:12:20,20.45,151.6,110.66,134.63,100.34,39.4,498.2,14.76,25.458,85.64,2.421,108.6,PVA-2024-0615-A,PVA-OPT-25
2024-06-15 09:12:30,20.02,151.0,110.7,135.56,99.1,35.8,502.1,15.29,25.419,85.5,2.434,106.5,PVA-2024-0615-A,PVA-OPT-25
2024-06-15 09:12:40,20.49,149.3,109.72,135.59,99.76,37.9,499.7,15.16,25.661,84.27,2.394,108.4,PVA-2024-0615-A,PVA-OPT-25
2024-06-15 09:12:50,19.59,152.3,109.9,135.17,100.08,37.6,495.1,14.93,25.224,84.96,2.633,104.4,PVA-2024-0615-A,PVA-OPT-25
2024-06-15 09:13:00,19.49,151.0,109.16,133.4,100.48,39.4,505.6,14.99,25.412,84.9,2.199,111.6,PVA-2024-0615-A,PVA-OPT-25
2024-06-15 09:13:10,19.98,149.7,109.6,136.01,99.8,37.6,511.6,14.79,25.304,85.24,2.23,104.6,PVA-2024-0615-A,PVA-OPT-25
2024-06-15 09:13:20,20.12,147.5,110.48,133.26,99.25,39.2,501.0,15.06,25.45,86.06,2.428,106.2,PVA-2024-0615-A,PVA-OPT-25
2024-06-15 09:13:30,19.99,152.3,110.81,134.99,100.25,37.9,495.5,15.23,25.299,85.07,2.48,107.5,PVA-2024-0615-A,PVA-OPT-25
2024-06-15 09:13:40,19.38,148.6,109.38,135.13,99.75,37.7,492.3,14.52,25.244,85.31,2.311,111.4,PVA-2024-0615-A,PVA-OPT-25
2024-06-15 09:13:50,19.97,148.4,109.7,135.14,99.52,38.9,501.3,15.09,25.499,83.94,2.613,105.8,PVA-2024-0615-A,PVA-OPT-25
2024-06-15 09:14:00,19.61,151.0,109.99,135.05,99.75,38.4,505.5,15.28,25.227,85.56,2.535,111.4,PVA-2024-0615-A,PVA-OPT-25
2024-06-15 09:14:10,20.2,152.4,110.14,134.58,99.93,38.6,502.4,14.88,25.08,85.68,2.291,108.4,PVA-2024-0615-A,PVA-OPT-25
2024-06-15 09:14:20,20.11,151.4,109.6,134.19,99.76,37.4,500.0,15.21,25.206,85.42,2.63,108.1,PVA-2024-0615-A,PVA-OPT-25
2024-06-15 09:14:30,19.72,150.6,110.21,134.86,99.12,37.7,497.1,15.84,25.39,84.97,2.273,105.8,PVA-2024-0615-A,PVA-OPT-25
2024-06-15 09:14:40,19.85,150.6,109.76,135.63,100.36,38.4,494.5,14.97,25.521,84.6,2.517,108.9,PVA-2024-0615-A,PVA-OPT-25
2024-06-15 09:14:50,19.68,150.9,109.99,135.48,100.51,37.7,504.2,15.12,25.326,84.83,2.53,106.1,PVA-2024-0615-A,PVA-OPT-25
2024-06-15 09:15:00,19.98,150.8,110.27,135.36,100.26,38.4,504.6,14.78,25.505,86.26,2.361,109.2,PVA-2024-0615-A,PVA-OPT-25
2024-06-15 09:15:10,20.29,150.3,110.0,135.19,99.54,39.6,492.3,15.05,25.1,84.91,2.461,106.1,PVA-2024-0615-A,PVA-OPT-25
2024-06-15 09:15:20,19.7,150.1,109.78,135.64,99.92,38.5,507.9,15.14,25.246,86.35,2.232,106.4,PVA-2024-0615-A,PVA-OPT-25
2024-06-15 09:15:30,20.15,149.9,109.95,135.37,100.0,37.8,502.9,15.06,25.264,85.35,2.443,106.4,PVA-2024-0615-A,PVA-OPT-25
2024-06-15 09:15:40,19.84,149.2,109.96,132.57,100.24,39.4,507.0,14.69,25.234,85.23,2.492,105.6,PVA-2024-0615-A,PVA-OPT-25
2024-06-15 09:15:50,19.76,149.7,109.81,135.43,100.27,35.1,493.3,15.06,25.321,84.67,2.471,109.1,PVA-2024-0615-A,PVA-OPT-25
2024-06-15 09:16:00,19.97,148.3,109.87,135.37,99.71,37.5,493.2,15.44,25.411,85.14,2.508,108.6,PVA-2024-0615-A,PVA-OPT-25
2024-06-15 09:16:10,19.69,149.9,110.8,136.18,100.03,36.7,499.3,15.13,25.257,85.43,2.264,109.7,PVA-2024-0615-A,PVA-OPT-25
2024-06-15 09:16:20,19.83,149.0,110.28,133.9,100.18,39.3,502.5,15.29,25.299,86.2,2.312,103.5,PVA-2024-0615-A,PVA-OPT-25
2024-06-15 09:16:30,19.64,148.9,109.85,132.88,100.58,39.5,509.0,14.93,25.251,85.52,2.295,109.6,PVA-2024-0615-A,PVA-OPT-25
2024-06-15 09:16:40,20.59,150.2,110.35,134.68,100.28,37.9,503.5,15.22,25.155,85.43,2.412,112.8,PVA-2024-0615-A,PVA-OPT-25
2024-06-15 09:16:50,20.01,151.4,109.83,135.57,100.32,35.8,498.8,15.08,25.294,85.21,2.54,106.8,PVA-2024-0615-A,PVA-OPT-25
2024-06-15 09:17:00,19.79,150.9,110.59,134.98,100.03,37.1,494.9,14.71,25.278,84.88,2.439,111.5,PVA-2024-0615-A,PVA-OPT-25
2024-06-15 09:17:10,20.06,148.4,110.18,134.18,100.56,39.1,506.2,15.1,25.259,85.2,2.676,107.1,PVA-2024-0615-A,PVA-OPT-25
2024-06-15 09:17:20,19.97,149.0,109.95,137.1,100.16,38.0,495.2,14.7,25.347,85.03,2.47,105.1,PVA-2024-0615-A,PVA-OPT-25
2024-06-15 09:17:30,19.93,150.9,110.22,134.95,99.66,37.9,508.1,14.81,25.31,84.8,2.436,107.1,PVA-2024-0615-A,PVA-OPT-25
2024-06-15 09:17:40,20.18,149.0,109.21,135.27,100.56,38.1,498.6,15.06,25.24,86.23,2.217,108.4,PVA-2024-0615-A,PVA-OPT-25
2024-06-15 09:17:50,20.23,149.8,109.44,134.51,100.28,39.3,508.0,15.09,25.481,84.99,2.371,106.0,PVA-2024-0615-A,PVA-OPT-25
2024-06-15 09:18:00,19.84,150.6,109.4,134.55,99.82,37.5,503.4,14.64,25.116,85.56,2.424,106.5,PVA-2024-0615-A,PVA-OPT-25
2024-06-15 09:18:10,19.83,149.0,110.07,135.18,99.81,38.2,499.3,15.32,25.195,84.09,2.608,109.3,PVA-2024-0615-A,PVA-OPT-25
2024-06-15 09:18:20,19.92,150.1,110.87,136.69,100.12,35.9,497.4,15.17,25.751,86.11,2.323,107.0,PVA-2024-0615-A,PVA-OPT-25
2024-06-15 09:18:30,19.31,148.7,111.12,134.12,100.19,39.6,498.3,14.79,25.127,85.92,2.151,107.6,PVA-2024-0615-A,PVA-OPT-25
2024-06-15 09:18:40,19.55,149.4,110.32,135.36,100.08,37.9,502.1,14.54,25.104,84.98,2.282,107.8,PVA-2024-0615-A,PVA-OPT-25
2024-06-15 09:18:50,20.41,150.3,110.25,134.71,100.12,38.5,500.4,14.96,25.404,85.35,,108.7,PVA-2024-0615-A,PVA-OPT-25
2024-06-15 09:19:00,20.49,148.4,109.1,134.23,100.68,37.8,497.0,14.87,24.973,85.48,2.406,106.6,PVA-2024-0615-A,PVA-OPT-25
2024-06-15 09:19:10,19.93,150.4,109.73,134.36,100.43,39.2,499.2,15.03,25.252,85.99,2.454,107.6,PVA-2024-0615-A,PVA-OPT-25
2024-06-15 09:19:20,20.17,150.0,109.61,135.35,100.08,39.8,500.4,14.89,25.629,84.54,2.434,106.7,PVA-2024-0615-A,PVA-OPT-25
2024-06-15 09:19:30,20.09,150.6,109.69,136.36,100.38,35.9,489.4,14.4,25.095,85.89,2.364,110.0,PVA-2024-0615-A,PVA-OPT-25
2024-06-15 09:19:40,20.92,150.2,109.92,133.83,99.59,38.6,502.3,14.88,24.979,85.3,2.436,106.4,PVA-2024-0615-A,PVA-OPT-25
2024-06-15 09:19:50,20.34,151.4,109.76,134.47,100.16,38.7,495.1,14.91,25.064,85.43,2.177,109.5,PVA-2024-0615-A,PVA-OPT-25
2024-06-15 09:20:00,19.96,150.1,109.01,135.25,100.72,38.6,494.2,15.19,25.44,85.55,2.281,106.8,PVA-2024-0615-A,PVA-OPT-25
2024-06-15 09:20:10,19.71,149.6,110.37,134.85,99.91,37.6,491.6,14.79,25.466,85.54,2.346,108.0,PVA-2024-0615-A,PVA-OPT-25
2024-06-15 09:20:20,19.52,150.1,109.46,134.05,99.66,35.9,491.0,15.5,25.204,84.26,2.455,107.4,PVA-2024-0615-A,PVA-OPT-25
2024-06-15 09:20:30,20.06,150.5,110.12,134.27,99.74,39.9,493.2,14.43,25.388,85.45,2.349,105.0,PVA-2024-0615-A,PVA-OPT-25
2024-06-15 09:20:40,19.77,150.0,111.04,134.37,99.56,39.3,496.5,15.39,25.496,85.0,2.413,104.2,PVA-2024-0615-A,PVA-OPT-25
2024-06-15 09:20:50,19.57,150.0,109.54,133.58,99.69,37.4,509.8,14.93,25.54,84.75,2.321,105.2,PVA-2024-0615-A,PVA-OPT-25
2024-06-15 09:21:00,19.81,149.3,108.73,133.88,99.85,38.3,497.4,15.26,25.241,85.64,2.381,106.5,PVA-2024-0615-A,PVA-OPT-25
2024-06-15 09:21:10,19.68,149.3,109.86,134.45,99.44,40.0,500.9,15.02,24.944,84.97,2.521,107.6,PVA-2024-0615-A,PVA-OPT-25
2024-06-15 09:21:20,20.51,148.6,110.55,134.71,100.01,39.7,502.0,15.34,25.171,85.11,2.592,109.7,PVA-2024-0615-A,PVA-OPT-25
2024-06-15 09:21:30,20.26,151.7,110.98,133.67,100.36,40.0,500.7,14.88,25.209,84.9,2.317,107.3,PVA-2024-0615-A,PVA-OPT-25
2024-06-15 09:21:40,20.0,148.8,109.39,134.13,99.64,38.5,499.6,14.67,25.244,85.63,2.364,105.1,PVA-2024-0615-A,PVA-OPT-25
2024-06-15 09:21:50,20.44,149.3,110.25,132.67,100.61,39.9,494.0,15.43,25.225,85.99,2.339,104.3,PVA-2024-0615-A,PVA-OPT-25
2024-06-15 09:22:00,20.02,149.3,109.77,133.83,100.2,38.8,507.3,14.97,25.444,84.7,2.436,108.6,PVA-2024-0615-A,PVA-OPT-25
2024-06-15 09:22:10,19.74,150.9,109.95,132.97,100.41,40.7,509.0,15.07,25.451,85.68,2.348,110.2,PVA-2024-0615-A,PVA-OPT-25
2024-06-15 09:22:20,20.46,149.7,111.32,133.4,99.74,38.4,491.6,15.37,25.242,85.88,2.336,109.6,PVA-2024-0615-A,PVA-OPT-25
2024-06-15 09:22:30,20.16,151.2,109.25,133.0,100.34,38.8,494.9,14.69,25.425,85.06,2.357,108.6,PVA-2024-0615-A,PVA-OPT-25
2024-06-15 09:22:40,19.69,149.3,110.13,133.66,99.56,40.1,498.6,15.18,25.327,86.35,2.292,108.5,PVA-2024-0615-A,PVA-OPT-25
2024-06-15 09:22:50,19.94,150.3,110.23,132.44,100.36,40.0,495.2,14.82,25.258,85.87,2.197,110.2,PVA-2024-0615-A,PVA-OPT-25
2024-06-15 09:23:00,19.74,149.2,110.54,133.06,100.07,40.9,502.5,14.96,25.397,85.49,2.266,107.6,PVA-2024-0615-A,PVA-OPT-25
2024-06-15 09:23:10,19.59,152.1,110.05,132.49,100.22,39.3,496.4,15.02,25.261,85.07,2.38,108.5,PVA-2024-0615-A,PVA-OPT-25
2024-06-15 09:23:20,20.28,148.8,110.15,132.42,99.53,40.0,510.8,14.55,25.557,85.31,2.437,106.7,PVA-2024-0615-A,PVA-OPT-25
2024-06-15 09:23:30,20.57,150.3,109.8,132.28,99.64,39.3,506.0,14.77,25.03,85.81,2.379,104.1,PVA-2024-0615-A,PVA-OPT-25
2024-06-15 09:23:40,19.58,150.6,110.13,131.83,100.24,40.5,501.1,15.41,25.159,85.67,2.281,105.7,PVA-2024-0615-A,PVA-OPT-25
2024-06-15 09:23:50,20.17,150.4,109.83,132.12,99.62,38.8,505.1,15.27,25.223,86.21,2.242,106.3,PVA-2024-0615-A,PVA-OPT-25
2024-06-15 09:24:00,19.8,149.8,110.31,131.97,100.19,39.9,505.5,14.98,25.305,85.97,2.403,107.0,PVA-2024-0615-A,PVA-OPT-25
2024-06-15 09:24:10,19.85,149.9,109.82,132.0,99.45,39.0,497.2,15.07,25.43,86.05,2.354,110.3,PVA-2024-0615-A,PVA-OPT-25
2024-06-15 09:24:20,19.82,150.0,110.19,131.79,100.34,41.3,495.9,14.91,25.232,85.39,2.266,106.9,PVA-2024-0615-A,PVA-OPT-25
2024-06-15 09:24:30,19.74,149.9,109.99,132.02,99.51,41.1,500.4,15.41,25.027,86.1,2.218,108.9,PVA-2024-0615-A,PVA-OPT-25
2024-06-15 09:24:40,20.01,151.0,110.56,131.96,100.22,38.7,504.3,14.94,25.366,85.14,2.312,106.0,PVA-2024-0615-A,PVA-OPT-25
2024-06-15 09:24:50,19.75,152.2,109.97,130.85,100.25,42.7,500.7,15.07,25.33,86.51,2.08,105.6,PVA-2024-0615-A,PVA-OPT-25
2024-06-15 09:25:00,20.08,149.4,109.11,131.68,99.72,43.1,492.1,15.34,24.942,85.83,2.226,103.9,PVA-2024-0615-A,PVA-OPT-25
2024-06-15 09:25:10,19.98,148.6,110.63,130.53,100.23,41.6,496.0,14.77,25.21,86.43,2.273,104.8,PVA-2024-0615-A,PVA-OPT-25
2024-06-15 09:25:20,19.93,149.9,109.55,131.29,100.1,40.3,499.6,15.47,24.987,86.8,2.258,107.3,PVA-2024-0615-A,PVA-OPT-25
2024-06-15 09:25:30,19.73,152.6,109.67,131.18,99.78,43.9,499.6,14.54,25.124,86.19,2.156,106.2,PVA-2024-0615-A,PVA-OPT-25
2024-06-15 09:25:40,19.83,149.2,109.7,129.79,99.6,40.8,509.9,15.49,25.06,87.0,2.168,107.8,PVA-2024-0615-A,PVA-OPT-25
2024-06-15 09:25:50,20.23,151.6,110.69,130.67,99.21,41.5,493.1,14.89,25.335,86.42,2.087,106.4,PVA-2024-0615-A,PVA-OPT-25
2024-06-15 09:26:00,20.15,151.7,108.93,130.27,100.14,42.0,502.5,14.93,25.223,87.14,2.228,105.3,PVA-2024-0615-A,PVA-OPT-25
2024-06-15 09:26:10,19.71,149.4,111.57,130.0,99.37,43.3,507.4,14.43,25.007,86.49,2.152,110.3,PVA-2024-0615-A,PVA-OPT-25
2024-06-15 09:26:20,20.03,150.6,110.53,130.93,100.04,41.6,511.4,14.86,25.351,86.44,2.116,105.7,PVA-2024-0615-A,PVA-OPT-25
2024-06-15 09:26:30,20.23,151.6,110.11,129.8,99.89,41.7,498.0,14.69,24.981,86.8,2.126,108.3,PVA-2024-0615-A,PVA-OPT-25
2024-06-15 09:26:40,19.5,149.6,109.97,129.6,100.27,41.4,502.5,14.82,25.241,86.49,2.151,105.2,PVA-2024-0615-A,PVA-OPT-25
2024-06-15 09:26:50,20.16,149.8,110.14,129.91,99.88,41.7,502.8,14.96,25.076,86.87,2.023,106.8,PVA-2024-0615-A,PVA-OPT-25
2024-06-15 09:27:00,19.8,149.4,110.26,130.09,99.87,40.9,501.0,15.29,25.147,86.6,2.201,107.7,PVA-2024-0615-A,PVA-OPT-25
2024-06-15 09:27:10,20.17,149.0,110.32,129.55,100.29,42.4,499.5,15.06,25.267,87.25,2.003,105.7,PVA-2024-0615-A,PVA-OPT-25
2024-06-15 09:27:20,19.77,149.4,110.28,130.08,100.13,41.4,502.2,15.09,25.28,87.32,2.263,100.9,PVA-2024-0615-A,PVA-OPT-25
2024-06-15 09:27:30,19.46,148.8,110.04,129.64,100.13,40.8,487.3,14.67,25.393,86.39,2.241,105.6,PVA-2024-0615-A,PVA-OPT-25
2024-06-15 09:27:40,19.51,150.0,109.9,128.16,100.19,44.7,503.4,14.74,25.151,87.6,1.894,107.4,PVA-2024-0615-A,PVA-OPT-25
2024-06-15 09:27:50,20.01,149.2,109.92,128.86,99.39,42.4,500.6,15.54,25.223,87.39,2.061,106.4,PVA-2024-0615-A,PVA-OPT-25
2024-06-15 09:28:00,20.08,150.2,109.9,128.72,100.3,41.8,498.9,14.78,25.109,87.44,1.956,106.0,PVA-2024-0615-A,PVA-OPT-25
2024-06-15 09:28:10,19.73,148.4,110.57,129.11,100.24,42.5,510.2,15.5,25.21,87.89,1.967,101.6,PVA-2024-0615-A,PVA-OPT-25
2024-06-15 09:28:20,20.19,150.3,110.3,127.44,99.59,44.1,496.6,14.93,25.215,87.06,2.274,104.0,PVA-2024-0615-A,PVA-OPT-25
2024-06-15 09:28:30,19.5,150.8,108.53,129.9,99.9,40.3,498.0,15.0,25.183,87.54,1.953,105.7,PVA-2024-0615-A,PVA-OPT-25
2024-06-15 09:28:40,19.98,148.0,110.33,128.77,99.98,43.3,510.0,15.32,24.905,87.86,2.004,105.6,PVA-2024-0615-A,PVA-OPT-25
2024-06-15 09:28:50,19.64,150.4,110.1,128.45,99.95,42.2,495.8,15.38,25.219,87.57,2.047,107.4,PVA-2024-0615-A,PVA-OPT-25
2024-06-15 09:29:00,19.8,151.2,109.99,128.84,100.13,44.6,497.2,14.97,25.231,87.34,1.907,104.8,PVA-2024-0615-A,PVA-OPT-25
2024-06-15 09:29:10,20.01,148.8,109.81,129.3,100.57,43.1,499.3,14.88,25.084,87.86,1.879,105.6,PVA-2024-0615-A,PVA-OPT-25
2024-06-15 09:29:20,19.74,151.7,110.56,128.44,100.43,42.9,504.2,14.98,24.976,87.27,1.886,105.1,PVA-2024-0615-A,PVA-OPT-25
2024-06-15 09:29:30,19.88,150.4,110.47,128.35,99.48,42.6,501.0,15.1,25.388,87.48,1.883,102.8,PVA-2024-0615-A,PVA-OPT-25
2024-06-15 09:29:40,20.3,149.3,109.61,127.82,100.25,43.6,493.5,15.27,25.23,88.17,1.568,99.6,PVA-2024-0615-A,PVA-OPT-25
2024-06-15 09:29:50,19.83,149.9,110.2,127.55,100.53,44.6,497.3,15.0,25.117,88.42,1.963,105.3,PVA-2024-0615-A,PVA-OPT-25
2024-06-15 09:30:00,20.25,150.6,109.51,127.26,100.15,44.2,497.0,15.19,24.975,87.11,2.103,104.7,PVA-2024-0615-B,PVA-OPT-25
2024-06-15 09:30:10,19.66,150.1,109.31,126.96,100.44,44.2,499.6,15.49,25.016,88.02,1.944,103.3,PVA-2024-0615-B,PVA-OPT-25
2024-06-15 09:30:20,20.16,150.5,109.69,126.91,100.8,44.5,502.1,15.11,25.334,88.66,1.653,100.5,PVA-2024-0615-B,PVA-OPT-25
2024-06-15 09:30:30,20.43,149.1,110.43,126.45,100.41,44.2,502.1,15.09,25.15,87.04,1.928,106.2,PVA-2024-0615-B,PVA-OPT-25
2024-06-15 09:30:40,19.26,150.2,110.48,126.96,100.1,44.1,491.1,14.54,25.057,88.15,1.855,103.9,PVA-2024-0615-B,PVA-OPT-25
2024-06-15 09:30:50,19.76,148.6,110.26,126.03,100.42,43.1,505.3,14.21,25.197,88.34,1.774,105.3,PVA-2024-0615-B,PVA-OPT-25
2024-06-15 09:31:00,20.17,149.9,110.36,126.85,100.06,45.5,501.3,15.12,25.015,88.2,1.993,108.1,PVA-2024-0615-B,PVA-OPT-25
2024-06-15 09:31:10,19.94,149.1,110.26,126.61,100.01,45.0,506.9,14.97,25.357,87.02,2.025,100.4,PVA-2024-0615-B,PVA-OPT-25
2024-06-15 09:31:20,20.11,149.3,109.68,126.57,99.86,44.0,502.2,14.85,25.334,88.61,1.759,102.8,PVA-2024-0615-B,PVA-OPT-25
2024-06-15 09:31:30,19.82,151.2,110.22,126.11,100.63,47.0,505.5,15.07,25.052,88.02,1.94,103.8,PVA-2024-0615-B,PVA-OPT-25
2024-06-15 09:31:40,20.03,151.1,110.4,127.79,99.67,43.9,502.3,14.98,25.061,88.69,1.978,106.8,PVA-2024-0615-B,PVA-OPT-25
2024-06-15 09:31:50,19.95,150.6,110.38,126.81,100.61,43.5,506.7,15.34,24.743,88.82,1.995,100.5,PVA-2024-0615-B,PVA-OPT-25
2024-06-15 09:32:00,20.35,148.9,110.59,125.38,100.2,46.6,502.6,15.03,24.885,88.47,2.067,107.5,PVA-2024-0615-B,PVA-OPT-25
2024-06-15 09:32:10,20.08,149.7,110.35,125.99,99.44,45.6,499.5,14.78,24.919,89.07,1.667,103.8,PVA-2024-0615-B,PVA-OPT-25
2024-06-15 09:32:20,20.1,151.2,110.18,125.45,100.15,46.0,511.4,15.3,25.129,88.78,2.035,103.3,PVA-2024-0615-B,PVA-OPT-25
2024-06-15 09:32:30,19.88,150.1,110.54,125.12,99.16,45.5,504.4,14.93,25.053,88.48,1.681,102.8,PVA-2024-0615-B,PVA-OPT-25
2024-06-15 09:32:40,19.85,152.3,109.99,124.83,100.25,46.6,502.9,15.16,24.895,89.22,1.698,102.6,PVA-2024-0615-B,PVA-OPT-25
2024-06-15 09:32:50,19.87,150.4,109.56,125.59,100.35,45.3,493.6,14.86,25.07,89.05,1.715,105.1,PVA-2024-0615-B,PVA-OPT-25
2024-06-15 09:33:00,20.12,150.2,109.92,124.91,99.76,46.6,493.6,14.81,25.174,88.66,1.689,101.3,PVA-2024-0615-B,PVA-OPT-25
2024-06-15 09:33:10,19.87,149.7,109.63,125.61,100.05,43.6,501.5,15.03,25.191,88.91,1.768,104.0,PVA-2024-0615-B,PVA-OPT-25
2024-06-15 09:33:20,20.09,150.1,109.66,125.5,100.78,45.2,500.7,15.0,24.825,89.12,1.594,102.5,PVA-2024-0615-B,PVA-OPT-25
2024-06-15 09:33:30,20.62,149.8,109.93,125.56,99.8,47.3,496.9,15.14,25.092,89.23,1.665,101.5,PVA-2024-0615-B,PVA-OPT-25
2024-06-15 09:33:40,20.26,150.7,109.6,124.32,99.58,45.8,500.7,14.92,24.879,88.66,1.952,109.1,PVA-2024-0615-B,PVA-OPT-25
2024-06-15 09:33:50,19.9,151.0,109.85,124.86,100.59,45.5,507.9,14.45,25.233,88.54,1.739,104.2,PVA-2024-0615-B,PVA-OPT-25
2024-06-15 09:34:00,20.36,149.2,109.05,124.82,100.79,45.7,503.5,14.87,25.214,89.36,1.644,103.9,PVA-2024-0615-B,PVA-OPT-25
2024-06-15 09:34:10,19.88,148.7,110.11,124.14,100.0,45.5,494.3,15.24,24.948,89.27,1.727,105.3,PVA-2024-0615-B,PVA-OPT-25
2024-06-15 09:34:20,19.39,148.2,110.0,123.86,100.4,44.7,499.4,14.91,24.962,90.12,1.753,99.9,PVA-2024-0615-B,PVA-OPT-25
2024-06-15 09:34:30,19.7,150.5,109.59,124.93,100.54,45.8,496.0,14.93,25.029,89.66,1.444,106.1,PVA-2024-0615-B,PVA-OPT-25
2024-06-15 09:34:40,19.44,148.9,110.33,124.11,99.7,46.8,498.1,15.3,24.744,90.15,1.645,97.4,PVA-2024-0615-B,PVA-OPT-25
2024-06-15 09:34:50,19.89,147.8,110.47,124.19,99.81,46.6,497.9,14.79,25.134,89.5,1.62,101.3,PVA-2024-0615-B,PVA-OPT-25
2024-06-15 09:35:00,20.01,150.4,109.2,123.34,100.49,47.2,497.6,14.54,25.026,89.65,1.609,101.5,PVA-2024-0615-B,PVA-OPT-25
2024-06-15 09:35:10,20.5,152.5,109.62,123.02,100.67,47.6,493.7,14.95,25.206,89.4,1.755,104.0,PVA-2024-0615-B,PVA-OPT-25
2024-06-15 09:35:20,20.1,150.0,109.62,123.22,100.23,48.5,499.4,14.85,24.9,89.48,1.52,103.2,PVA-2024-0615-B,PVA-OPT-25
2024-06-15 09:35:30,19.93,150.8,109.53,123.31,99.65,47.2,497.2,14.71,24.973,89.68,1.544,102.4,PVA-2024-0615-B,PVA-OPT-25
2024-06-15 09:35:40,20.25,150.1,110.41,122.72,100.79,47.3,485.4,14.95,24.828,90.47,1.352,102.1,PVA-2024-0615-B,PVA-OPT-25
2024-06-15 09:35:50,19.34,149.9,109.9,123.12,99.79,47.2,510.3,15.15,24.912,89.92,1.534,100.5,PVA-2024-0615-B,PVA-OPT-25
2024-06-15 09:36:00,20.07,150.9,109.87,122.16,99.87,48.9,505.4,15.0,24.866,90.19,1.718,99.4,PVA-2024-0615-B,PVA-OPT-25
2024-06-15 09:36:10,20.23,149.7,109.0,122.31,100.14,49.6,498.1,15.09,25.196,89.85,1.519,103.5,PVA-2024-0615-B,PVA-OPT-25
2024-06-15 09:36:20,19.56,150.3,110.32,123.09,100.62,46.9,500.1,15.54,24.957,90.14,1.375,103.3,PVA-2024-0615-B,PVA-OPT-25
2024-06-15 09:36:30,20.34,150.3,109.38,122.93,100.34,47.8,494.1,14.9,25.077,89.56,1.546,105.6,PVA-2024-0615-B,PVA-OPT-25
2024-06-15 09:36:40,20.1,149.3,110.03,122.3,100.17,48.5,508.5,15.08,24.989,90.24,1.38,100.5,PVA-2024-0615-B,PVA-OPT-25
2024-06-15 09:36:50,19.88,151.0,110.14,121.87,100.19,47.5,509.5,14.85,24.847,90.01,1.423,103.5,PVA-2024-0615-B,PVA-OPT-25
2024-06-15 09:37:00,20.19,149.8,110.68,121.74,100.02,48.6,500.8,14.75,25.009,90.72,1.506,101.1,PVA-2024-0615-B,PVA-OPT-25
2024-06-15 09:37:10,20.68,149.2,109.35,121.94,100.22,47.0,505.1,14.82,25.129,90.36,1.324,103.9,PVA-2024-0615-B,PVA-OPT-25
2024-06-15 09:37:20,20.05,150.5,108.49,122.32,98.99,46.4,500.9,14.86,24.865,90.57,1.568,,PVA-2024-0615-B,PVA-OPT-25
2024-06-15 09:37:30,20.07,149.1,110.09,122.34,99.88,48.5,493.3,15.11,25.168,90.72,1.458,102.1,PVA-2024-0615-B,PVA-OPT-25
2024-06-15 09:37:40,19.86,150.0,110.9,121.5,100.1,48.4,497.9,15.7,24.903,90.16,1.426,100.7,PVA-2024-0615-B,PVA-OPT-25
2024-06-15 09:37:50,19.75,150.0,110.62,121.05,99.54,49.4,500.7,14.79,24.949,91.23,1.422,103.5,PVA-2024-0615-B,PVA-OPT-25
2024-06-15 09:38:00,20.25,151.1,110.1,121.63,100.15,48.7,497.7,14.88,25.112,90.94,1.45,102.4,PVA-2024-0615-B,PVA-OPT-25
2024-06-15 09:38:10,19.74,150.5,109.75,120.96,99.92,48.3,498.9,14.98,24.92,90.35,1.464,99.8,PVA-2024-0615-B,PVA-OPT-25
2024-06-15 09:38:20,20.02,150.0,110.4,120.99,100.7,49.2,499.5,15.12,25.025,90.66,1.48,98.9,PVA-2024-0615-B,PVA-OPT-25
2024-06-15 09:38:30,19.86,150.8,109.51,121.79,100.63,47.3,499.6,15.08,24.989,90.69,1.491,100.9,PVA-2024-0615-B,PVA-OPT-25
2024-06-15 09:38:40,20.14,151.4,110.24,121.41,99.81,50.3,500.3,15.39,25.048,90.94,1.363,104.2,PVA-2024-0615-B,PVA-OPT-25
2024-06-15 09:38:50,20.1,150.6,110.25,120.95,99.94,47.9,494.7,14.27,24.662,91.46,1.404,103.2,PVA-2024-0615-B,PVA-OPT-25
2024-06-15 09:39:00,20.31,150.0,110.53,120.11,99.97,49.7,496.4,14.28,24.728,91.44,1.305,98.6,PVA-2024-0615-B,PVA-OPT-25
2024-06-15 09:39:10,19.85,148.7,111.38,120.73,99.82,48.4,493.6,14.85,25.107,91.22,1.355,98.6,PVA-2024-0615-B,PVA-OPT-25
2024-06-15 09:39:20,19.92,148.9,110.2,121.03,100.08,49.7,504.9,15.33,25.176,91.09,1.358,103.7,PVA-2024-0615-B,PVA-OPT-25
2024-06-15 09:39:30,19.71,149.7,109.75,120.19,99.7,49.5,489.5,14.53,24.867,90.92,1.341,98.9,PVA-2024-0615-B,PVA-OPT-25
2024-06-15 09:39:40,19.87,149.4,109.99,120.93,99.55,48.7,505.8,14.1,24.982,91.86,1.251,101.8,PVA-2024-0615-B,PVA-OPT-25
2024-06-15 09:39:50,20.11,149.8,109.12,120.77,100.25,50.2,506.9,15.17,25.06,91.08,1.331,99.3,PVA-2024-0615-B,PVA-OPT-25
2024-06-15 09:40:00,20.23,150.1,109.65,120.83,100.25,49.4,498.5,15.07,25.121,91.31,1.462,104.1,PVA-2024-0615-B,PVA-OPT-25
2024-06-15 09:40:10,19.72,150.5,109.8,120.15,99.68,50.4,487.0,14.67,24.699,91.59,1.394,98.9,PVA-2024-0615-B,PVA-OPT-25
2024-06-15 09:40:20,20.26,149.9,109.74,120.29,100.36,48.8,498.2,14.7,24.873,91.8,1.154,102.8,PVA-2024-0615-B,PVA-OPT-25
2024-06-15 09:40:30,20.41,150.5,110.08,120.71,99.75,48.0,499.7,14.71,24.964,90.94,1.472,101.3,PVA-2024-0615-B,PVA-OPT-25
2024-06-15 09:40:40,20.12,150.1,109.59,120.22,100.1,49.9,494.9,15.03,25.11,90.84,1.281,101.2,PVA-2024-0615-B,PVA-OPT-25
2024-06-15 09:40:50,20.56,148.0,110.56,119.75,100.33,49.9,497.4,14.81,25.37,91.62,1.336,96.5,PVA-2024-0615-B,PVA-OPT-25
2024-06-15 09:41:00,19.77,149.1,110.0,119.78,99.99,50.8,507.7,15.15,24.961,92.03,1.119,95.7,PVA-2024-0615-B,PVA-OPT-25
2024-06-15 09:41:10,19.63,149.9,110.0,120.12,100.18,49.8,503.3,14.14,24.791,92.12,1.273,99.9,PVA-2024-0615-B,PVA-OPT-25
2024-06-15 09:41:20,19.47,148.8,109.84,119.35,99.79,50.7,495.4,14.74,25.047,91.15,1.314,101.0,PVA-2024-0615-B,PVA-OPT-25
2024-06-15 09:41:30,20.45,150.6,110.08,119.93,99.92,48.4,492.0,14.66,25.197,92.26,1.067,97.8,PVA-2024-0615-B,PVA-OPT-25
2024-06-15 09:41:40,20.2,151.5,110.41,120.55,99.92,51.4,498.4,14.92,25.027,92.29,1.335,98.3,PVA-2024-0615-B,PVA-OPT-25
2024-06-15 09:41:50,19.98,151.2,109.57,118.9,99.7,50.7,498.9,14.84,24.842,91.54,1.396,101.5,PVA-2024-0615-B,PVA-OPT-25
2024-06-15 09:42:00,20.08,149.8,109.67,120.77,99.93,50.1,502.5,15.24,25.159,91.24,1.249,101.5,PVA-2024-0615-B,PVA-OPT-25
2024-06-15 09:42:10,19.66,151.5,109.85,120.56,99.38,48.7,497.3,14.44,25.111,91.81,1.348,99.8,PVA-2024-0615-B,PVA-OPT-25
2024-06-15 09:42:20,20.73,150.1,109.33,119.77,99.8,50.5,502.6,15.01,24.841,91.87,1.205,101.7,PVA-2024-0615-B,PVA-OPT-25
2024-06-15 09:42:30,20.04,149.7,109.59,120.27,99.89,48.5,509.7,15.17,25.063,91.85,1.342,98.0,PVA-2024-0615-B,PVA-OPT-25
2024-06-15 09:42:40,20.03,149.4,109.76,120.0,99.9,50.5,504.1,15.56,25.15,91.72,0.996,99.4,PVA-2024-0615-B,PVA-OPT-25
2024-06-15 09:42:50,20.22,149.7,110.44,120.61,99.9,49.2,499.8,14.86,25.19,92.58,1.422,103.2,PVA-2024-0615-B,PVA-OPT-25
2024-06-15 09:43:00,20.14,149.6,110.13,120.49,99.98,49.6,499.1,15.1,25.0,91.77,1.332,100.0,PVA-2024-0615-B,PVA-OPT-25
2024-06-15 09:43:10,20.07,150.2,110.1,119.3,100.19,51.3,498.2,14.46,24.932,91.42,1.181,100.3,PVA-2024-0615-B,PVA-OPT-25
2024-06-15 09:43:20,19.76,150.2,110.43,120.29,100.35,48.5,505.9,14.28,25.19,92.62,0.951,104.3,PVA-2024-0615-B,PVA-OPT-25
2024-06-15 09:43:30,20.14,150.0,109.93,119.9,99.74,49.4,496.9,15.25,24.816,91.35,1.223,97.2,PVA-2024-0615-B,PVA-OPT-25
2024-06-15 09:43:40,20.56,150.4,110.2,120.04,99.52,50.4,500.2,15.0,25.067,91.69,1.099,101.9,PVA-2024-0615-B,PVA-OPT-25
2024-06-15 09:43:50,20.4,151.2,109.95,119.64,99.58,52.4,500.3,15.35,24.787,93.43,1.157,102.8,PVA-2024-0615-B,PVA-OPT-25
2024-06-15 09:44:00,20.48,150.9,110.13,120.87,99.81,49.2,497.5,14.59,25.177,91.65,1.303,99.7,PVA-2024-0615-B,PVA-OPT-25
2024-06-15 09:44:10,19.85,148.5,109.71,120.52,99.86,50.2,493.1,15.16,24.972,91.41,1.151,102.0,PVA-2024-0615-B,PVA-OPT-25
2024-06-15 09:44:20,19.7,147.4,108.78,119.63,99.69,50.2,501.6,15.56,25.183,92.09,1.294,97.9,PVA-2024-0615-B,PVA-OPT-25
2024-06-15 09:44:30,19.96,150.9,109.93,119.33,99.48,52.5,499.7,15.13,25.06,91.86,1.302,98.8,PVA-2024-0615-B,PVA-OPT-25
2024-06-15 09:44:40,20.02,148.6,110.71,119.81,99.82,48.4,502.5,15.08,24.813,92.05,1.298,100.8,PVA-2024-0615-B,PVA-OPT-25
2024-06-15 09:44:50,20.33,149.8,110.46,120.22,100.07,49.9,497.3,15.0,25.218,91.92,1.25,101.9,PVA-2024-0615-B,PVA-OPT-25
2024-06-15 09:45:00,19.49,148.8,110.48,120.12,100.24,48.3,506.1,14.53,25.235,91.47,1.098,102.5,PVA-2024-0615-B,PVA-OPT-25
2024-06-15 09:45:10,20.46,148.2,110.62,120.63,99.78,47.0,495.6,15.41,25.145,92.82,1.242,102.8,PVA-2024-0615-B,PVA-OPT-25
2024-06-15 09:45:20,19.95,150.5,110.04,120.39,99.83,50.0,508.6,14.82,24.894,91.94,1.196,100.0,PVA-2024-0615-B,PVA-OPT-25
2024-06-15 09:45:30,19.87,150.8,110.1,120.48,99.63,49.8,491.3,15.15,24.964,92.26,1.053,102.3,PVA-2024-0615-B,PVA-OPT-25
2024-06-15 09:45:40,19.7,149.4,109.69,120.16,99.99,49.6,502.2,14.53,25.025,91.79,1.339,99.3,PVA-2024-0615-B,PVA-OPT-25
2024-06-15 09:45:50,19.5,147.4,109.84,119.31,99.66,50.4,502.4,14.65,24.881,92.55,1.381,101.6,PVA-2024-0615-B,PVA-OPT-25
2024-06-15 09:46:00,20.25,149.5,110.31,119.9,100.23,53.2,496.0,15.43,25.252,91.53,1.266,100.9,PVA-2024-0615-B,PVA-OPT-25
2024-06-15 09:46:10,20.02,150.4,110.6,120.53,99.29,49.3,502.1,14.9,25.032,91.85,1.458,101.2,PVA-2024-0615-B,PVA-OPT-25
2024-06-15 09:46:20,19.61,148.5,109.93,119.97,99.86,50.5,506.4,15.44,24.594,91.89,1.18,100.7,PVA-2024-0615-B,PVA-OPT-25
2024-06-15 09:46:30,19.61,150.2,109.77,120.25,100.12,49.1,488.9,14.98,25.056,92.0,1.109,96.5,PVA-2024-0615-B,PVA-OPT-25
2024-06-15 09:46:40,19.9,150.0,110.0,119.84,100.07,50.4,502.5,14.45,24.945,92.29,1.122,97.7,PVA-2024-0615-B,PVA-OPT-25
2024-06-15 09:46:50,20.5,150.6,110.3,119.49,101.08,50.2,487.5,15.27,24.978,91.77,1.381,100.3,PVA-2024-0615-B,PVA-OPT-25
2024-06-15 09:47:00,19.92,150.1,109.28,119.94,100.14,49.6,495.2,14.82,24.943,91.69,1.132,96.7,PVA-2024-0615-B,PVA-OPT-25
2024-06-15 09:47:10,19.55,149.0,108.85,120.15,99.6,51.7,508.1,15.21,25.124,91.53,1.324,102.0,PVA-2024-0615-B,PVA-OPT-25
2024-06-15 09:47:20,19.93,151.2,109.72,119.67,99.96,51.4,497.1,15.01,25.161,92.03,1.176,101.9,PVA-2024-0615-B,PVA-OPT-25
2024-06-15 09:47:30,19.92,149.8,109.39,119.88,99.29,50.2,494.1,14.54,25.04,91.59,1.193,100.9,PVA-2024-0615-B,PVA-OPT-25
2024-06-15 09:47:40,19.19,150.0,109.75,119.53,99.97,48.1,499.0,15.05,24.94,91.89,1.316,97.8,PVA-2024-0615-B,PVA-OPT-25
2024-06-15 09:47:50,19.98,149.1,109.93,120.56,99.67,49.2,510.3,15.66,25.005,92.32,1.106,102.4,PVA-2024-0615-B,PVA-OPT-25
2024-06-15 09:48:00,19.93,149.6,109.77,119.85,100.37,52.8,490.8,15.15,25.0,91.47,1.152,104.0,PVA-2024-0615-B,PVA-OPT-25
2024-06-15 09:48:10,20.21,149.1,110.73,120.73,99.78,49.2,494.7,14.98,24.894,91.32,1.356,100.6,PVA-2024-0615-B,PVA-OPT-25
2024-06-15 09:48:20,20.55,149.8,110.16,120.76,99.95,50.5,507.5,15.32,25.102,92.11,1.358,101.0,PVA-2024-0615-B,PVA-OPT-25
2024-06-15 09:48:30,20.34,151.7,110.15,119.96,99.75,51.5,509.3,15.06,25.068,91.67,1.285,100.5,PVA-2024-0615-B,PVA-OPT-25
2024-06-15 09:48:40,19.92,148.6,110.31,119.5,100.7,50.6,499.5,15.06,25.221,92.39,1.122,101.0,PVA-2024-0615-B,PVA-OPT-25
2024-06-15 09:48:50,19.67,148.4,109.43,118.96,99.87,50.0,493.8,14.67,25.167,92.52,1.108,99.5,PVA-2024-0615-B,PVA-OPT-25
2024-06-15 09:49:00,20.77,151.5,110.52,119.26,100.73,48.2,510.5,15.07,24.882,92.24,1.203,99.9,PVA-2024-0615-B,PVA-OPT-25
2024-06-15 09:49:10,20.02,149.8,109.96,119.31,100.33,51.2,508.0,15.31,25.109,92.48,1.244,101.9,PVA-2024-0615-B,PVA-OPT-25
2024-06-15 09:49:20,20.0,149.3,110.34,120.69,100.19,48.6,503.4,14.75,24.871,92.12,1.075,104.5,PVA-2024-0615-B,PVA-OPT-25
2024-06-15 09:49:30,19.99,151.0,109.46,120.06,100.15,50.1,495.9,15.43,25.106,92.25,1.263,97.1,PVA-2024-0615-B,PVA-OPT-25
2024-06-15 09:49:40,20.06,149.4,109.22,120.19,100.16,48.6,499.8,14.97,24.926,92.04,1.171,99.6,PVA-2024-0615-B,PVA-OPT-25
2024-06-15 09:49:50,19.96,151.8,110.41,118.89,99.23,50.6,499.2,14.73,24.824,92.48,1.073,97.9,PVA-2024-0615-B,PVA-OPT-25
2024-06-15 09:50:00,19.83,150.7,110.19,119.4,99.89,50.5,501.7,15.3,25.03,92.66,1.095,103.1,PVA-2024-0615-B,PVA-OPT-25
2024-06-15 09:50:10,19.84,149.5,109.55,120.44,100.34,49.9,507.3,14.91,24.608,91.68,1.208,99.2,PVA-2024-0615-B,PVA-OPT-25
2024-06-15 09:50:20,19.99,152.2,109.57,120.14,99.98,48.8,504.4,15.23,24.74,91.77,1.254,97.5,PVA-2024-0615-B,PVA-OPT-25
2024-06-15 09:50:30,19.84,149.4,110.56,119.93,99.44,51.3,494.6,14.91,24.972,92.43,1.386,101.3,PVA-2024-0615-B,PVA-OPT-25
2024-06-15 09:50:40,19.79,150.7,109.41,120.28,99.98,49.2,506.9,14.98,25.018,92.18,1.183,103.2,PVA-2024-0615-B,PVA-OPT-25
2024-06-15 09:50:50,20.03,150.3,110.82,120.82,100.68,47.7,501.6,15.15,24.961,92.27,1.032,100.8,PVA-2024-0615-B,PVA-OPT-25
2024-06-15 09:51:00,19.92,151.3,109.55,119.89,100.5,50.0,503.4,15.09,24.761,92.59,1.163,100.0,PVA-2024-0615-B,PVA-OPT-25
2024-06-15 09:51:10,20.45,151.6,110.32,120.03,99.98,50.0,507.3,14.4,24.878,92.33,1.11,100.5,PVA-2024-0615-B,PVA-OPT-25
2024-06-15 09:51:20,19.2,150.0,109.84,120.1,100.38,50.1,494.4,14.66,25.061,91.74,1.288,103.2,PVA-2024-0615-B,PVA-OPT-25
2024-06-15 09:51:30,20.33,149.2,110.3,121.2,99.85,50.4,499.8,15.28,25.111,91.72,1.263,98.3,PVA-2024-0615-B,PVA-OPT-25
2024-06-15 09:51:40,20.37,150.5,109.73,118.95,99.32,50.6,497.3,14.96,24.977,91.4,1.337,99.9,PVA-2024-0615-B,PVA-OPT-25
2024-06-15 09:51:50,19.38,149.3,109.92,120.34,99.63,49.6,492.2,14.84,25.18,92.57,1.109,98.5,PVA-2024-0615-B,PVA-OPT-25
2024-06-15 09:52:00,19.9,152.0,110.02,119.94,100.63,48.9,501.7,14.59,25.058,92.54,1.316,97.4,PVA-2024-0615-B,PVA-OPT-25
2024-06-15 09:52:10,19.89,150.1,109.5,120.28,99.89,50.6,512.6,14.68,24.894,91.73,1.326,99.6,PVA-2024-0615-B,PVA-OPT-25
2024-06-15 09:52:20,19.58,149.6,110.37,119.67,99.9,50.4,490.8,14.39,24.951,92.37,1.141,102.3,PVA-2024-0615-B,PVA-OPT-25
2024-06-15 09:52:30,19.77,150.2,109.74,119.98,99.88,49.6,499.8,14.97,24.789,91.82,1.415,101.1,PVA-2024-0615-B,PVA-OPT-25
2024-06-15 09:52:40,19.67,148.7,109.89,120.36,100.76,47.8,503.2,14.82,24.991,91.56,1.255,101.4,PVA-2024-0615-B,PVA-OPT-25
2024-06-15 09:52:50,20.53,149.0,109.5,121.56,100.65,50.2,500.6,14.71,25.198,91.61,1.182,100.7,PVA-2024-0615-B,PVA-OPT-25
2024-06-15 09:53:00,20.28,151.2,108.72,120.4,100.89,48.4,499.4,14.98,25.111,92.02,1.356,101.0,PVA-2024-0615-B,PVA-OPT-25
2024-06-15 09:53:10,20.38,149.3,109.9,119.58,99.94,49.7,493.5,15.11,25.202,92.22,1.411,98.4,PVA-2024-0615-B,PVA-OPT-25
2024-06-15 09:53:20,20.22,149.0,111.21,119.79,100.12,50.5,501.2,15.63,24.95,91.72,1.204,99.4,PVA-2024-0615-B,PVA-OPT-25
2024-06-15 09:53:30,19.66,150.5,110.39,119.77,99.39,49.0,496.2,14.55,25.197,91.87,1.245,101.0,PVA-2024-0615-B,PVA-OPT-25
2024-06-15 09:53:40,19.84,151.2,109.99,119.1,100.59,49.2,489.1,15.35,24.953,93.06,1.099,100.0,PVA-2024-0615-B,PVA-OPT-25
2024-06-15 09:53:50,20.15,150.7,109.87,119.83,99.53,48.0,506.0,15.29,25.217,91.83,1.299,100.8,PVA-2024-0615-B,PVA-OPT-25
2024-06-15 09:54:00,19.63,151.0,110.01,120.37,100.09,50.4,504.8,14.77,25.004,92.4,1.323,99.7,PVA-2024-0615-B,PVA-OPT-25
2024-06-15 09:54:10,20.21,149.2,110.27,119.36,99.56,50.0,500.3,15.06,25.093,91.56,1.28,99.4,PVA-2024-0615-B,PVA-OPT-25
2024-06-15 09:54:20,19.93,148.6,109.41,120.52,99.76,52.5,501.1,14.86,25.232,92.47,1.184,106.2,PVA-2024-0615-B,PVA-OPT-25
2024-06-15 09:54:30,19.89,151.5,110.56,120.24,99.67,48.8,505.4,15.06,24.976,92.33,1.348,101.8,PVA-2024-0615-B,PVA-OPT-25
2024-06-15 09:54:40,20.21,149.7,110.36,119.63,99.76,49.4,501.1,15.45,25.025,92.1,1.197,101.0,PVA-2024-0615-B,PVA-OPT-25
2024-06-15 09:54:50,20.13,149.7,110.36,119.93,99.78,49.5,504.5,15.18,25.192,91.29,1.428,100.3,PVA-2024-0615-B,PVA-OPT-25
2024-06-15 09:55:00,19.89,151.3,110.22,120.8,99.78,49.6,498.5,15.15,24.996,90.93,1.204,99.3,PVA-2024-0615-B,PVA-OPT-25
2024-06-15 09:55:10,20.35,150.6,110.01,120.37,100.33,49.2,506.6,14.87,24.809,92.0,1.209,99.5,PVA-2024-0615-B,PVA-OPT-25
2024-06-15 09:55:20,19.68,150.5,110.34,120.0,99.56,50.6,501.6,14.55,25.322,91.91,1.172,100.5,PVA-2024-0615-B,PVA-OPT-25
2024-06-15 09:55:30,20.18,152.2,110.3,119.88,100.09,49.1,501.0,14.94,24.927,91.81,1.176,96.1,PVA-2024-0615-B,PVA-OPT-25
2024-06-15 09:55:40,20.18,149.4,109.82,120.04,100.49,48.6,493.6,15.36,25.025,92.44,1.09,96.4,PVA-2024-0615-B,PVA-OPT-25
2024-06-15 09:55:50,19.91,150.9,109.71,119.74,99.79,48.4,501.4,14.54,25.168,91.95,,98.6,PVA-2024-0615-B,PVA-OPT-25
2024-06-15 09:56:00,20.1,150.1,110.05,118.95,99.71,48.6,495.8,14.68,24.888,91.59,1.156,100.6,PVA-2024-0615-B,PVA-OPT-25
2024-06-15 09:56:10,19.62,150.3,110.77,121.02,99.91,48.7,496.8,15.04,24.869,91.97,1.075,99.2,PVA-2024-0615-B,PVA-OPT-25
2024-06-15 09:56:20,20.28,151.5,109.38,120.08,100.47,49.6,495.9,14.7,25.04,91.55,1.454,103.2,PVA-2024-0615-B,PVA-OPT-25
2024-06-15 09:56:30,19.94,150.5,109.27,120.2,100.08,49.2,494.7,14.76,24.735,92.23,1.317,97.2,PVA-2024-0615-B,PVA-OPT-25
2024-06-15 09:56:40,19.84,150.5,110.08,119.97,99.79,51.3,510.6,14.87,24.956,91.97,0.932,98.3,PVA-2024-0615-B,PVA-OPT-25
2024-06-15 09:56:50,20.31,151.1,110.03,119.63,100.19,51.5,506.7,14.59,25.029,91.88,1.138,103.0,PVA-2024-0615-B,PVA-OPT-25
2024-06-15 09:57:00,19.79,149.6,110.09,119.91,99.56,49.7,509.6,14.71,24.958,91.5,1.083,100.7,PVA-2024-0615-B,PVA-OPT-25
2024-06-15 09:57:10,19.58,149.2,110.12,119.2,100.27,48.8,493.9,15.21,24.752,91.94,1.134,102.0,PVA-2024-0615-B,PVA-OPT-25
2024-06-15 09:57:20,19.53,149.0,109.89,121.14,100.16,48.5,500.4,14.61,25.262,92.13,0.886,104.1,PVA-2024-0615-B,PVA-OPT-25
2024-06-15 09:57:30,20.18,148.0,110.74,119.38,99.88,49.9,493.5,14.52,25.003,91.14,1.177,98.6,PVA-2024-0615-B,PVA-OPT-25
2024-06-15 09:57:40,19.62,152.1,109.2,119.48,99.66,49.8,496.5,14.81,25.204,92.29,1.089,99.8,PVA-2024-0615-B,PVA-OPT-25
2024-06-15 09:57:50,20.53,148.9,109.59,119.78,99.65,49.5,495.4,15.22,24.957,92.55,1.186,99.3,PVA-2024-0615-B,PVA-OPT-25
2024-06-15 09:58:00,19.38,149.8,109.95,120.64,100.21,48.8,506.2,14.94,24.881,92.16,0.953,95.6,PVA-2024-0615-B,PVA-OPT-25
2024-06-15 09:58:10,20.51,149.7,109.18,120.01,100.49,49.6,498.0,14.86,25.041,91.25,1.29,99.9,PVA-2024-0615-B,PVA-OPT-25
2024-06-15 09:58:20,20.06,150.3,109.91,119.38,99.75,49.9,505.3,15.01,24.955,91.83,1.165,101.8,PVA-2024-0615-B,PVA-OPT-25
2024-06-15 09:58:30,19.97,150.8,110.83,120.63,100.18,49.7,503.0,14.48,24.836,91.68,1.366,101.2,PVA-2024-0615-B,PVA-OPT-25
2024-06-15 09:58:40,19.84,150.9,110.01,120.37,99.17,50.1,511.5,15.15,25.228,92.08,1.339,101.2,PVA-2024-0615-B,PVA-OPT-25
2024-06-15 09:58:50,20.12,149.4,110.12,120.27,99.77,48.9,492.6,15.12,24.912,91.58,1.249,99.1,PVA-2024-0615-B,PVA-OPT-25
2024-06-15 09:59:00,19.99,149.8,109.37,120.36,99.99,51.0,506.3,14.88,24.731,91.71,1.16,98.6,PVA-2024-0615-B,PVA-OPT-25
2024-06-15 09:59:10,20.33,150.3,109.69,121.2,99.64,48.1,505.7,15.3,25.223,92.82,1.335,102.1,PVA-2024-0615-B,PVA-OPT-25
2024-06-15 09:59:20,20.03,149.8,109.81,121.09,99.63,47.5,495.1,14.66,24.946,91.21,1.136,99.6,PVA-2024-0615-B,PVA-OPT-25
2024-06-15 09:59:30,20.05,151.6,109.84,119.66,99.73,50.7,505.0,15.34,24.902,92.65,1.01,100.3,PVA-2024-0615-B,PVA-OPT-25
2024-06-15 09:59:40,19.89,150.5,110.64,120.81,100.12,48.5,501.7,15.05,24.751,92.34,1.15,100.1,PVA-2024-0615-B,PVA-OPT-25
2024-06-15 09:59:50,19.98,150.7,110.28,120.19,99.93,50.2,498.9,14.9,25.265,91.56,1.408,102.8,PVA-2024-0615-B,PVA-OPT-25
