media_fill,sep_speed,moisture,助磨剂,batch,fineness,specific_energy
24.0,900.0,2.5,低,B1,37.2805,42.9839
24.0,900.0,2.5,高,B1,38.1824,42.1765
24.0,900.0,4.5,低,B1,37.3813,43.5697
24.0,900.0,4.5,高,B1,38.7862,41.7966
24.0,1000.0,2.5,低,B1,35.55,44.5734
24.0,1000.0,2.5,高,B1,35.6484,43.4196
24.0,1000.0,4.5,低,B1,34.9313,45.2528
24.0,1000.0,4.5,高,B1,36.6853,43.5812
32.0,900.0,2.5,低,B1,39.2657,40.4388
32.0,900.0,2.5,高,B1,40.3221,39.1635
32.0,900.0,4.5,低,B1,39.3777,40.1571
32.0,900.0,4.5,高,B1,40.0733,38.865
32.0,1000.0,2.5,低,B1,38.6476,41.5122
32.0,1000.0,2.5,高,B1,39.1652,40.2569
32.0,1000.0,4.5,低,B1,38.056,42.0058
32.0,1000.0,4.5,高,B1,39.5604,40.4488
24.0,900.0,2.5,低,B1,37.9267,42.9358
24.0,900.0,2.5,高,B1,38.7517,42.7574
24.0,900.0,4.5,低,B1,37.4334,43.7808
24.0,900.0,4.5,高,B1,38.4762,41.7985
24.0,1000.0,2.5,低,B1,35.0295,45.0942
24.0,1000.0,2.5,高,B1,35.9343,44.4053
24.0,1000.0,4.5,低,B1,35.1995,45.5567
24.0,1000.0,4.5,高,B1,35.9246,43.4385
32.0,900.0,2.5,低,B1,39.1739,39.8818
32.0,900.0,2.5,高,B1,39.9311,39.5134
32.0,900.0,4.5,低,B1,39.253,39.7248
32.0,900.0,4.5,高,B1,40.569,38.8158
32.0,1000.0,2.5,低,B1,38.6405,41.9063
32.0,1000.0,2.5,高,B1,39.2161,40.34
32.0,1000.0,4.5,低,B1,38.3295,42.0652
32.0,1000.0,4.5,高,B1,39.4305,41.1365
24.0,900.0,2.5,低,B2,37.2734,43.2161
24.0,900.0,2.5,高,B2,38.7427,42.9845
24.0,900.0,4.5,低,B2,38.0349,43.3814
24.0,900.0,4.5,高,B2,39.0171,41.916
24.0,1000.0,2.5,低,B2,35.5648,45.6686
24.0,1000.0,2.5,高,B2,36.3758,44.1796
24.0,1000.0,4.5,低,B2,35.3744,45.1348
24.0,1000.0,4.5,高,B2,36.4688,43.9971
32.0,900.0,2.5,低,B2,39.1306,40.4227
32.0,900.0,2.5,高,B2,40.2516,39.439
32.0,900.0,4.5,低,B2,39.546,39.94
32.0,900.0,4.5,高,B2,40.6809,39.743
32.0,1000.0,2.5,低,B2,38.9525,42.4044
32.0,1000.0,2.5,高,B2,39.5849,41.4489
32.0,1000.0,4.5,低,B2,38.7175,42.6383
32.0,1000.0,4.5,高,B2,39.4177,41.4052
24.0,900.0,2.5,低,B2,37.9071,43.3417
24.0,900.0,2.5,高,B2,39.667,42.2492
24.0,900.0,4.5,低,B2,37.7996,43.2234
24.0,900.0,4.5,高,B2,38.8644,41.767
24.0,1000.0,2.5,低,B2,35.5619,45.545
24.0,1000.0,2.5,高,B2,36.6796,44.6808
24.0,1000.0,4.5,低,B2,35.4088,45.3896
24.0,1000.0,4.5,高,B2,36.2481,43.8887
32.0,900.0,2.5,低,B2,39.429,40.3495
32.0,900.0,2.5,高,B2,40.0582,38.7225
32.0,900.0,4.5,低,B2,39.2151,39.9555
32.0,900.0,4.5,高,B2,40.3629,39.6365
32.0,1000.0,2.5,低,B2,38.4167,42.3723
32.0,1000.0,2.5,高,B2,39.8435,40.638
32.0,1000.0,4.5,低,B2,38.6489,42.5434
32.0,1000.0,4.5,高,B2,39.4676,40.6049
28.0,950.0,3.5,低,B1,38.5991,41.503
28.0,950.0,3.5,低,B2,37.8568,42.4321
28.0,950.0,3.5,低,B1,37.8203,42.0194
28.0,950.0,3.5,低,B2,38.2546,42.0213
