t,temp,press,rate
2026-01-07T07:49:00Z,85.1978,0.59947,119.975
2026-01-07T07:50:00Z,85.2176,0.60034,120.036
2026-01-07T07:51:00Z,85.1925,0.59981,119.953
2026-01-07T07:52:00Z,85.235,0.60066,120.05
2026-01-07T07:53:00Z,85.1857,0.59944,119.963
2026-01-07T07:54:00Z,85.2368,0.6007,120.02
2026-01-07T07:55:00Z,85.2067,0.60001,119.969
2026-01-07T07:56:00Z,85.2292,0.6002,120.04
2026-01-07T07:57:00Z,85.1978,0.59947,120.007
2026-01-07T07:58:00Z,85.2369,0.60045,120.034
2026-01-07T07:59:00Z,85.1982,0.5997,119.954
2026-01-07T08:00:00Z,85.2356,0.60039,120.032
2026-01-07T08:01:00Z,85.2041,0.59992,119.971
2026-01-07T08:02:00Z,85.2392,0.60076,120.04
2026-01-07T08:03:00Z,85.1903,0.59973,119.985
2026-01-07T08:04:00Z,85.2246,0.6004,120.016
2026-01-07T08:05:00Z,85.2041,0.59978,119.996
2026-01-07T08:06:00Z,85.2327,0.60051,120.022
2026-01-07T08:07:00Z,85.2074,0.59967,119.976
2026-01-07T08:08:00Z,85.2445,0.60076,120.006
2026-01-07T08:09:00Z,85.2019,0.59965,119.958
2026-01-07T08:10:00Z,85.2474,0.60063,120.001
2026-01-07T08:11:00Z,85.202,0.59985,119.975
2026-01-07T08:12:00Z,85.2243,0.60046,120.011
2026-01-07T08:13:00Z,85.2114,0.59975,119.997
2026-01-07T08:14:00Z,85.2328,0.60042,120.041
2026-01-07T08:15:00Z,85.2181,0.59965,119.983
2026-01-07T08:16:00Z,85.234,0.60026,120.03
2026-01-07T08:17:00Z,85.2024,0.60022,119.943
2026-01-07T08:18:00Z,85.2499,0.60025,120.045
2026-01-07T08:19:00Z,85.2119,0.5996,119.983
2026-01-07T08:20:00Z,85.2421,0.60075,120.024
2026-01-07T08:21:00Z,85.2037,0.59973,119.983
2026-01-07T08:22:00Z,85.2457,0.60032,120.03
2026-01-07T08:23:00Z,85.2061,0.60005,119.996
2026-01-07T08:24:00Z,85.2502,0.60026,120.046
2026-01-07T08:25:00Z,85.2159,0.59926,119.989
2026-01-07T08:26:00Z,85.2454,0.60062,120.048
2026-01-07T08:27:00Z,85.2055,0.5995,119.958
2026-01-07T08:28:00Z,85.2547,0.60052,120.042
2026-01-07T08:29:00Z,85.2262,0.59965,119.945
2026-01-07T08:30:00Z,85.2561,0.60049,120.022
2026-01-07T08:31:00Z,85.2095,0.59979,119.991
2026-01-07T08:32:00Z,85.2458,0.60065,120.037
2026-01-07T08:33:00Z,85.2125,0.59933,119.963
2026-01-07T08:34:00Z,85.264,0.60045,120.034
2026-01-07T08:35:00Z,85.2246,0.59962,119.971
2026-01-07T08:36:00Z,85.2368,0.60071,120.032
2026-01-07T08:37:00Z,85.2141,0.59936,119.987
2026-01-07T08:38:00Z,85.2585,0.60027,120.012
2026-01-07T08:39:00Z,85.2244,0.59919,119.967
2026-01-07T08:40:00Z,85.2579,0.60054,120.024
2026-01-07T08:41:00Z,85.2305,0.59962,119.96
2026-01-07T08:42:00Z,85.249,0.60044,120.028
2026-01-07T08:43:00Z,85.2242,0.59936,119.95
2026-01-07T08:44:00Z,85.2609,0.60006,120.018
2026-01-07T08:45:00Z,85.2306,0.59927,119.954
2026-01-07T08:46:00Z,85.2658,0.60047,120.03
2026-01-07T08:47:00Z,85.222,0.59993,119.971
2026-01-07T08:48:00Z,85.2599,0.60048,120.033
2026-01-07T08:49:00Z,85.2416,0.59917,119.975
2026-01-07T08:50:00Z,85.265,0.60034,120.035
2026-01-07T08:51:00Z,85.2277,0.59931,119.982
2026-01-07T08:52:00Z,85.2641,0.60039,120.06
2026-01-07T08:53:00Z,85.2519,0.5996,119.96
2026-01-07T08:54:00Z,85.26,0.60039,120.025
2026-01-07T08:55:00Z,85.2251,0.59973,119.97
2026-01-07T08:56:00Z,85.2643,0.6002,120.027
2026-01-07T08:57:00Z,85.229,0.59954,119.967
2026-01-07T08:58:00Z,85.2568,0.60044,120.018
2026-01-07T08:59:00Z,85.2389,0.59959,119.965
2026-01-07T09:00:00Z,85.276,0.60047,120.019
2026-01-07T09:01:00Z,85.2404,0.59913,119.977
2026-01-07T09:02:00Z,85.2682,0.60031,120.033
2026-01-07T09:03:00Z,85.2313,0.59949,119.956
2026-01-07T09:04:00Z,85.2808,0.6002,120.023
2026-01-07T09:05:00Z,85.2374,0.59934,119.976
2026-01-07T09:06:00Z,85.2714,0.60024,120.03
2026-01-07T09:07:00Z,85.2429,0.59933,119.954
2026-01-07T09:08:00Z,85.2702,0.60064,120.009
2026-01-07T09:09:00Z,85.2433,0.59995,119.975
2026-01-07T09:10:00Z,85.2734,0.60042,120.05
2026-01-07T09:11:00Z,85.2506,0.59971,119.966
2026-01-07T09:12:00Z,85.2835,0.60032,120.037
2026-01-07T09:13:00Z,85.2367,0.59949,119.971
2026-01-07T09:14:00Z,85.2772,0.6005,120.02
2026-01-07T09:15:00Z,85.2463,0.59939,119.959
2026-01-07T09:16:00Z,85.276,0.60069,120.02
2026-01-07T09:17:00Z,85.2488,0.59961,119.983
2026-01-07T09:18:00Z,85.2691,0.60058,120.006
2026-01-07T09:19:00Z,85.2446,0.59959,119.966
2026-01-07T09:20:00Z,85.2876,0.60007,120.037
2026-01-07T09:21:00Z,85.2403,0.59937,119.975
2026-01-07T09:22:00Z,85.2608,0.60047,120.035
2026-01-07T09:23:00Z,85.2456,0.59926,119.98
2026-01-07T09:24:00Z,85.2841,0.60031,120.038
2026-01-07T09:25:00Z,85.2645,0.59933,119.98
2026-01-07T09:26:00Z,85.2833,0.60043,120.013
2026-01-07T09:27:00Z,85.25,0.5995,119.965
2026-01-07T09:28:00Z,85.2815,0.59989,120.04
2026-01-07T09:29:00Z,85.2533,0.60002,119.989
2026-01-07T09:30:00Z,85.2838,0.60063,120.029
2026-01-07T09:31:00Z,85.2465,0.59934,119.993
2026-01-07T09:32:00Z,85.2885,0.60016,120.024
2026-01-07T09:33:00Z,85.2538,0.59959,119.955
2026-01-07T09:34:00Z,85.2903,0.60034,120.026
2026-01-07T09:35:00Z,85.2645,0.60004,119.97
2026-01-07T09:36:00Z,85.2884,0.60043,120.045
2026-01-07T09:37:00Z,85.2532,0.59954,119.984
2026-01-07T09:38:00Z,85.2821,0.60016,120.057
2026-01-07T09:39:00Z,85.2537,0.59976,119.973
2026-01-07T09:40:00Z,85.2976,0.6008,120.036
2026-01-07T09:41:00Z,85.2646,0.59964,119.968
2026-01-07T09:42:00Z,85.3002,0.60048,120.035
2026-01-07T09:43:00Z,85.2617,0.59961,119.975
2026-01-07T09:44:00Z,85.2978,0.60065,120.013
2026-01-07T09:45:00Z,85.2632,0.59963,119.986
2026-01-07T09:46:00Z,85.2967,0.60012,120.056
2026-01-07T09:47:00Z,85.2709,0.59947,119.946
2026-01-07T09:48:00Z,85.3085,0.60083,120.013
2026-01-07T09:49:00Z,85.263,0.59944,119.972
2026-01-07T09:50:00Z,85.2962,0.60017,120.006
2026-01-07T09:51:00Z,85.2826,0.59955,119.966
2026-01-07T09:52:00Z,85.3012,0.60012,120.044
2026-01-07T09:53:00Z,85.2679,0.59941,119.958
2026-01-07T09:54:00Z,85.3028,0.60068,120.049
2026-01-07T09:55:00Z,85.2689,0.59925,119.984
2026-01-07T09:56:00Z,85.3248,0.60077,120.019
2026-01-07T09:57:00Z,85.2618,0.59966,120.0
2026-01-07T09:58:00Z,85.2929,0.60019,120.01
2026-01-07T09:59:00Z,85.2791,0.59953,119.983
2026-01-07T10:00:00Z,85.289,0.60013,120.034
2026-01-07T10:01:00Z,85.2688,0.5995,119.957
2026-01-07T10:02:00Z,85.2986,0.60033,120.024
2026-01-07T10:03:00Z,85.2825,0.59923,119.968
2026-01-07T10:04:00Z,85.3044,0.6,120.055
2026-01-07T10:05:00Z,85.2691,0.59978,119.977
2026-01-07T10:06:00Z,85.3119,0.60007,119.998
2026-01-07T10:07:00Z,85.2759,0.59946,120.002
2026-01-07T10:08:00Z,85.3085,0.60023,120.02
2026-01-07T10:09:00Z,85.2898,0.5999,119.962
2026-01-07T10:10:00Z,85.3175,0.60018,120.003
2026-01-07T10:11:00Z,85.2813,0.59977,119.945
2026-01-07T10:12:00Z,85.3006,0.60041,120.069
2026-01-07T10:13:00Z,85.2844,0.59932,119.98
2026-01-07T10:14:00Z,85.3217,0.60009,120.017
2026-01-07T10:15:00Z,85.2735,0.59981,119.975
2026-01-07T10:16:00Z,85.314,0.60017,120.022
2026-01-07T10:17:00Z,85.2834,0.59933,120.002
2026-01-07T10:18:00Z,85.3101,0.60047,120.017
2026-01-07T10:19:00Z,85.2757,0.59952,119.989
2026-01-07T10:20:00Z,85.3211,0.60053,120.056
2026-01-07T10:21:00Z,85.2632,0.59971,119.983
2026-01-07T10:22:00Z,85.3349,0.60033,120.049
2026-01-07T10:23:00Z,85.284,0.59976,119.97
2026-01-07T10:24:00Z,85.327,0.60022,120.002
2026-01-07T10:25:00Z,85.3051,0.59975,119.977
2026-01-07T10:26:00Z,85.314,0.60016,120.005
2026-01-07T10:27:00Z,85.2815,0.59949,119.959
2026-01-07T10:28:00Z,85.3271,0.60039,120.009
2026-01-07T10:29:00Z,85.3096,0.59966,120.005
2026-01-07T10:30:00Z,85.3271,0.60017,120.012
2026-01-07T10:31:00Z,85.2741,0.5997,119.951
2026-01-07T10:32:00Z,85.3187,0.60049,120.015
2026-01-07T10:33:00Z,85.3036,0.59931,119.967
2026-01-07T10:34:00Z,85.3246,0.60014,120.072
2026-01-07T10:35:00Z,85.3043,0.60023,119.954
2026-01-07T10:36:00Z,85.325,0.60045,120.024
2026-01-07T10:37:00Z,85.2764,0.59967,119.947
2026-01-07T10:38:00Z,85.3184,0.60072,120.022
2026-01-07T10:39:00Z,85.2985,0.59966,119.936
2026-01-07T10:40:00Z,85.3225,0.60023,120.04
2026-01-07T10:41:00Z,85.2978,0.59959,119.983
2026-01-07T10:42:00Z,85.3404,0.60059,120.018
2026-01-07T10:43:00Z,85.2991,0.59982,119.973
2026-01-07T10:44:00Z,85.3399,0.60079,120.012
2026-01-07T10:45:00Z,85.3117,0.59967,119.972
2026-01-07T10:46:00Z,85.3448,0.6001,120.006
2026-01-07T10:47:00Z,85.2978,0.59941,119.945
2026-01-07T10:48:00Z,85.3304,0.60052,120.048
2026-01-07T10:49:00Z,85.2994,0.59978,119.988
2026-01-07T10:50:00Z,85.323,0.6005,120.05
2026-01-07T10:51:00Z,85.3099,0.59966,119.967
2026-01-07T10:52:00Z,85.3315,0.60027,120.045
2026-01-07T10:53:00Z,85.2859,0.59978,119.976
2026-01-07T10:54:00Z,85.3313,0.60022,120.03
2026-01-07T10:55:00Z,85.3179,0.60001,119.951
2026-01-07T10:56:00Z,85.3346,0.6003,120.03
2026-01-07T10:57:00Z,85.2979,0.59977,119.98
2026-01-07T10:58:00Z,85.3346,0.60035,120.045
2026-01-07T10:59:00Z,85.3028,0.59958,119.978
2026-01-07T11:00:00Z,85.337,0.60064,120.021
2026-01-07T11:01:00Z,85.3059,0.59958,119.977
2026-01-07T11:02:00Z,85.3494,0.60008,119.997
2026-01-07T11:03:00Z,85.3185,0.59959,119.979
2026-01-07T11:04:00Z,85.3415,0.6004,120.038
2026-01-07T11:05:00Z,85.3154,0.59945,119.99
2026-01-07T11:06:00Z,85.3352,0.60013,120.024
2026-01-07T11:07:00Z,85.3039,0.59935,119.971
2026-01-07T11:08:00Z,85.3369,0.60034,120.06
2026-01-07T11:09:00Z,85.3044,0.59946,119.971
2026-01-07T11:10:00Z,85.3475,0.60026,120.038
2026-01-07T11:11:00Z,85.3124,0.59937,119.959
2026-01-07T11:12:00Z,85.3463,0.60026,120.015
2026-01-07T11:13:00Z,85.3099,0.5996,119.987
2026-01-07T11:14:00Z,85.3516,0.60054,120.027
2026-01-07T11:15:00Z,85.3195,0.59974,119.992
2026-01-07T11:16:00Z,85.3467,0.60009,120.021
2026-01-07T11:17:00Z,85.3262,0.59949,119.975
2026-01-07T11:18:00Z,85.3388,0.60037,120.03
2026-01-07T11:19:00Z,85.3184,0.5996,119.975
2026-01-07T11:20:00Z,85.3429,0.59995,120.043
2026-01-07T11:21:00Z,85.3249,0.5997,119.983
2026-01-07T11:22:00Z,85.3484,0.60078,120.025
2026-01-07T11:23:00Z,85.3285,0.59937,119.973
2026-01-07T11:24:00Z,85.3672,0.60003,120.006
2026-01-07T11:25:00Z,85.3322,0.60007,119.965
2026-01-07T11:26:00Z,85.3507,0.60025,120.02
2026-01-07T11:27:00Z,85.3237,0.59941,119.981
2026-01-07T11:28:00Z,85.3637,0.60025,120.013
2026-01-07T11:29:00Z,85.3339,0.59991,119.98
2026-01-07T11:30:00Z,85.3506,0.60001,120.05
2026-01-07T11:31:00Z,85.3083,0.59941,119.965
2026-01-07T11:32:00Z,85.3591,0.60061,120.026
2026-01-07T11:33:00Z,85.3282,0.59983,119.957
2026-01-07T11:34:00Z,85.3494,0.60022,120.04
2026-01-07T11:35:00Z,85.3319,0.59949,119.978
2026-01-07T11:36:00Z,85.3579,0.6003,120.033
2026-01-07T11:37:00Z,85.3323,0.59939,119.992
2026-01-07T11:38:00Z,85.3664,0.60069,120.033
2026-01-07T11:39:00Z,85.3303,0.60014,119.966
2026-01-07T11:40:00Z,85.3636,0.60069,119.997
2026-01-07T11:41:00Z,85.3349,0.59991,119.966
2026-01-07T11:42:00Z,85.3631,0.60017,120.038
2026-01-07T11:43:00Z,85.3301,0.59973,119.968
2026-01-07T11:44:00Z,85.3582,0.6004,120.0
2026-01-07T11:45:00Z,85.3233,0.59971,119.962
2026-01-07T11:46:00Z,85.3684,0.60036,120.036
2026-01-07T11:47:00Z,85.3417,0.59994,119.969
2026-01-07T11:48:00Z,85.3658,0.60015,120.054
2026-01-07T11:49:00Z,85.3508,0.59958,119.96
2026-01-07T11:50:00Z,85.3735,0.60014,120.013
2026-01-07T11:51:00Z,85.3391,0.59969,119.99
2026-01-07T11:52:00Z,85.3708,0.60046,120.02
2026-01-07T11:53:00Z,85.3469,0.59952,119.972
2026-01-07T11:54:00Z,85.3792,0.60023,120.037
2026-01-07T11:55:00Z,85.3439,0.60001,119.969
2026-01-07T11:56:00Z,85.3778,0.6003,120.025
2026-01-07T11:57:00Z,85.3262,0.59972,119.959
2026-01-07T11:58:00Z,85.3704,0.60045,120.027
2026-01-07T11:59:00Z,85.3495,0.59948,119.963
2026-01-07T12:00:00Z,85.3763,0.60029,120.035
2026-01-07T12:01:00Z,85.3536,0.60005,119.989
2026-01-07T12:02:00Z,85.379,0.60047,120.037
2026-01-07T12:03:00Z,85.3518,0.59951,119.994
2026-01-07T12:04:00Z,85.3724,0.60052,120.021
2026-01-07T12:05:00Z,85.3344,0.59965,120.003
2026-01-07T12:06:00Z,85.3877,0.60055,120.038
2026-01-07T12:07:00Z,85.3579,0.59977,119.941
2026-01-07T12:08:00Z,85.3937,0.60021,120.015
2026-01-07T12:09:00Z,85.3588,0.59979,119.959
2026-01-07T12:10:00Z,85.3762,0.60042,120.04
2026-01-07T12:11:00Z,85.3549,0.5998,119.951
2026-01-07T12:12:00Z,85.3801,0.60045,120.033
2026-01-07T12:13:00Z,85.3486,0.59936,119.969
2026-01-07T12:14:00Z,85.3977,0.6002,120.036
2026-01-07T12:15:00Z,85.3702,0.59956,119.976
2026-01-07T12:16:00Z,85.3883,0.60039,120.026
2026-01-07T12:17:00Z,85.3609,0.59941,119.969
2026-01-07T12:18:00Z,85.3712,0.60051,120.028
2026-01-07T12:19:00Z,85.3552,0.59959,119.947
2026-01-07T12:20:00Z,85.3881,0.60064,120.027
2026-01-07T12:21:00Z,85.3502,0.59943,119.967
2026-01-07T12:22:00Z,85.3755,0.60036,120.021
2026-01-07T12:23:00Z,85.3666,0.59948,119.979
2026-01-07T12:24:00Z,85.4005,0.60065,120.014
2026-01-07T12:25:00Z,85.3578,0.59999,119.978
2026-01-07T12:26:00Z,85.3899,0.59997,120.026
2026-01-07T12:27:00Z,85.3561,0.59968,119.988
2026-01-07T12:28:00Z,85.3965,0.60042,120.031
2026-01-07T12:29:00Z,85.3583,0.59952,119.963
2026-01-07T12:30:00Z,85.3847,0.6001,120.022
2026-01-07T12:31:00Z,85.3634,0.5995,119.953
2026-01-07T12:32:00Z,85.4051,0.60021,120.017
2026-01-07T12:33:00Z,85.3561,0.5997,119.959
2026-01-07T12:34:00Z,85.3973,0.60008,120.053
2026-01-07T12:35:00Z,85.3504,0.5996,119.965
2026-01-07T12:36:00Z,85.3911,0.60047,120.038
2026-01-07T12:37:00Z,85.377,0.59945,119.966
2026-01-07T12:38:00Z,85.3896,0.60074,120.041
2026-01-07T12:39:00Z,85.3631,0.59945,119.938
2026-01-07T12:40:00Z,85.4012,0.60098,120.006
2026-01-07T12:41:00Z,85.3657,0.59951,119.952
2026-01-07T12:42:00Z,85.3904,0.60062,120.027
2026-01-07T12:43:00Z,85.379,0.59916,119.966
2026-01-07T12:44:00Z,85.3961,0.60055,120.007
2026-01-07T12:45:00Z,85.3665,0.59965,119.957
2026-01-07T12:46:00Z,85.3973,0.60024,120.029
2026-01-07T12:47:00Z,85.3809,0.5995,119.963
2026-01-07T12:48:00Z,85.4057,0.60074,120.022